order_id,customer_id,order_timestamp,status,shipping_city,shipping_method,coupon_code
O000001,C000667,2026-04-10 05:50:36.159993,completed,Ho Chi Minh City,standard,
O000002,C000123,2026-05-21 13:05:23.159993,completed,Ho Chi Minh City,standard,
O000003,C000820,2026-06-21 11:17:40.159993,completed,Ho Chi Minh City,same_day,SAVEUPTO20
O000004,C000259,2026-02-02 06:18:19.159993,completed,Ho Chi Minh City,,
O000005,C000666,2026-06-01 22:30:40.159993,completed,Ho Chi Minh City,standard,
O000006,C000406,2026-04-16 03:16:51.159993,completed,Ho Chi Minh City,express,
O000007,C000089,2026-05-17 20:53:47.159993,completed,Ho Chi Minh City,standard,
O000008,C000970,2026-06-05 15:04:56.159993,completed,Ho Chi Minh City,standard,
O000009,C000535,2026-06-17 16:53:45.159993,cancelled,Ho Chi Minh City,express,
O000010,C000163,2026-03-18 01:52:20.159993,completed,Ho Chi Minh City,,
O000011,C000995,2026-04-11 18:20:28.159993,completed,Ho Chi Minh City,express,
O000012,C000858,2026-03-22 17:35:45.159993,completed,Ho Chi Minh City,,
O000013,C000018,2026-01-31 23:39:47.159993,completed,Ho Chi Minh City,,
O000014,C000164,2026-03-20 02:35:50.159993,completed,Da Nang,,
O000015,C000102,2026-03-23 07:45:54.159993,completed,Ho Chi Minh City,,
O000016,C000338,2026-04-28 14:11:11.159993,completed,Ho Chi Minh City,standard,
O000017,C000403,2026-03-18 12:18:30.159993,completed,Ho Chi Minh City,,
O000018,C000678,2026-05-07 20:11:34.159993,completed,Ho Chi Minh City,standard,
O000019,C000734,2026-05-17 07:35:39.159993,completed,Ho Chi Minh City,standard,SAVEUPTO20
O000020,C000617,2026-03-17 07:18:45.159993,completed,Ho Chi Minh City,,
O000021,C000442,2026-02-25 08:02:05.159993,completed,Ho Chi Minh City,,
O000022,C000955,2026-06-17 16:00:55.159993,completed,Hanoi,express,
O000023,C000375,2026-06-07 04:22:10.159993,completed,Hanoi,standard,
O000024,C000412,2026-04-11 18:07:00.159993,returned,Ho Chi Minh City,express,
O000025,C000402,2026-06-20 21:16:53.159993,returned,Ho Chi Minh City,same_day,
O000026,C000940,2026-05-27 01:07:07.159993,completed,Can Tho,standard,
O000027,C000988,2026-03-12 06:04:00.159993,completed,Ho Chi Minh City,,
O000028,C000927,2026-04-25 22:47:53.159993,completed,Ho Chi Minh City,standard,
O000029,C000587,2026-06-07 17:21:52.159993,completed,Ho Chi Minh City,standard,
O000030,C000716,2026-06-05 13:14:29.159993,returned,Hanoi,standard,
O000031,C000412,2026-05-25 06:30:43.159993,completed,Bien Hoa,same_day,SAVEUPTO20
O000032,C000020,2026-04-24 16:33:09.159993,completed,Can Tho,standard,
O000033,C000592,2026-06-13 03:55:35.159993,completed,Ho Chi Minh City,same_day,
O000034,C000798,2026-05-05 11:37:00.159993,completed,Da Nang,standard,
O000035,C000109,2026-04-10 20:47:25.159993,completed,Ho Chi Minh City,standard,
O000036,C000901,2026-02-24 08:04:46.159993,completed,Ho Chi Minh City,,
O000037,C000544,2026-03-12 01:17:01.159993,completed,Ho Chi Minh City,,
O000038,C000524,2026-06-15 23:04:31.159993,completed,Ho Chi Minh City,standard,
O000039,C000854,2026-03-17 18:33:35.159993,completed,Bien Hoa,,
O000040,C000198,2026-04-09 07:51:09.159993,completed,Ho Chi Minh City,standard,
O000041,C000969,2026-06-16 03:58:10.159993,completed,Ho Chi Minh City,standard,
O000042,C000181,2026-06-11 17:38:19.159993,completed,Ho Chi Minh City,same_day,SAVEUPTO20
O000043,C000742,2026-06-20 01:25:03.159993,completed,Ho Chi Minh City,standard,SAVEUPTO20
O000044,C000846,2026-02-02 05:38:13.159993,completed,Ho Chi Minh City,,
O000045,C000653,2026-02-01 13:16:32.159993,completed,Ho Chi Minh City,,
O000046,C000088,2026-06-19 17:08:01.159993,completed,Ho Chi Minh City,express,
O000047,C000693,2026-06-17 07:00:12.159993,cancelled,Ho Chi Minh City,same_day,
O000048,C000547,2026-03-12 17:59:19.159993,completed,Ho Chi Minh City,,
O000049,C000992,2026-06-04 06:38:54.159993,returned,Ho Chi Minh City,express,
O000050,C000204,2026-06-06 23:41:28.159993,completed,Ho Chi Minh City,standard,
O000051,C000220,2026-06-06 16:21:46.159993,completed,Ho Chi Minh City,standard,
O000052,C000302,2026-05-27 19:35:40.159993,completed,Ho Chi Minh City,express,
O000053,C000839,2026-05-14 07:37:42.159993,completed,Ho Chi Minh City,standard,
O000054,C000978,2026-05-19 03:11:03.159993,completed,Ho Chi Minh City,express,
O000055,C000969,2026-06-17 13:02:25.159993,completed,Ho Chi Minh City,express,
O000056,C000277,2026-05-07 14:38:46.159993,completed,Ho Chi Minh City,express,
O000057,C000715,2026-06-17 14:14:00.159993,completed,Ho Chi Minh City,standard,
O000058,C000684,2026-06-16 14:17:49.159993,completed,Ho Chi Minh City,standard,
O000059,C000318,2026-05-18 11:52:38.159993,completed,Ho Chi Minh City,same_day,
O000060,C000768,2026-03-28 09:41:48.159993,completed,Ho Chi Minh City,same_day,
O000061,C000656,2026-05-11 13:41:04.159993,completed,Ho Chi Minh City,same_day,
O000062,C000289,2026-05-30 06:35:25.159993,completed,Hanoi,standard,
O000063,C000345,2026-06-07 07:46:12.159993,completed,Ho Chi Minh City,standard,
O000064,C000147,2026-04-18 15:04:15.159993,returned,Ho Chi Minh City,standard,SAVEUPTO20
O000065,C000400,2026-03-07 13:50:33.159993,completed,Hanoi,,
O000066,C000773,2026-01-05 09:07:41.159993,completed,Ho Chi Minh City,,
O000067,C000587,2026-05-21 07:37:47.159993,cancelled,Ho Chi Minh City,same_day,
O000068,C000454,2026-05-08 00:00:46.159993,cancelled,Ho Chi Minh City,express,
O000069,C000835,2026-06-17 16:54:58.159993,completed,Ho Chi Minh City,standard,
O000070,C000288,2026-06-07 10:58:42.159993,completed,Ho Chi Minh City,standard,
O000071,C000188,2026-06-15 10:42:10.159993,pending,Ho Chi Minh City,standard,
O000072,C000212,2026-06-14 15:05:39.159993,completed,Ho Chi Minh City,express,SAVEUPTO20
O000073,C000438,2026-06-20 15:02:18.159993,completed,Ho Chi Minh City,standard,
O000074,C000984,2026-05-22 09:32:11.159993,completed,Ho Chi Minh City,standard,
O000075,C000554,2026-05-06 19:42:54.159993,completed,Ho Chi Minh City,standard,
O000076,C000647,2026-05-17 18:38:27.159993,completed,Ho Chi Minh City,standard,
O000077,C000843,2026-06-15 16:33:08.159993,completed,Ho Chi Minh City,standard,
O000078,C000524,2026-06-14 05:12:33.159993,completed,Ho Chi Minh City,express,
O000079,C000573,2026-06-20 16:04:33.159993,returned,Hanoi,express,
O000080,C000115,2026-04-06 08:08:07.159993,completed,Ho Chi Minh City,standard,
O000081,C000295,2026-05-04 07:38:38.159993,completed,Ho Chi Minh City,express,
O000082,C000913,2026-03-31 21:33:48.159993,cancelled,Ho Chi Minh City,express,
O000083,C000741,2026-06-21 09:46:58.159993,completed,Ho Chi Minh City,standard,
O000084,C000333,2026-03-26 21:09:23.159993,returned,Ho Chi Minh City,standard,SAVEUPTO20
O000085,C000600,2026-05-02 19:20:19.159993,returned,Ho Chi Minh City,standard,
O000086,C000791,2026-04-15 12:08:46.159993,completed,Can Tho,standard,
O000087,C000054,2026-05-05 02:41:17.159993,completed,Ho Chi Minh City,standard,
O000088,C000906,2026-06-14 15:06:51.159993,cancelled,Ho Chi Minh City,express,SAVEUPTO20
O000089,C000273,2026-03-14 23:34:38.159993,completed,Ho Chi Minh City,,
O000090,C000206,2026-03-02 16:04:43.159993,cancelled,Ho Chi Minh City,,
O000091,C000903,2026-04-04 02:17:06.159993,completed,Ho Chi Minh City,same_day,
O000092,C000978,2026-06-15 11:53:24.159993,completed,Ho Chi Minh City,express,
O000093,C000167,2026-04-08 07:11:40.159993,completed,Ho Chi Minh City,standard,
O000094,C000895,2026-05-11 15:00:47.159993,completed,Ho Chi Minh City,express,
O000095,C000549,2026-04-05 08:37:45.159993,completed,Hanoi,standard,
O000096,C000567,2026-06-19 18:24:35.159993,completed,Ho Chi Minh City,standard,SAVEUPTO20
O000097,C000472,2026-06-12 00:10:40.159993,cancelled,Ho Chi Minh City,same_day,SAVEUPTO20
O000098,C000725,2026-05-18 23:35:20.159993,completed,Ho Chi Minh City,express,
O000099,C000593,2026-05-09 22:04:03.159993,completed,Can Tho,standard,
O000100,C000278,2026-05-25 06:09:03.159993,pending,Da Nang,express,SAVEUPTO20
O000101,C000131,2026-04-11 06:20:54.159993,completed,Ho Chi Minh City,standard,SAVEUPTO20
O000102,C000724,2026-02-27 17:52:14.159993,returned,Da Nang,,
O000103,C000364,2026-06-09 03:18:44.159993,completed,Ho Chi Minh City,express,SAVEUPTO20
O000104,C000432,2026-05-30 07:20:15.159993,completed,Ho Chi Minh City,standard,
O000105,C000968,2026-06-20 04:55:33.159993,completed,Da Nang,standard,
O000106,C000326,2026-04-08 01:42:14.159993,completed,Bien Hoa,express,
O000107,C000091,2026-06-19 05:22:19.159993,completed,Ho Chi Minh City,standard,SAVEUPTO20
O000108,C000697,2026-06-21 05:32:11.159993,pending,Ho Chi Minh City,standard,
O000109,C000811,2026-06-20 16:38:57.159993,completed,Bien Hoa,standard,
O000110,C000384,2026-04-04 17:51:48.159993,completed,Ho Chi Minh City,standard,
O000111,C000868,2026-06-07 12:07:38.159993,completed,Ho Chi Minh City,express,SAVEUPTO20
O000112,C000705,2026-06-07 06:00:32.159993,completed,Can Tho,standard,SAVEUPTO20
O000113,C000229,2026-05-08 01:14:24.159993,completed,Ho Chi Minh City,express,
O000114,C000852,2026-05-22 05:42:06.159993,completed,Ho Chi Minh City,standard,
O000115,C000512,2026-06-16 06:21:20.159993,cancelled,Ho Chi Minh City,standard,
O000116,C000271,2026-03-01 09:27:11.159993,completed,Hanoi,,
O000117,C000675,2026-05-31 18:24:12.159993,completed,Can Tho,standard,
O000118,C000207,2026-05-22 22:59:13.159993,completed,Ho Chi Minh City,standard,
O000119,C000343,2026-05-15 07:34:20.159993,completed,Ho Chi Minh City,standard,
O000120,C000321,2026-05-18 18:55:34.159993,completed,Ho Chi Minh City,standard,
O000121,C000227,2026-05-31 05:58:14.159993,completed,Ho Chi Minh City,standard,
O000122,C000424,2026-04-20 15:33:44.159993,completed,Can Tho,standard,
O000123,C000988,2026-06-01 17:39:15.159993,completed,Ho Chi Minh City,standard,SAVEUPTO20
O000124,C000729,2026-04-23 00:31:00.159993,completed,Ho Chi Minh City,same_day,
O000125,C000659,2026-02-16 17:21:38.159993,completed,Ho Chi Minh City,,
O000126,C000438,2026-06-17 21:55:10.159993,completed,Ho Chi Minh City,standard,
O000127,C000645,2026-06-16 19:12:35.159993,completed,Ho Chi Minh City,same_day,
O000128,C000694,2026-06-19 16:20:39.159993,pending,Ho Chi Minh City,standard,
O000129,C000181,2026-06-21 01:24:04.159993,completed,Ho Chi Minh City,standard,
O000130,C000996,2026-06-18 09:53:52.159993,completed,Ho Chi Minh City,express,
O000131,C000156,2026-04-25 20:41:27.159993,completed,Ho Chi Minh City,standard,
O000132,C000234,2026-06-15 23:38:43.159993,completed,Ho Chi Minh City,standard,SAVEUPTO20
O000133,C000383,2026-06-15 19:55:06.159993,completed,Bien Hoa,standard,
O000134,C000759,2026-05-05 17:18:23.159993,completed,Ho Chi Minh City,standard,SAVEUPTO20
O000135,C000157,2026-06-17 07:57:49.159993,completed,Ho Chi Minh City,standard,
O000136,C000477,2026-06-18 23:41:20.159993,completed,Ho Chi Minh City,express,
O000137,C000924,2026-05-31 14:11:03.159993,returned,Ho Chi Minh City,standard,
O000138,C000419,2026-03-16 15:22:32.159993,completed,Ho Chi Minh City,,
O000139,C000885,2026-06-18 11:34:18.159993,completed,Ho Chi Minh City,standard,
O000140,C000602,2026-05-26 21:06:50.159993,pending,Can Tho,standard,SAVEUPTO20
O000141,C000809,2026-06-08 02:11:50.159993,completed,Hanoi,same_day,
O000142,C000119,2026-02-19 04:51:06.159993,completed,Da Nang,,
O000143,C000396,2026-06-04 03:08:46.159993,completed,Ho Chi Minh City,standard,
O000144,C000316,2026-05-23 04:56:54.159993,completed,Ho Chi Minh City,standard,
O000145,C000415,2026-01-16 01:10:06.159993,completed,Ho Chi Minh City,,
O000146,C000274,2026-06-16 11:28:11.159993,completed,Ho Chi Minh City,same_day,
O000147,C000390,2026-05-12 18:38:00.159993,completed,Hanoi,express,
O000148,C000611,2026-05-26 09:01:11.159993,completed,Bien Hoa,standard,
O000149,C000469,2026-06-14 05:30:33.159993,cancelled,Ho Chi Minh City,standard,
O000150,C000225,2026-06-15 08:30:39.159993,completed,Can Tho,same_day,
O000151,C000249,2026-05-26 06:10:12.159993,returned,Ho Chi Minh City,express,
O000152,C000048,2026-06-19 16:35:11.159993,completed,Da Nang,same_day,
O000153,C000002,2026-05-16 00:30:46.159993,completed,Ho Chi Minh City,standard,
O000154,C000041,2026-04-25 12:54:09.159993,completed,Ho Chi Minh City,standard,
O000155,C000272,2026-03-06 11:47:08.159993,completed,Da Nang,,
O000156,C000775,2026-05-28 12:32:27.159993,cancelled,Ho Chi Minh City,standard,SAVEUPTO20
O000157,C000965,2026-06-16 00:54:45.159993,cancelled,Ho Chi Minh City,express,SAVEUPTO20
O000158,C000684,2026-06-15 05:24:32.159993,completed,Ho Chi Minh City,standard,
O000159,C000198,2026-06-17 03:54:44.159993,completed,Ho Chi Minh City,express,
O000160,C000850,2026-04-12 12:50:22.159993,completed,Can Tho,standard,
O000161,C000152,2026-03-25 09:37:51.159993,completed,Ho Chi Minh City,standard,
O000162,C000678,2026-01-31 04:55:11.159993,pending,Ho Chi Minh City,,
O000163,C000101,2026-05-30 17:28:23.159993,completed,Ho Chi Minh City,standard,SAVEUPTO20
O000164,C000053,2026-03-26 22:38:47.159993,completed,Bien Hoa,express,SAVEUPTO20
O000165,C000339,2026-02-16 20:33:32.159993,completed,Ho Chi Minh City,,
O000166,C000702,2026-05-19 19:51:40.159993,completed,Ho Chi Minh City,standard,
O000167,C000606,2026-04-06 02:50:42.159993,completed,Ho Chi Minh City,standard,
O000168,C000547,2026-06-14 03:59:25.159993,completed,Ho Chi Minh City,standard,
O000169,C000157,2026-05-25 01:54:30.159993,completed,Ho Chi Minh City,standard,
O000170,C000962,2026-03-12 18:11:12.159993,completed,Ho Chi Minh City,,
O000171,C000858,2026-02-10 02:26:49.159993,completed,Ho Chi Minh City,,
O000172,C000230,2026-04-21 09:13:44.159993,completed,Ho Chi Minh City,standard,
O000173,C000809,2026-03-31 11:19:35.159993,cancelled,Ho Chi Minh City,same_day,SAVEUPTO20
O000174,C000078,2026-05-07 10:12:33.159993,completed,Ho Chi Minh City,express,
O000175,C000199,2026-02-24 06:23:53.159993,returned,Ho Chi Minh City,,
O000176,C000833,2026-06-01 02:53:02.159993,pending,Ho Chi Minh City,standard,SAVEUPTO20
O000177,C000765,2026-05-22 19:56:25.159993,completed,Ho Chi Minh City,standard,
O000178,C000423,2026-06-20 11:48:17.159993,completed,Ho Chi Minh City,standard,SAVEUPTO20
O000179,C000347,2026-06-20 03:04:23.159993,completed,Ho Chi Minh City,standard,
O000180,C000470,2026-06-20 22:37:19.159993,cancelled,Ho Chi Minh City,standard,
O000181,C000793,2026-05-24 13:35:48.159993,completed,Ho Chi Minh City,standard,
O000182,C000717,2026-04-13 19:17:53.159993,completed,Ho Chi Minh City,standard,
O000183,C000564,2026-05-03 11:35:01.159993,completed,Ho Chi Minh City,standard,
O000184,C000183,2026-06-09 01:00:03.159993,returned,Ho Chi Minh City,standard,
O000185,C000081,2026-06-15 00:12:33.159993,completed,Ho Chi Minh City,standard,SAVEUPTO20
O000186,C000452,2026-06-13 18:06:52.159993,completed,Ho Chi Minh City,express,
O000187,C000539,2026-05-09 10:26:02.159993,pending,Ho Chi Minh City,express,SAVEUPTO20
O000188,C000803,2026-05-15 04:18:39.159993,completed,Hanoi,express,
O000189,C000554,2026-04-09 18:45:36.159993,completed,Ho Chi Minh City,standard,
O000190,C000595,2026-04-25 06:22:08.159993,completed,Ho Chi Minh City,standard,
O000191,C000220,2026-06-20 16:29:41.159993,completed,Ho Chi Minh City,standard,
O000192,C000904,2026-06-17 04:28:40.159993,completed,Ho Chi Minh City,standard,
O000193,C000332,2026-05-23 10:51:31.159993,completed,Ho Chi Minh City,standard,SAVEUPTO20
O000194,C000866,2026-06-20 11:26:33.159993,cancelled,Ho Chi Minh City,express,
O000195,C000685,2026-04-17 16:47:49.159993,completed,Bien Hoa,express,
O000196,C000274,2026-06-17 01:35:25.159993,completed,Ho Chi Minh City,express,
O000197,C000502,2026-06-09 06:18:26.159993,completed,Ho Chi Minh City,express,
O000198,C000796,2026-03-11 09:40:15.159993,completed,Ho Chi Minh City,,
O000199,C000123,2026-05-16 02:06:22.159993,completed,Ho Chi Minh City,standard,
O000200,C000637,2026-05-18 21:58:50.159993,completed,Ho Chi Minh City,standard,SAVEUPTO20
O000201,C000282,2026-03-21 05:17:02.159993,completed,Ho Chi Minh City,,
O000202,C000122,2026-05-06 05:28:35.159993,returned,Ho Chi Minh City,express,
O000203,C000479,2026-06-11 04:58:14.159993,completed,Da Nang,standard,
O000204,C000264,2026-06-08 11:11:54.159993,completed,Ho Chi Minh City,express,
O000205,C000127,2026-01-12 20:11:01.159993,completed,Hanoi,,
O000206,C000754,2026-06-14 17:48:29.159993,completed,Ho Chi Minh City,express,
O000207,C000707,2025-12-25 00:47:17.159993,returned,Ho Chi Minh City,,
O000208,C000846,2026-03-11 06:45:39.159993,completed,Ho Chi Minh City,,
O000209,C000665,2026-05-24 02:07:43.159993,pending,Ho Chi Minh City,standard,
O000210,C000156,2026-04-28 05:23:27.159993,completed,Bien Hoa,standard,
O000211,C000738,2026-06-21 14:34:42.159993,completed,Ho Chi Minh City,same_day,SAVEUPTO20
O000212,C000705,2026-03-29 19:29:39.159993,completed,Ho Chi Minh City,same_day,
O000213,C000381,2026-06-04 03:59:39.159993,completed,Ho Chi Minh City,standard,SAVEUPTO20
O000214,C000326,2026-04-27 19:41:52.159993,completed,Can Tho,standard,
O000215,C000911,2026-06-08 11:57:23.159993,pending,Ho Chi Minh City,express,
O000216,C000184,2026-06-13 02:56:23.159993,completed,Ho Chi Minh City,express,SAVEUPTO20
O000217,C000125,2026-05-30 13:44:35.159993,cancelled,Ho Chi Minh City,standard,
O000218,C000099,2026-06-12 19:02:43.159993,completed,Ho Chi Minh City,standard,
O000219,C000973,2026-06-20 08:49:23.159993,completed,Ho Chi Minh City,express,
O000220,C000099,2026-06-20 23:31:42.159993,completed,Ho Chi Minh City,standard,
O000221,C000327,2026-06-05 05:46:09.159993,completed,Ho Chi Minh City,standard,
O000222,C000463,2026-06-17 02:45:01.159993,completed,Ho Chi Minh City,standard,SAVEUPTO20
O000223,C000803,2026-05-31 12:46:21.159993,completed,Ho Chi Minh City,express,
O000224,C000117,2026-02-08 04:34:13.159993,completed,Ho Chi Minh City,,
O000225,C000355,2026-06-20 08:42:55.159993,completed,Ho Chi Minh City,express,
O000226,C000607,2026-05-27 15:59:29.159993,completed,Can Tho,standard,
O000227,C000645,2026-05-31 22:15:56.159993,completed,Ho Chi Minh City,standard,
O000228,C000826,2026-04-24 11:29:44.159993,cancelled,Can Tho,standard,
O000229,C000060,2026-06-11 11:48:35.159993,completed,Ho Chi Minh City,standard,
O000230,C000423,2026-05-15 22:11:02.159993,completed,Ho Chi Minh City,standard,
O000231,C000886,2026-05-28 09:08:01.159993,completed,Can Tho,standard,
O000232,C000620,2026-03-13 18:31:33.159993,completed,Ho Chi Minh City,,
O000233,C000922,2026-04-09 06:12:43.159993,completed,Can Tho,standard,
O000234,C000837,2026-06-02 17:24:55.159993,completed,Ho Chi Minh City,same_day,
O000235,C000965,2026-06-14 00:57:13.159993,completed,Ho Chi Minh City,standard,
O000236,C000825,2026-05-13 02:25:31.159993,completed,Bien Hoa,standard,
O000237,C000501,2026-04-08 15:47:48.159993,completed,Ho Chi Minh City,standard,
O000238,C000314,2026-04-27 07:35:44.159993,returned,Hanoi,standard,SAVEUPTO20
O000239,C000383,2026-06-18 07:02:05.159993,cancelled,Ho Chi Minh City,standard,SAVEUPTO20
O000240,C000566,2026-05-31 07:24:22.159993,completed,Ho Chi Minh City,standard,
O000241,C000826,2026-03-12 22:18:04.159993,cancelled,Da Nang,,
O000242,C000476,2026-06-16 21:34:58.159993,pending,Hanoi,standard,
O000243,C000515,2026-06-16 11:35:01.159993,completed,Ho Chi Minh City,standard,
O000244,C000120,2026-02-28 22:51:31.159993,completed,Ho Chi Minh City,,
O000245,C000648,2026-06-03 06:01:47.159993,completed,Bien Hoa,standard,SAVEUPTO20
O000246,C000200,2026-06-20 21:31:14.159993,completed,Ho Chi Minh City,standard,
O000247,C000471,2026-06-12 20:14:31.159993,completed,Ho Chi Minh City,standard,
O000248,C000085,2026-06-02 11:01:08.159993,completed,Ho Chi Minh City,standard,
O000249,C000568,2026-04-19 23:08:55.159993,completed,Ho Chi Minh City,standard,SAVEUPTO20
O000250,C000223,2026-05-10 07:13:50.159993,completed,Ho Chi Minh City,standard,
O000251,C000700,2026-02-17 05:47:10.159993,pending,Ho Chi Minh City,,
O000252,C000958,2026-05-26 05:56:09.159993,completed,Bien Hoa,standard,
O000253,C000042,2026-06-04 17:31:56.159993,cancelled,Ho Chi Minh City,express,
O000254,C000907,2026-05-10 14:05:58.159993,completed,Ho Chi Minh City,standard,SAVEUPTO20
O000255,C000294,2026-06-01 20:22:20.159993,completed,Ho Chi Minh City,express,
O000256,C000824,2026-06-03 08:07:29.159993,completed,Can Tho,standard,
O000257,C000764,2026-06-19 08:30:46.159993,completed,Ho Chi Minh City,standard,
O000258,C000847,2026-04-21 19:45:24.159993,completed,Ho Chi Minh City,standard,
O000259,C000661,2026-04-29 02:57:08.159993,cancelled,Ho Chi Minh City,standard,
O000260,C000920,2026-06-03 08:56:26.159993,completed,Ho Chi Minh City,standard,
O000261,C000015,2026-06-13 04:59:24.159993,completed,Ho Chi Minh City,standard,
O000262,C000189,2026-03-18 01:35:33.159993,completed,Can Tho,,
O000263,C000088,2026-03-18 08:58:51.159993,completed,Ho Chi Minh City,,
O000264,C000581,2026-06-08 10:51:48.159993,completed,Ho Chi Minh City,standard,
O000265,C000062,2026-06-09 12:18:48.159993,completed,Ho Chi Minh City,same_day,
O000266,C000377,2026-05-22 07:19:30.159993,completed,Ho Chi Minh City,standard,
O000267,C000320,2026-05-13 23:05:52.159993,pending,Hanoi,standard,
O000268,C000193,2026-05-16 12:17:01.159993,completed,Ho Chi Minh City,express,
O000269,C000727,2026-06-13 20:20:28.159993,pending,Hanoi,standard,
O000270,C000137,2026-05-10 15:57:43.159993,completed,Ho Chi Minh City,standard,
O000271,C000509,2026-03-20 20:57:12.159993,completed,Ho Chi Minh City,,
O000272,C000869,2026-04-19 00:41:23.159993,returned,Ho Chi Minh City,standard,SAVEUPTO20
O000273,C000993,2026-02-13 22:21:37.159993,cancelled,Ho Chi Minh City,,
O000274,C000639,2026-06-19 23:48:50.159993,completed,Ho Chi Minh City,standard,
O000275,C000949,2026-06-19 17:41:37.159993,completed,Ho Chi Minh City,standard,
O000276,C000709,2026-03-25 02:40:19.159993,cancelled,Ho Chi Minh City,standard,
O000277,C000800,2026-05-15 16:59:43.159993,completed,Ho Chi Minh City,express,SAVEUPTO20
O000278,C000892,2026-05-04 08:19:51.159993,completed,Ho Chi Minh City,standard,
O000279,C000653,2026-02-12 09:40:26.159993,completed,Ho Chi Minh City,,
O000280,C000189,2026-02-19 09:41:22.159993,completed,Da Nang,,
O000281,C000764,2026-06-20 11:30:46.159993,completed,Ho Chi Minh City,standard,
O000282,C000993,2026-05-27 18:54:00.159993,cancelled,Ho Chi Minh City,standard,SAVEUPTO20
O000283,C000454,2026-05-30 05:28:45.159993,completed,Hanoi,standard,
O000284,C000492,2026-06-07 12:59:21.159993,completed,Bien Hoa,express,SAVEUPTO20
O000285,C000493,2026-06-02 23:32:03.159993,completed,Ho Chi Minh City,standard,
O000286,C000345,2026-06-10 18:38:31.159993,completed,Ho Chi Minh City,standard,
O000287,C000234,2026-05-29 21:43:03.159993,completed,Ho Chi Minh City,standard,
O000288,C000938,2026-06-08 07:45:06.159993,completed,Ho Chi Minh City,express,
O000289,C000399,2026-05-04 07:02:42.159993,cancelled,Ho Chi Minh City,express,
O000290,C000261,2026-05-20 15:47:06.159993,completed,Ho Chi Minh City,standard,
O000291,C000604,2026-04-13 16:53:20.159993,pending,Ho Chi Minh City,standard,
O000292,C000860,2026-06-04 17:04:02.159993,completed,Ho Chi Minh City,standard,
O000293,C000292,2026-03-05 13:13:58.159993,completed,Ho Chi Minh City,,
O000294,C000163,2026-03-25 08:02:14.159993,completed,Ho Chi Minh City,standard,
O000295,C000715,2026-06-17 03:47:24.159993,completed,Ho Chi Minh City,express,SAVEUPTO20
O000296,C000601,2026-05-09 04:25:32.159993,completed,Ho Chi Minh City,express,
O000297,C000355,2026-06-21 09:05:52.159993,completed,Ho Chi Minh City,express,
O000298,C000621,2026-06-11 00:01:04.159993,completed,Can Tho,standard,
O000299,C000899,2026-04-27 19:44:55.159993,completed,Hanoi,standard,SAVEUPTO20
O000300,C000333,2026-03-08 22:27:58.159993,completed,Ho Chi Minh City,,
O000301,C000362,2026-06-16 04:34:26.159993,completed,Ho Chi Minh City,standard,
O000302,C000612,2026-03-24 11:25:37.159993,returned,Ho Chi Minh City,express,
O000303,C000470,2026-06-14 13:10:45.159993,completed,Ho Chi Minh City,standard,
O000304,C000941,2026-04-30 17:59:41.159993,completed,Ho Chi Minh City,standard,
O000305,C000161,2026-06-20 23:36:38.159993,completed,Ho Chi Minh City,standard,
O000306,C000374,2026-03-18 17:14:55.159993,completed,Ho Chi Minh City,,
O000307,C000710,2026-04-06 03:42:30.159993,completed,Ho Chi Minh City,standard,
O000308,C000120,2026-04-30 00:28:52.159993,completed,Ho Chi Minh City,standard,
O000309,C000755,2026-04-03 12:22:59.159993,completed,Ho Chi Minh City,standard,
O000310,C000458,2026-05-26 13:02:13.159993,completed,Ho Chi Minh City,same_day,
O000311,C000415,2026-05-05 15:50:20.159993,completed,Ho Chi Minh City,standard,
O000312,C000103,2026-06-12 06:40:11.159993,completed,Ho Chi Minh City,standard,
O000313,C000216,2026-05-21 21:23:26.159993,completed,Ho Chi Minh City,standard,SAVEUPTO20
O000314,C000659,2026-04-13 11:54:36.159993,pending,Ho Chi Minh City,standard,
O000315,C000021,2026-06-15 10:08:24.159993,cancelled,Da Nang,standard,
O000316,C000740,2026-06-15 20:45:01.159993,completed,Can Tho,express,
O000317,C000540,2026-01-28 22:31:45.159993,completed,Ho Chi Minh City,,
O000318,C000036,2026-03-13 19:45:45.159993,completed,Ho Chi Minh City,,
O000319,C000804,2026-06-09 05:34:36.159993,completed,Ho Chi Minh City,express,
O000320,C000831,2026-05-10 20:29:47.159993,cancelled,Ho Chi Minh City,standard,
O000321,C000266,2026-05-02 02:19:18.159993,cancelled,Ho Chi Minh City,standard,
O000322,C000686,2026-05-18 18:23:40.159993,completed,Ho Chi Minh City,standard,
O000323,C000036,2026-04-11 07:08:06.159993,completed,Ho Chi Minh City,standard,
O000324,C000446,2026-05-12 04:18:40.159993,completed,Ho Chi Minh City,express,
O000325,C000537,2026-05-26 05:52:43.159993,cancelled,Ho Chi Minh City,standard,SAVEUPTO20
O000326,C000006,2026-05-27 17:51:19.159993,completed,Ho Chi Minh City,standard,SAVEUPTO20
O000327,C000598,2026-05-28 19:29:55.159993,completed,Ho Chi Minh City,same_day,
O000328,C000179,2026-06-19 12:54:58.159993,completed,Ho Chi Minh City,express,SAVEUPTO20
O000329,C000068,2026-03-30 15:40:17.159993,completed,Ho Chi Minh City,express,
O000330,C000456,2026-05-01 13:18:29.159993,completed,Ho Chi Minh City,standard,
O000331,C000184,2026-06-07 14:49:12.159993,completed,Da Nang,express,
O000332,C000813,2026-05-26 11:11:34.159993,cancelled,Ho Chi Minh City,standard,
O000333,C000991,2026-03-05 12:38:00.159993,completed,Ho Chi Minh City,,
O000334,C000046,2026-06-17 17:30:01.159993,completed,Ho Chi Minh City,express,
O000335,C000711,2026-05-22 09:24:17.159993,completed,Ho Chi Minh City,same_day,
O000336,C000698,2026-05-18 08:36:51.159993,returned,Ho Chi Minh City,same_day,
O000337,C000980,2026-04-19 08:17:56.159993,returned,Ho Chi Minh City,standard,
O000338,C000018,2026-05-25 19:08:47.159993,completed,Can Tho,standard,
O000339,C000996,2026-05-11 19:58:12.159993,completed,Ho Chi Minh City,express,
O000340,C000532,2026-06-20 05:31:55.159993,completed,Ho Chi Minh City,standard,
O000341,C000786,2026-04-18 16:46:00.159993,completed,Can Tho,express,
O000342,C000285,2026-04-11 21:54:30.159993,completed,Ho Chi Minh City,standard,
O000343,C000776,2026-06-16 14:37:44.159993,completed,Ho Chi Minh City,standard,
O000344,C000780,2026-06-20 05:47:57.159993,completed,Ho Chi Minh City,standard,
O000345,C000413,2026-03-30 18:02:39.159993,completed,Ho Chi Minh City,express,
O000346,C000155,2026-05-15 08:37:12.159993,cancelled,Ho Chi Minh City,standard,
O000347,C000298,2026-03-24 01:54:31.159993,completed,Ho Chi Minh City,standard,SAVEUPTO20
O000348,C000851,2026-06-20 05:24:56.159993,completed,Ho Chi Minh City,standard,
O000349,C000588,2026-04-02 04:24:10.159993,cancelled,Ho Chi Minh City,standard,
O000350,C000758,2026-06-09 00:32:13.159993,completed,Ho Chi Minh City,same_day,SAVEUPTO20
O000351,C000757,2026-05-09 17:47:03.159993,completed,Ho Chi Minh City,standard,
O000352,C000976,2026-05-22 03:14:54.159993,pending,Ho Chi Minh City,express,
O000353,C000915,2026-05-23 16:00:40.159993,completed,Ho Chi Minh City,standard,
O000354,C000547,2026-05-10 05:13:59.159993,completed,Ho Chi Minh City,standard,
O000355,C000673,2026-05-13 03:51:17.159993,completed,Can Tho,standard,
O000356,C000221,2026-04-20 08:22:58.159993,pending,Ho Chi Minh City,standard,
O000357,C000573,2026-02-21 03:38:04.159993,cancelled,Ho Chi Minh City,,
O000358,C000743,2026-05-18 23:44:08.159993,completed,Ho Chi Minh City,standard,
O000359,C000811,2026-04-29 20:22:22.159993,completed,Ho Chi Minh City,same_day,
O000360,C000536,2026-05-18 12:15:05.159993,cancelled,Ho Chi Minh City,standard,
O000361,C000748,2026-05-20 22:21:23.159993,pending,Ho Chi Minh City,same_day,
O000362,C000022,2026-06-16 02:23:16.159993,completed,Ho Chi Minh City,same_day,SAVEUPTO20
O000363,C000165,2026-03-24 17:22:30.159993,completed,Ho Chi Minh City,express,
O000364,C000181,2026-06-18 18:46:37.159993,completed,Ho Chi Minh City,standard,
O000365,C000810,2026-06-21 10:56:57.159993,completed,Ho Chi Minh City,express,
O000366,C000240,2026-05-05 22:56:00.159993,cancelled,Ho Chi Minh City,standard,
O000367,C000221,2026-03-20 19:02:37.159993,completed,Ho Chi Minh City,,
O000368,C000692,2026-05-18 15:39:08.159993,cancelled,Ho Chi Minh City,standard,SAVEUPTO20
O000369,C000283,2026-05-23 10:39:39.159993,completed,Ho Chi Minh City,standard,
O000370,C000894,2026-06-20 18:29:51.159993,completed,Ho Chi Minh City,standard,
O000371,C000497,2026-03-18 17:50:40.159993,completed,Can Tho,,
O000372,C000167,2026-04-23 14:46:25.159993,cancelled,Ho Chi Minh City,standard,SAVEUPTO20
O000373,C000666,2026-06-19 22:33:30.159993,completed,Hanoi,express,
O000374,C000452,2026-06-15 19:22:16.159993,completed,Ho Chi Minh City,standard,SAVEUPTO20
O000375,C000789,2026-04-21 05:33:06.159993,completed,Ho Chi Minh City,standard,
O000376,C000632,2026-05-21 14:01:07.159993,completed,Ho Chi Minh City,express,SAVEUPTO20
O000377,C000860,2026-06-06 10:56:39.159993,completed,Can Tho,standard,SAVEUPTO20
O000378,C000841,2026-06-17 17:53:10.159993,completed,Ho Chi Minh City,express,
O000379,C000345,2026-06-13 22:02:00.159993,completed,Ho Chi Minh City,express,
O000380,C000877,2026-04-27 12:15:33.159993,cancelled,Da Nang,standard,
O000381,C000816,2026-05-23 14:17:05.159993,completed,Ho Chi Minh City,same_day,SAVEUPTO20
O000382,C000469,2026-05-15 22:56:09.159993,completed,Ho Chi Minh City,standard,
O000383,C000611,2026-06-18 15:45:20.159993,completed,Ho Chi Minh City,standard,SAVEUPTO20
O000384,C000173,2026-05-30 07:38:13.159993,completed,Ho Chi Minh City,standard,
O000385,C000879,2026-05-25 02:08:42.159993,completed,Da Nang,standard,
O000386,C000196,2026-06-17 22:56:04.159993,completed,Ho Chi Minh City,standard,
O000387,C000338,2026-03-01 00:12:02.159993,completed,Ho Chi Minh City,,
O000388,C000642,2026-06-13 04:52:45.159993,returned,Bien Hoa,standard,
O000389,C000156,2026-05-04 20:05:28.159993,completed,Ho Chi Minh City,standard,
O000390,C000504,2026-06-19 09:21:16.159993,completed,Ho Chi Minh City,standard,
O000391,C000750,2026-02-20 02:12:48.159993,completed,Ho Chi Minh City,,
O000392,C000062,2026-05-30 14:00:28.159993,returned,Ho Chi Minh City,standard,
O000393,C000123,2026-05-30 01:39:17.159993,pending,Ho Chi Minh City,standard,SAVEUPTO20
O000394,C000953,2026-05-26 16:09:54.159993,returned,Da Nang,standard,
O000395,C000885,2026-05-25 00:41:12.159993,completed,Ho Chi Minh City,standard,
O000396,C000661,2026-05-15 07:57:50.159993,completed,Ho Chi Minh City,standard,
O000397,C000036,2026-03-08 19:48:40.159993,completed,Ho Chi Minh City,,
O000398,C000813,2026-06-05 13:47:44.159993,completed,Da Nang,standard,
O000399,C000907,2026-03-22 09:33:51.159993,completed,Ho Chi Minh City,,
O000400,C000375,2026-06-15 01:52:45.159993,completed,Ho Chi Minh City,standard,
O000401,C000487,2026-02-24 10:26:52.159993,cancelled,Can Tho,,
O000402,C000482,2026-06-13 02:56:57.159993,cancelled,Hanoi,standard,
O000403,C000265,2026-06-20 06:48:02.159993,returned,Ho Chi Minh City,express,SAVEUPTO20
O000404,C000346,2026-04-10 23:20:23.159993,completed,Ho Chi Minh City,express,
O000405,C000251,2026-02-27 22:51:50.159993,completed,Ho Chi Minh City,,
O000406,C000193,2026-04-29 23:01:36.159993,completed,Ho Chi Minh City,standard,
O000407,C000082,2026-04-10 23:11:32.159993,completed,Ho Chi Minh City,express,SAVEUPTO20
O000408,C000917,2026-04-24 05:05:43.159993,cancelled,Ho Chi Minh City,standard,
O000409,C000961,2026-03-09 22:57:40.159993,completed,Da Nang,,
O000410,C000870,2026-05-31 15:34:24.159993,completed,Ho Chi Minh City,standard,
O000411,C000598,2026-06-09 06:29:23.159993,completed,Ho Chi Minh City,standard,
O000412,C000563,2026-05-22 00:59:40.159993,returned,Ho Chi Minh City,express,
O000413,C000577,2026-06-17 00:09:18.159993,completed,Ho Chi Minh City,express,SAVEUPTO20
O000414,C000342,2026-04-09 23:31:52.159993,completed,Ho Chi Minh City,express,
O000415,C000318,2026-05-27 09:49:16.159993,completed,Ho Chi Minh City,same_day,SAVEUPTO20
O000416,C000292,2026-06-08 11:53:22.159993,cancelled,Ho Chi Minh City,same_day,
O000417,C000807,2026-05-07 02:53:58.159993,completed,Da Nang,standard,
O000418,C000131,2026-04-22 21:31:27.159993,returned,Ho Chi Minh City,express,
O000419,C000210,2026-05-21 01:00:46.159993,completed,Ho Chi Minh City,standard,
O000420,C000703,2026-04-21 12:10:30.159993,completed,Ho Chi Minh City,standard,
O000421,C000622,2026-05-02 14:12:24.159993,completed,Ho Chi Minh City,same_day,
O000422,C000045,2026-01-27 00:18:42.159993,completed,Ho Chi Minh City,,
O000423,C000775,2026-06-16 22:11:24.159993,completed,Ho Chi Minh City,standard,
O000424,C000606,2026-05-26 22:23:34.159993,completed,Ho Chi Minh City,standard,
O000425,C000675,2026-06-17 00:35:47.159993,completed,Ho Chi Minh City,standard,SAVEUPTO20
O000426,C000752,2026-04-30 15:08:54.159993,completed,Da Nang,standard,
O000427,C000531,2026-05-09 00:38:43.159993,completed,Ho Chi Minh City,standard,
O000428,C000006,2026-06-20 05:16:41.159993,completed,Ho Chi Minh City,express,SAVEUPTO20
O000429,C000314,2026-04-02 17:48:38.159993,returned,Ho Chi Minh City,standard,
O000430,C000626,2026-04-17 17:08:20.159993,pending,Ho Chi Minh City,standard,
O000431,C000047,2026-05-25 21:21:25.159993,completed,Da Nang,standard,
O000432,C000630,2026-05-04 08:03:08.159993,completed,Can Tho,express,SAVEUPTO20
O000433,C000138,2026-04-27 17:44:29.159993,completed,Ho Chi Minh City,standard,
O000434,C000088,2026-03-10 18:51:25.159993,cancelled,Ho Chi Minh City,,
O000435,C000523,2026-06-16 00:17:18.159993,completed,Can Tho,standard,
O000436,C000725,2026-05-23 13:24:04.159993,completed,Hanoi,standard,SAVEUPTO20
O000437,C000270,2026-04-18 00:30:21.159993,returned,Ho Chi Minh City,standard,
O000438,C000210,2026-06-16 14:10:45.159993,completed,Ho Chi Minh City,standard,
O000439,C000272,2026-06-15 21:37:00.159993,completed,Ho Chi Minh City,standard,
O000440,C000446,2026-06-03 03:12:54.159993,completed,Ho Chi Minh City,standard,
O000441,C000686,2026-05-16 20:59:02.159993,completed,Ho Chi Minh City,express,
O000442,C000267,2026-05-16 23:07:32.159993,completed,Ho Chi Minh City,standard,
O000443,C000088,2026-04-01 09:38:27.159993,completed,Ho Chi Minh City,standard,SAVEUPTO20
O000444,C000108,2026-04-22 21:33:57.159993,completed,Ho Chi Minh City,express,
O000445,C000239,2026-03-26 21:38:46.159993,completed,Ho Chi Minh City,standard,
O000446,C000788,2026-05-10 16:56:46.159993,pending,Ho Chi Minh City,standard,
O000447,C000815,2026-06-15 13:24:36.159993,completed,Ho Chi Minh City,standard,
O000448,C000674,2026-04-20 01:19:56.159993,completed,Ho Chi Minh City,standard,
O000449,C000290,2026-03-21 20:03:25.159993,pending,Ho Chi Minh City,,
O000450,C000795,2026-03-14 07:40:42.159993,pending,Ho Chi Minh City,,
O000451,C000747,2026-05-21 17:56:30.159993,completed,Ho Chi Minh City,standard,
O000452,C000451,2026-06-17 04:44:10.159993,cancelled,Ho Chi Minh City,standard,
O000453,C000603,2026-06-19 05:51:54.159993,completed,Ho Chi Minh City,express,SAVEUPTO20
O000454,C000277,2026-06-17 11:46:30.159993,cancelled,Ho Chi Minh City,standard,
O000455,C000917,2026-06-13 00:50:25.159993,completed,Ho Chi Minh City,standard,
O000456,C000690,2026-05-24 08:14:18.159993,completed,Ho Chi Minh City,standard,
O000457,C000923,2026-06-10 13:01:56.159993,completed,Ho Chi Minh City,standard,
O000458,C000358,2026-06-18 07:35:12.159993,cancelled,Can Tho,express,SAVEUPTO20
O000459,C000201,2026-04-03 13:55:31.159993,completed,Ho Chi Minh City,standard,
O000460,C000687,2026-04-03 14:20:16.159993,completed,Ho Chi Minh City,express,
O000461,C000499,2026-06-14 15:27:57.159993,completed,Ho Chi Minh City,standard,
O000462,C000136,2026-05-02 15:20:07.159993,completed,Ho Chi Minh City,standard,SAVEUPTO20
O000463,C000420,2026-05-26 22:41:57.159993,completed,Ho Chi Minh City,standard,
O000464,C000350,2026-06-08 12:17:27.159993,completed,Ho Chi Minh City,standard,
O000465,C000714,2026-05-30 11:23:36.159993,completed,Ho Chi Minh City,express,
O000466,C000843,2026-06-18 17:20:41.159993,completed,Ho Chi Minh City,same_day,
O000467,C000021,2026-06-16 15:51:11.159993,pending,Ho Chi Minh City,same_day,
O000468,C000262,2026-03-02 23:05:54.159993,completed,Ho Chi Minh City,,
O000469,C000462,2026-02-22 10:15:20.159993,completed,Hanoi,,
O000470,C000204,2026-04-30 15:52:02.159993,pending,Ho Chi Minh City,express,
O000471,C000276,2026-06-10 12:14:08.159993,completed,Ho Chi Minh City,standard,
O000472,C000387,2026-01-11 09:25:21.159993,completed,Ho Chi Minh City,,
O000473,C000178,2026-03-22 19:18:24.159993,cancelled,Ho Chi Minh City,,
O000474,C000397,2026-04-20 11:43:50.159993,completed,Ho Chi Minh City,same_day,SAVEUPTO20
O000475,C000344,2026-06-19 09:51:14.159993,completed,Ho Chi Minh City,standard,
O000476,C000128,2026-05-15 00:07:30.159993,completed,Ho Chi Minh City,express,
O000477,C000699,2026-03-10 22:40:14.159993,completed,Ho Chi Minh City,,
O000478,C000463,2026-05-24 02:36:35.159993,completed,Ho Chi Minh City,standard,
O000479,C000514,2026-06-08 08:39:51.159993,completed,Ho Chi Minh City,express,
O000480,C000254,2026-06-16 01:36:55.159993,completed,Ho Chi Minh City,express,
O000481,C000425,2026-05-21 09:01:06.159993,completed,Ho Chi Minh City,standard,
O000482,C000992,2026-05-12 22:03:50.159993,completed,Ho Chi Minh City,standard,
O000483,C000487,2026-06-12 10:37:18.159993,completed,Hanoi,standard,
O000484,C000442,2026-03-29 20:03:50.159993,completed,Ho Chi Minh City,express,
O000485,C000799,2026-05-29 13:13:01.159993,completed,Ho Chi Minh City,standard,
O000486,C000258,2026-04-18 13:07:27.159993,completed,Ho Chi Minh City,express,
O000487,C000353,2026-05-31 01:50:21.159993,completed,Ho Chi Minh City,standard,SAVEUPTO20
O000488,C000051,2026-05-14 15:07:35.159993,pending,Ho Chi Minh City,standard,
O000489,C000282,2026-04-18 00:51:49.159993,completed,Ho Chi Minh City,standard,
O000490,C000810,2026-06-21 07:56:19.159993,returned,Ho Chi Minh City,same_day,
O000491,C000082,2026-05-13 06:28:16.159993,completed,Ho Chi Minh City,standard,
O000492,C000446,2026-05-13 23:36:15.159993,completed,Ho Chi Minh City,standard,
O000493,C000027,2026-04-19 16:35:26.159993,completed,Ho Chi Minh City,standard,
O000494,C000234,2026-06-11 12:51:32.159993,completed,Ho Chi Minh City,express,
O000495,C000340,2026-06-17 16:03:41.159993,completed,Ho Chi Minh City,same_day,
O000496,C000231,2026-03-25 07:34:27.159993,cancelled,Ho Chi Minh City,express,SAVEUPTO20
O000497,C000898,2026-01-02 12:53:10.159993,completed,Ho Chi Minh City,,
O000498,C000720,2026-05-09 21:47:58.159993,completed,Ho Chi Minh City,standard,
O000499,C000018,2026-05-26 05:36:44.159993,completed,Ho Chi Minh City,standard,
O000500,C000566,2026-05-25 03:28:05.159993,pending,Ho Chi Minh City,express,
O000501,C000139,2026-05-03 04:27:31.159993,completed,Hanoi,standard,
O000502,C000429,2026-03-15 23:50:06.159993,cancelled,Ho Chi Minh City,,
O000503,C000135,2026-05-31 11:10:16.159993,completed,Ho Chi Minh City,standard,SAVEUPTO20
O000504,C000127,2026-05-17 14:44:17.159993,completed,Ho Chi Minh City,express,
O000505,C000462,2026-03-07 04:34:14.159993,completed,Ho Chi Minh City,,
O000506,C000096,2026-03-06 22:10:19.159993,completed,Ho Chi Minh City,,
O000507,C000852,2026-06-03 09:12:58.159993,completed,Ho Chi Minh City,express,
O000508,C000367,2026-05-27 03:01:49.159993,cancelled,Ho Chi Minh City,same_day,SAVEUPTO20
O000509,C000176,2026-05-06 21:22:33.159993,completed,Ho Chi Minh City,standard,SAVEUPTO20
O000510,C000103,2026-06-04 13:50:32.159993,completed,Ho Chi Minh City,standard,SAVEUPTO20
O000511,C000448,2026-06-19 22:59:11.159993,completed,Hanoi,same_day,SAVEUPTO20
O000512,C000008,2026-06-18 00:06:29.159993,completed,Ho Chi Minh City,standard,
O000513,C000479,2026-05-27 00:09:00.159993,completed,Ho Chi Minh City,standard,
O000514,C000794,2026-06-06 12:20:30.159993,completed,Ho Chi Minh City,standard,
O000515,C000827,2026-05-24 01:14:57.159993,completed,Ho Chi Minh City,express,
O000516,C000170,2026-04-19 23:59:17.159993,pending,Ho Chi Minh City,standard,
O000517,C000981,2026-04-08 21:01:09.159993,completed,Ho Chi Minh City,standard,
O000518,C000783,2026-05-27 00:02:56.159993,completed,Ho Chi Minh City,express,
O000519,C000352,2026-02-26 12:48:50.159993,completed,Ho Chi Minh City,,
O000520,C000317,2026-05-27 10:33:10.159993,completed,Ho Chi Minh City,standard,
O000521,C000239,2026-06-05 16:41:10.159993,completed,Ho Chi Minh City,standard,SAVEUPTO20
O000522,C000474,2026-06-05 06:31:12.159993,completed,Da Nang,standard,SAVEUPTO20
O000523,C000961,2026-04-06 18:30:54.159993,completed,Ho Chi Minh City,standard,
O000524,C000798,2026-05-10 11:57:29.159993,completed,Ho Chi Minh City,standard,
O000525,C000496,2026-05-08 14:42:43.159993,returned,Ho Chi Minh City,express,
O000526,C000604,2026-03-26 17:05:49.159993,pending,Ho Chi Minh City,standard,
O000527,C000900,2026-05-14 07:01:51.159993,completed,Ho Chi Minh City,standard,
O000528,C000464,2026-05-15 13:19:27.159993,completed,Ho Chi Minh City,express,
O000529,C000572,2026-04-28 01:57:31.159993,completed,Ho Chi Minh City,standard,
O000530,C000282,2026-04-29 21:47:14.159993,completed,Ho Chi Minh City,standard,
O000531,C000922,2026-04-07 05:51:26.159993,returned,Ho Chi Minh City,standard,
O000532,C000058,2026-04-21 11:59:25.159993,completed,Ho Chi Minh City,standard,
O000533,C000782,2026-05-17 05:58:18.159993,completed,Ho Chi Minh City,standard,
O000534,C000739,2026-06-04 03:03:19.159993,completed,Ho Chi Minh City,standard,
O000535,C000477,2026-06-14 15:45:16.159993,completed,Ho Chi Minh City,standard,
O000536,C000820,2026-06-21 11:27:46.159993,completed,Ho Chi Minh City,express,
O000537,C000396,2026-06-10 05:07:51.159993,completed,Ho Chi Minh City,standard,
O000538,C000273,2026-03-11 15:09:32.159993,completed,Ho Chi Minh City,,
O000539,C000332,2026-03-16 04:07:00.159993,completed,Ho Chi Minh City,,
O000540,C000286,2026-06-13 07:08:07.159993,completed,Ho Chi Minh City,express,
O000541,C000566,2026-02-22 17:40:48.159993,cancelled,Ho Chi Minh City,,
O000542,C000825,2026-04-18 04:10:10.159993,completed,Can Tho,same_day,
O000543,C000283,2026-05-28 08:53:15.159993,cancelled,Ho Chi Minh City,express,
O000544,C000014,2026-05-26 01:29:01.159993,completed,Ho Chi Minh City,standard,
O000545,C000203,2026-06-01 05:36:50.159993,completed,Ho Chi Minh City,express,
O000546,C000040,2026-05-28 08:59:26.159993,completed,Ho Chi Minh City,express,SAVEUPTO20
O000547,C000891,2026-01-17 09:28:19.159993,completed,Ho Chi Minh City,,
O000548,C000843,2026-06-10 10:50:47.159993,completed,Ho Chi Minh City,standard,
O000549,C000104,2026-01-10 12:55:28.159993,completed,Ho Chi Minh City,,
O000550,C000381,2026-04-08 17:34:42.159993,completed,Ho Chi Minh City,express,
O000551,C000338,2026-05-03 10:38:45.159993,completed,Ho Chi Minh City,standard,
O000552,C000374,2026-06-06 23:43:17.159993,completed,Ho Chi Minh City,standard,
O000553,C000364,2026-06-04 10:26:23.159993,completed,Ho Chi Minh City,express,
O000554,C000337,2026-06-18 22:51:03.159993,completed,Ho Chi Minh City,standard,
O000555,C000557,2026-05-07 02:54:49.159993,completed,Ho Chi Minh City,standard,
O000556,C000282,2026-04-12 10:40:35.159993,completed,Ho Chi Minh City,standard,
O000557,C000694,2026-06-11 22:04:16.159993,returned,Ho Chi Minh City,standard,
O000558,C000684,2026-06-15 14:58:35.159993,completed,Da Nang,express,
O000559,C000033,2026-01-18 01:17:15.159993,pending,Ho Chi Minh City,,
O000560,C000120,2026-03-06 16:20:24.159993,completed,Ho Chi Minh City,,
O000561,C000808,2026-03-27 07:26:03.159993,completed,Ho Chi Minh City,standard,SAVEUPTO20
O000562,C000873,2026-04-25 23:55:44.159993,completed,Da Nang,same_day,
O000563,C000427,2026-06-15 14:43:20.159993,completed,Ho Chi Minh City,standard,
O000564,C000994,2026-03-21 16:21:14.159993,pending,Ho Chi Minh City,,
O000565,C000198,2026-04-16 04:30:50.159993,completed,Ho Chi Minh City,standard,
O000566,C000804,2026-06-07 01:40:08.159993,pending,Ho Chi Minh City,standard,
O000567,C000121,2026-06-03 09:05:14.159993,cancelled,Ho Chi Minh City,standard,
O000568,C000218,2026-05-21 08:59:25.159993,completed,Ho Chi Minh City,same_day,
O000569,C000307,2026-05-13 17:58:48.159993,cancelled,Ho Chi Minh City,standard,
O000570,C000755,2026-05-16 17:51:36.159993,completed,Ho Chi Minh City,standard,SAVEUPTO20
O000571,C000018,2026-06-13 23:21:44.159993,completed,Ho Chi Minh City,express,SAVEUPTO20
O000572,C000845,2026-02-19 21:15:24.159993,completed,Ho Chi Minh City,,
O000573,C000627,2026-03-09 11:42:48.159993,completed,Ho Chi Minh City,,
O000574,C000115,2026-05-05 19:41:46.159993,completed,Ho Chi Minh City,standard,
O000575,C000583,2026-04-15 08:41:30.159993,completed,Ho Chi Minh City,express,
O000576,C000613,2026-06-20 10:54:58.159993,pending,Ho Chi Minh City,same_day,SAVEUPTO20
O000577,C000260,2026-05-28 11:47:49.159993,completed,Ho Chi Minh City,standard,
O000578,C000137,2026-04-16 14:38:28.159993,completed,Da Nang,standard,SAVEUPTO20
O000579,C000707,2025-12-25 04:16:11.159993,completed,Ho Chi Minh City,,
O000580,C000651,2026-04-18 04:35:39.159993,completed,Ho Chi Minh City,standard,
O000581,C000933,2026-02-14 19:26:47.159993,completed,Ho Chi Minh City,,
O000582,C000171,2026-04-28 04:58:08.159993,cancelled,Da Nang,express,
O000583,C000986,2026-05-22 21:48:14.159993,completed,Ho Chi Minh City,standard,SAVEUPTO20
O000584,C000110,2026-05-04 23:05:37.159993,completed,Ho Chi Minh City,standard,
O000585,C000075,2026-06-12 13:03:28.159993,completed,Ho Chi Minh City,same_day,
O000586,C000361,2026-05-28 04:43:54.159993,completed,Ho Chi Minh City,standard,
O000587,C000405,2026-04-25 23:05:45.159993,completed,Ho Chi Minh City,standard,SAVEUPTO20
O000588,C000321,2026-02-26 17:19:30.159993,pending,Ho Chi Minh City,,
O000589,C000771,2026-05-04 04:46:45.159993,completed,Ho Chi Minh City,standard,
O000590,C000601,2026-05-14 22:57:04.159993,cancelled,Ho Chi Minh City,standard,
O000591,C000577,2026-06-12 20:32:37.159993,completed,Ho Chi Minh City,standard,
O000592,C000525,2026-03-24 05:40:23.159993,completed,Ho Chi Minh City,same_day,SAVEUPTO20
O000593,C000866,2026-05-14 01:26:14.159993,completed,Ho Chi Minh City,standard,
O000594,C000803,2026-06-02 10:04:30.159993,completed,Ho Chi Minh City,standard,
O000595,C000692,2026-05-23 15:05:23.159993,completed,Ho Chi Minh City,standard,SAVEUPTO20
O000596,C000317,2026-06-17 16:07:19.159993,completed,Ho Chi Minh City,standard,
O000597,C000054,2026-04-20 08:16:28.159993,cancelled,Ho Chi Minh City,standard,
O000598,C000069,2026-01-18 00:35:22.159993,completed,Da Nang,,
O000599,C000852,2026-05-24 17:15:18.159993,completed,Ho Chi Minh City,standard,
O000600,C000720,2026-05-20 13:58:25.159993,completed,Ho Chi Minh City,standard,SAVEUPTO20
O000601,C000030,2026-04-25 10:48:32.159993,completed,Ho Chi Minh City,standard,
O000602,C000308,2026-05-06 15:22:23.159993,completed,Can Tho,same_day,
O000603,C000554,2026-04-21 18:27:55.159993,completed,Ho Chi Minh City,standard,
O000604,C000465,2026-06-05 04:36:54.159993,completed,Ho Chi Minh City,standard,
O000605,C000105,2026-05-27 00:27:23.159993,completed,Can Tho,standard,SAVEUPTO20
O000606,C000136,2026-04-17 06:43:15.159993,completed,Ho Chi Minh City,standard,
O000607,C000769,2026-03-29 16:06:24.159993,completed,Ho Chi Minh City,standard,
O000608,C000139,2026-05-28 23:00:39.159993,pending,Ho Chi Minh City,standard,
O000609,C000159,2026-03-29 18:31:21.159993,completed,Ho Chi Minh City,express,
O000610,C000413,2026-03-02 08:51:10.159993,completed,Ho Chi Minh City,,
O000611,C000883,2026-06-05 01:18:56.159993,completed,Can Tho,express,
O000612,C000861,2026-06-16 04:08:33.159993,completed,Ho Chi Minh City,standard,
O000613,C000351,2026-06-18 21:03:29.159993,completed,Ho Chi Minh City,same_day,
O000614,C000087,2026-02-02 17:56:13.159993,completed,Ho Chi Minh City,,
O000615,C000781,2026-06-12 08:30:03.159993,completed,Ho Chi Minh City,standard,
O000616,C000480,2026-03-01 00:25:42.159993,cancelled,Ho Chi Minh City,,
O000617,C000927,2026-05-05 11:44:33.159993,completed,Ho Chi Minh City,express,
O000618,C000117,2026-04-29 15:57:30.159993,completed,Ho Chi Minh City,standard,
O000619,C000185,2026-04-05 12:44:13.159993,pending,Da Nang,standard,SAVEUPTO20
O000620,C000319,2026-06-19 16:45:09.159993,completed,Can Tho,standard,
O000621,C000944,2026-06-01 17:54:53.159993,returned,Ho Chi Minh City,standard,
O000622,C000848,2026-03-13 04:31:41.159993,completed,Ho Chi Minh City,,
O000623,C000538,2026-03-22 15:10:36.159993,completed,Ho Chi Minh City,,
O000624,C000848,2026-05-19 21:11:07.159993,completed,Da Nang,standard,
O000625,C000348,2026-06-15 04:06:11.159993,completed,Ho Chi Minh City,standard,
O000626,C000257,2026-06-07 01:46:21.159993,cancelled,Ho Chi Minh City,standard,SAVEUPTO20
O000627,C000896,2026-06-09 14:01:07.159993,completed,Ho Chi Minh City,standard,
O000628,C000885,2026-06-10 09:27:02.159993,completed,Ho Chi Minh City,express,
O000629,C000704,2026-03-12 16:22:28.159993,completed,Ho Chi Minh City,,
O000630,C000589,2026-06-18 10:48:15.159993,completed,Ho Chi Minh City,standard,
O000631,C000387,2026-05-02 07:10:36.159993,completed,Ho Chi Minh City,express,SAVEUPTO20
O000632,C000551,2026-06-05 17:43:44.159993,cancelled,Ho Chi Minh City,standard,
O000633,C000953,2026-04-27 18:19:05.159993,completed,Ho Chi Minh City,standard,
O000634,C000973,2026-05-30 14:50:01.159993,completed,Ho Chi Minh City,express,SAVEUPTO20
O000635,C000055,2026-06-12 22:50:20.159993,completed,Ho Chi Minh City,standard,
O000636,C000629,2026-06-02 12:00:07.159993,completed,Ho Chi Minh City,standard,
O000637,C000059,2026-05-23 02:53:03.159993,completed,Ho Chi Minh City,standard,
O000638,C000416,2026-06-18 13:23:10.159993,cancelled,Ho Chi Minh City,standard,
O000639,C000367,2026-05-31 04:22:00.159993,completed,Ho Chi Minh City,standard,SAVEUPTO20
O000640,C000479,2026-06-16 06:50:31.159993,completed,Ho Chi Minh City,standard,
O000641,C000054,2026-03-31 00:32:19.159993,completed,Ho Chi Minh City,standard,SAVEUPTO20
O000642,C000978,2026-04-21 18:19:01.159993,completed,Can Tho,standard,
O000643,C000285,2026-06-20 04:09:36.159993,completed,Ho Chi Minh City,standard,
O000644,C000454,2026-03-28 18:28:01.159993,completed,Ho Chi Minh City,express,
O000645,C000369,2026-06-18 15:41:56.159993,completed,Ho Chi Minh City,standard,SAVEUPTO20
O000646,C000249,2026-06-07 09:32:29.159993,completed,Da Nang,express,
O000647,C000821,2026-02-20 14:42:15.159993,completed,Ho Chi Minh City,,
O000648,C000489,2026-06-17 04:28:31.159993,completed,Ho Chi Minh City,standard,
O000649,C000848,2026-05-25 18:51:26.159993,completed,Hanoi,standard,SAVEUPTO20
O000650,C000215,2026-05-24 08:40:17.159993,completed,Ho Chi Minh City,express,
O000651,C000536,2026-03-28 14:51:16.159993,completed,Ho Chi Minh City,express,
O000652,C000537,2026-05-08 16:58:38.159993,returned,Ho Chi Minh City,express,
O000653,C000943,2026-06-17 16:59:34.159993,pending,Ho Chi Minh City,standard,
O000654,C000860,2026-06-14 17:23:28.159993,completed,Ho Chi Minh City,standard,SAVEUPTO20
O000655,C000994,2026-04-29 21:39:26.159993,completed,Ho Chi Minh City,standard,SAVEUPTO20
O000656,C000051,2026-05-23 09:06:46.159993,completed,Ho Chi Minh City,standard,
O000657,C000269,2026-05-22 06:06:48.159993,cancelled,Ho Chi Minh City,same_day,
O000658,C000192,2026-04-22 15:31:14.159993,completed,Ho Chi Minh City,same_day,
O000659,C000837,2026-06-05 09:16:51.159993,completed,Ho Chi Minh City,same_day,
O000660,C000745,2026-05-21 15:46:09.159993,completed,Ho Chi Minh City,standard,SAVEUPTO20
O000661,C000090,2026-06-05 00:04:21.159993,completed,Ho Chi Minh City,standard,
O000662,C000184,2026-06-18 12:56:28.159993,completed,Ho Chi Minh City,express,
O000663,C000261,2026-06-05 14:51:26.159993,completed,Ho Chi Minh City,standard,
O000664,C000206,2026-02-12 06:34:47.159993,completed,Ho Chi Minh City,,
O000665,C000722,2026-06-16 09:57:20.159993,completed,Ho Chi Minh City,standard,SAVEUPTO20
O000666,C000590,2026-06-20 15:02:16.159993,completed,Ho Chi Minh City,express,
O000667,C000539,2026-04-20 03:41:32.159993,completed,Ho Chi Minh City,standard,
O000668,C000495,2026-04-07 12:30:57.159993,cancelled,Ho Chi Minh City,standard,
O000669,C000837,2026-05-23 21:41:36.159993,completed,Ho Chi Minh City,standard,
O000670,C000032,2026-02-24 04:34:44.159993,completed,Ho Chi Minh City,,
O000671,C000226,2026-03-15 05:21:38.159993,cancelled,Ho Chi Minh City,,
O000672,C000126,2026-06-07 19:02:16.159993,completed,Ho Chi Minh City,standard,
O000673,C000827,2026-05-28 04:13:42.159993,completed,Ho Chi Minh City,standard,
O000674,C000772,2026-06-20 12:26:51.159993,completed,Ho Chi Minh City,standard,
O000675,C000314,2026-04-18 11:28:07.159993,completed,Ho Chi Minh City,standard,
O000676,C000444,2026-05-02 11:22:45.159993,completed,Ho Chi Minh City,standard,
O000677,C000880,2026-05-24 09:09:31.159993,completed,Ho Chi Minh City,standard,
O000678,C000268,2026-05-03 15:03:36.159993,completed,Ho Chi Minh City,express,
O000679,C000380,2026-05-04 12:05:42.159993,completed,Ho Chi Minh City,standard,
O000680,C000265,2026-06-21 11:42:13.159993,completed,Ho Chi Minh City,standard,
O000681,C000229,2026-05-05 22:32:51.159993,completed,Ho Chi Minh City,standard,
O000682,C000679,2026-05-29 14:04:28.159993,completed,Ho Chi Minh City,standard,
O000683,C000059,2026-06-09 18:40:52.159993,completed,Ho Chi Minh City,standard,
O000684,C000675,2026-06-12 20:24:59.159993,completed,Ho Chi Minh City,standard,
O000685,C000133,2026-01-27 03:46:54.159993,completed,Ho Chi Minh City,,
O000686,C000707,2026-03-22 13:19:13.159993,completed,Bien Hoa,,
O000687,C000921,2026-06-20 14:30:37.159993,completed,Ho Chi Minh City,standard,
O000688,C000651,2026-04-09 14:38:42.159993,completed,Ho Chi Minh City,same_day,
O000689,C000203,2026-03-31 07:29:14.159993,completed,Ho Chi Minh City,express,
O000690,C000479,2026-05-05 22:31:28.159993,completed,Ho Chi Minh City,same_day,
O000691,C000253,2026-03-06 02:52:26.159993,completed,Ho Chi Minh City,,
O000692,C000408,2026-06-07 16:13:59.159993,completed,Ho Chi Minh City,standard,
O000693,C000243,2026-02-22 16:17:13.159993,completed,Ho Chi Minh City,,
O000694,C000271,2026-04-26 05:47:59.159993,returned,Ho Chi Minh City,same_day,
O000695,C000691,2026-06-21 06:47:13.159993,completed,Ho Chi Minh City,standard,
O000696,C000223,2026-06-11 08:14:54.159993,completed,Ho Chi Minh City,standard,
O000697,C000980,2026-04-14 09:01:59.159993,completed,Ho Chi Minh City,standard,SAVEUPTO20
O000698,C000908,2026-06-21 09:23:44.159993,completed,Ho Chi Minh City,standard,
O000699,C000251,2026-05-25 15:39:34.159993,completed,Hanoi,standard,SAVEUPTO20
O000700,C000037,2026-05-27 11:13:46.159993,completed,Ho Chi Minh City,standard,SAVEUPTO20
O000701,C000251,2026-02-01 08:42:51.159993,completed,Ho Chi Minh City,,
O000702,C000684,2026-06-16 18:38:19.159993,completed,Ho Chi Minh City,express,
O000703,C000494,2026-05-27 16:37:00.159993,completed,Ho Chi Minh City,standard,
O000704,C000227,2026-05-21 23:14:34.159993,cancelled,Da Nang,standard,
O000705,C000485,2026-03-21 21:22:41.159993,completed,Ho Chi Minh City,,
O000706,C000461,2026-06-02 23:25:45.159993,completed,Ho Chi Minh City,standard,
O000707,C000691,2026-06-21 06:20:06.159993,completed,Ho Chi Minh City,express,SAVEUPTO20
O000708,C000946,2026-06-20 07:20:19.159993,returned,Ho Chi Minh City,express,
O000709,C000970,2026-01-26 13:27:06.159993,completed,Ho Chi Minh City,,
O000710,C000959,2026-06-17 03:04:52.159993,pending,Ho Chi Minh City,standard,
O000711,C000359,2026-03-25 13:28:34.159993,completed,Ho Chi Minh City,same_day,
O000712,C000248,2026-04-06 22:45:05.159993,pending,Ho Chi Minh City,standard,SAVEUPTO20
O000713,C000457,2026-06-14 16:38:37.159993,completed,Ho Chi Minh City,standard,
O000714,C000048,2026-06-07 05:09:40.159993,completed,Ho Chi Minh City,standard,
O000715,C000087,2026-05-16 00:25:11.159993,completed,Ho Chi Minh City,express,SAVEUPTO20
O000716,C000971,2026-05-16 16:39:02.159993,completed,Ho Chi Minh City,standard,
O000717,C000399,2026-02-15 13:36:40.159993,completed,Ho Chi Minh City,,
O000718,C000670,2026-05-26 06:43:32.159993,completed,Ho Chi Minh City,standard,
O000719,C000333,2026-03-10 08:18:41.159993,completed,Ho Chi Minh City,,
O000720,C000831,2026-02-12 07:42:56.159993,completed,Ho Chi Minh City,,
O000721,C000515,2026-06-21 04:41:26.159993,completed,Ho Chi Minh City,express,SAVEUPTO20
O000722,C000830,2026-01-13 15:02:56.159993,completed,Ho Chi Minh City,,
O000723,C000634,2026-03-18 02:53:22.159993,completed,Can Tho,,
O000724,C000448,2026-06-20 09:39:50.159993,completed,Ho Chi Minh City,standard,
O000725,C000340,2026-06-19 13:07:00.159993,completed,Ho Chi Minh City,standard,
O000726,C000604,2026-05-23 01:32:16.159993,completed,Ho Chi Minh City,standard,
O000727,C000225,2026-06-04 14:45:52.159993,completed,Ho Chi Minh City,express,
O000728,C000222,2026-05-18 12:28:01.159993,completed,Ho Chi Minh City,standard,
O000729,C000026,2026-05-11 05:40:42.159993,completed,Ho Chi Minh City,standard,
O000730,C000243,2026-06-09 10:30:29.159993,completed,Ho Chi Minh City,standard,SAVEUPTO20
O000731,C000562,2026-06-13 12:02:51.159993,pending,Ho Chi Minh City,standard,
O000732,C000523,2026-02-25 08:11:17.159993,completed,Ho Chi Minh City,,
O000733,C000008,2026-06-01 03:19:46.159993,completed,Ho Chi Minh City,standard,
O000734,C000874,2026-05-27 01:42:38.159993,completed,Ho Chi Minh City,express,
O000735,C000885,2026-06-06 13:06:50.159993,cancelled,Ho Chi Minh City,standard,
O000736,C000395,2026-05-19 13:06:06.159993,completed,Ho Chi Minh City,express,
O000737,C000005,2026-05-31 06:55:49.159993,completed,Ho Chi Minh City,standard,
O000738,C000310,2026-04-15 22:20:03.159993,cancelled,Ho Chi Minh City,standard,SAVEUPTO20
O000739,C000910,2026-04-10 19:20:44.159993,completed,Ho Chi Minh City,standard,SAVEUPTO20
O000740,C000481,2026-05-16 13:21:55.159993,completed,Ho Chi Minh City,standard,
O000741,C000812,2026-06-16 05:42:18.159993,completed,Ho Chi Minh City,same_day,
O000742,C000116,2026-04-05 13:59:28.159993,completed,Ho Chi Minh City,express,
O000743,C000989,2026-03-07 22:17:16.159993,completed,Can Tho,,
O000744,C000528,2026-02-24 08:48:09.159993,completed,Ho Chi Minh City,,
O000745,C000741,2026-05-23 20:22:49.159993,completed,Ho Chi Minh City,standard,
O000746,C000713,2026-05-17 00:31:51.159993,completed,Ho Chi Minh City,standard,
O000747,C000574,2026-01-11 01:25:13.159993,completed,Ho Chi Minh City,,
O000748,C000475,2026-05-25 08:08:39.159993,completed,Ho Chi Minh City,standard,
O000749,C000821,2026-05-20 03:07:38.159993,cancelled,Ho Chi Minh City,express,
O000750,C000792,2026-05-11 04:36:52.159993,completed,Ho Chi Minh City,same_day,
O000751,C000385,2026-03-01 02:44:30.159993,completed,Can Tho,,
O000752,C000204,2026-05-27 20:12:46.159993,cancelled,Ho Chi Minh City,standard,
O000753,C000064,2026-06-17 22:12:40.159993,pending,Ho Chi Minh City,standard,
O000754,C000739,2026-05-06 03:06:55.159993,completed,Ho Chi Minh City,same_day,
O000755,C000400,2026-03-21 19:44:21.159993,completed,Ho Chi Minh City,,
O000756,C000825,2026-05-23 01:42:00.159993,completed,Ho Chi Minh City,standard,
O000757,C000075,2026-05-27 09:15:17.159993,completed,Ho Chi Minh City,express,
O000758,C000722,2026-06-19 00:59:34.159993,completed,Ho Chi Minh City,standard,
O000759,C000441,2026-06-20 17:20:29.159993,completed,Ho Chi Minh City,express,
O000760,C000755,2026-05-19 09:06:53.159993,completed,Ho Chi Minh City,standard,
O000761,C000791,2026-05-10 04:55:09.159993,completed,Ho Chi Minh City,standard,
O000762,C000835,2026-06-14 04:27:08.159993,completed,Ho Chi Minh City,standard,
O000763,C000603,2026-05-11 13:57:46.159993,completed,Ho Chi Minh City,standard,
O000764,C000048,2026-06-21 11:24:39.159993,completed,Ho Chi Minh City,standard,
O000765,C000996,2026-04-30 19:40:05.159993,completed,Ho Chi Minh City,express,SAVEUPTO20
O000766,C000465,2026-06-12 14:41:35.159993,completed,Ho Chi Minh City,standard,SAVEUPTO20
O000767,C000661,2026-03-16 22:16:32.159993,completed,Can Tho,,
O000768,C000578,2026-05-27 00:48:58.159993,completed,Ho Chi Minh City,standard,
O000769,C000716,2026-05-30 10:57:10.159993,completed,Ho Chi Minh City,express,
O000770,C000369,2026-02-01 15:03:30.159993,completed,Ho Chi Minh City,,
O000771,C000999,2026-06-20 11:06:48.159993,completed,Ho Chi Minh City,standard,
O000772,C000439,2026-04-30 11:53:05.159993,completed,Ho Chi Minh City,standard,
O000773,C000581,2026-03-04 03:14:55.159993,completed,Ho Chi Minh City,,
O000774,C000939,2026-05-11 13:47:56.159993,completed,Can Tho,standard,SAVEUPTO20
O000775,C000979,2026-06-07 07:15:59.159993,returned,Ho Chi Minh City,standard,
O000776,C000029,2026-05-31 22:19:38.159993,cancelled,Ho Chi Minh City,standard,SAVEUPTO20
O000777,C000020,2026-03-27 21:49:50.159993,completed,Ho Chi Minh City,standard,
O000778,C000993,2026-03-16 03:32:28.159993,completed,Ho Chi Minh City,,
O000779,C000568,2026-02-25 17:48:30.159993,completed,Ho Chi Minh City,,
O000780,C000883,2026-04-23 22:09:52.159993,completed,Ho Chi Minh City,standard,
O000781,C000485,2026-06-04 01:26:43.159993,completed,Ho Chi Minh City,standard,
O000782,C000159,2026-06-18 18:43:29.159993,completed,Ho Chi Minh City,standard,
O000783,C000025,2026-05-27 08:45:38.159993,cancelled,Ho Chi Minh City,standard,
O000784,C000466,2026-06-17 13:22:32.159993,completed,Ho Chi Minh City,express,
O000785,C000926,2026-06-12 19:19:31.159993,returned,Ho Chi Minh City,same_day,SAVEUPTO20
O000786,C000823,2026-04-30 09:52:52.159993,completed,Ho Chi Minh City,standard,
O000787,C000181,2026-06-18 01:08:58.159993,completed,Ho Chi Minh City,standard,
O000788,C000341,2026-04-28 15:45:15.159993,completed,Ho Chi Minh City,express,
O000789,C000240,2026-05-07 00:02:25.159993,completed,Ho Chi Minh City,standard,
O000790,C000565,2026-06-18 20:28:45.159993,cancelled,Ho Chi Minh City,same_day,
O000791,C000155,2026-04-28 11:20:59.159993,completed,Ho Chi Minh City,standard,
O000792,C000386,2026-01-24 04:00:00.159993,completed,Ho Chi Minh City,,
O000793,C000198,2026-01-22 16:02:16.159993,completed,Da Nang,,
O000794,C000922,2026-06-08 16:43:47.159993,completed,Ho Chi Minh City,standard,
O000795,C000648,2026-04-23 09:10:53.159993,completed,Ho Chi Minh City,standard,
O000796,C000399,2026-06-01 13:01:41.159993,returned,Ho Chi Minh City,standard,
O000797,C000334,2026-06-04 05:18:11.159993,completed,Da Nang,standard,
O000798,C000450,2026-05-11 09:58:17.159993,completed,Ho Chi Minh City,express,
O000799,C000419,2026-03-24 21:06:45.159993,completed,Ho Chi Minh City,standard,SAVEUPTO20
O000800,C000433,2026-06-14 04:51:24.159993,completed,Hanoi,express,
O000801,C000175,2026-05-16 22:33:59.159993,completed,Da Nang,standard,
O000802,C000530,2026-06-20 03:22:36.159993,completed,Hanoi,same_day,
O000803,C000704,2026-02-07 08:25:05.159993,completed,Ho Chi Minh City,,
O000804,C000928,2026-06-11 11:45:22.159993,completed,Ho Chi Minh City,standard,
O000805,C000948,2026-05-21 12:39:29.159993,cancelled,Ho Chi Minh City,standard,
O000806,C000595,2026-03-02 04:37:41.159993,cancelled,Ho Chi Minh City,,
O000807,C000979,2026-05-02 13:13:18.159993,completed,Ho Chi Minh City,standard,
O000808,C000019,2026-05-24 17:26:29.159993,completed,Ho Chi Minh City,standard,
O000809,C000126,2026-05-18 07:18:27.159993,completed,Ho Chi Minh City,standard,
O000810,C000578,2026-04-04 22:07:58.159993,cancelled,Ho Chi Minh City,standard,
O000811,C000319,2026-06-10 18:17:53.159993,completed,Ho Chi Minh City,standard,
O000812,C000052,2026-03-14 08:45:05.159993,completed,Ho Chi Minh City,,
O000813,C000528,2026-06-02 03:23:44.159993,cancelled,Ho Chi Minh City,standard,
O000814,C000235,2026-04-07 01:47:53.159993,returned,Ho Chi Minh City,standard,SAVEUPTO20
O000815,C000894,2026-06-20 23:04:49.159993,completed,Ho Chi Minh City,standard,
O000816,C000940,2026-04-27 09:39:41.159993,returned,Ho Chi Minh City,express,
O000817,C000434,2026-03-27 06:48:23.159993,completed,Ho Chi Minh City,standard,
O000818,C000010,2026-06-02 14:29:28.159993,completed,Ho Chi Minh City,same_day,SAVEUPTO20
O000819,C000588,2026-06-03 05:41:17.159993,completed,Hanoi,standard,
O000820,C000984,2026-05-23 10:37:47.159993,returned,Ho Chi Minh City,express,
O000821,C000966,2026-04-17 04:08:18.159993,cancelled,Bien Hoa,standard,
O000822,C000134,2026-05-19 05:24:05.159993,completed,Ho Chi Minh City,standard,
O000823,C000076,2026-03-28 19:11:06.159993,completed,Ho Chi Minh City,standard,SAVEUPTO20
O000824,C000275,2026-03-20 23:20:50.159993,completed,Ho Chi Minh City,,
O000825,C000500,2026-05-28 14:58:19.159993,completed,Ho Chi Minh City,standard,
O000826,C000368,2026-05-10 06:31:32.159993,completed,Can Tho,same_day,SAVEUPTO20
O000827,C000262,2026-05-12 03:00:58.159993,completed,Ho Chi Minh City,standard,
O000828,C000825,2026-05-21 21:19:55.159993,completed,Can Tho,standard,SAVEUPTO20
O000829,C000052,2026-03-29 20:02:19.159993,completed,Ho Chi Minh City,standard,
O000830,C000913,2026-04-30 12:15:05.159993,completed,Hanoi,express,
O000831,C000257,2026-05-01 15:04:42.159993,completed,Hanoi,standard,
O000832,C000772,2026-06-20 14:13:15.159993,cancelled,Ho Chi Minh City,express,
O000833,C000036,2026-05-23 19:06:05.159993,completed,Ho Chi Minh City,express,
O000834,C000274,2026-06-15 22:00:15.159993,completed,Ho Chi Minh City,standard,
O000835,C000153,2026-06-15 02:43:52.159993,completed,Ho Chi Minh City,standard,
O000836,C000864,2026-06-01 07:48:40.159993,completed,Ho Chi Minh City,standard,
O000837,C000157,2026-05-26 11:19:26.159993,completed,Ho Chi Minh City,standard,
O000838,C000445,2026-06-02 20:44:31.159993,completed,Ho Chi Minh City,standard,
O000839,C000687,2026-06-13 09:55:53.159993,completed,Ho Chi Minh City,standard,
O000840,C000067,2026-06-15 22:24:18.159993,cancelled,Bien Hoa,same_day,
O000841,C000441,2026-06-18 23:36:06.159993,completed,Ho Chi Minh City,standard,SAVEUPTO20
O000842,C000498,2026-05-09 11:17:44.159993,completed,Ho Chi Minh City,standard,
O000843,C000402,2026-05-13 13:13:37.159993,completed,Ho Chi Minh City,same_day,
O000844,C000048,2026-06-04 16:38:25.159993,cancelled,Ho Chi Minh City,standard,
O000845,C000636,2026-05-02 19:36:53.159993,completed,Ho Chi Minh City,standard,
O000846,C000413,2026-04-03 16:56:45.159993,cancelled,Da Nang,same_day,
O000847,C000912,2026-02-15 08:29:46.159993,cancelled,Ho Chi Minh City,,
O000848,C000546,2026-06-11 02:46:41.159993,completed,Ho Chi Minh City,express,
O000849,C000360,2026-05-19 00:22:02.159993,returned,Ho Chi Minh City,express,
O000850,C000174,2026-05-18 03:09:12.159993,completed,Ho Chi Minh City,standard,
O000851,C000716,2026-05-24 14:24:34.159993,completed,Ho Chi Minh City,standard,
O000852,C000056,2026-06-14 04:14:50.159993,completed,Ho Chi Minh City,standard,
O000853,C000441,2026-06-18 13:58:45.159993,completed,Ho Chi Minh City,express,
O000854,C000907,2026-05-28 12:42:22.159993,completed,Ho Chi Minh City,standard,
O000855,C000928,2026-03-25 02:17:54.159993,completed,Ho Chi Minh City,standard,
O000856,C000664,2026-05-23 16:09:56.159993,completed,Ho Chi Minh City,standard,
O000857,C000316,2026-05-03 05:05:19.159993,completed,Ho Chi Minh City,express,
O000858,C000420,2026-05-09 02:06:51.159993,completed,Ho Chi Minh City,standard,
O000859,C000562,2026-02-08 04:28:55.159993,pending,Ho Chi Minh City,,
O000860,C000756,2026-05-27 00:20:17.159993,completed,Ho Chi Minh City,same_day,
O000861,C000417,2026-06-16 19:49:10.159993,completed,Ho Chi Minh City,same_day,SAVEUPTO20
O000862,C000341,2026-05-05 05:07:51.159993,completed,Ho Chi Minh City,standard,
O000863,C000025,2026-06-21 03:05:41.159993,completed,Can Tho,standard,
O000864,C000764,2026-06-15 16:01:27.159993,returned,Ho Chi Minh City,standard,
O000865,C000580,2026-04-22 20:23:47.159993,completed,Ho Chi Minh City,standard,
O000866,C000590,2026-05-31 17:08:59.159993,pending,Ho Chi Minh City,standard,SAVEUPTO20
O000867,C000947,2026-06-18 14:15:23.159993,completed,Ho Chi Minh City,express,
O000868,C000299,2026-06-19 15:16:03.159993,completed,Ho Chi Minh City,standard,SAVEUPTO20
O000869,C000905,2026-06-10 18:29:46.159993,completed,Ho Chi Minh City,standard,
O000870,C000753,2026-02-02 09:47:23.159993,completed,Ho Chi Minh City,,
O000871,C000934,2026-05-08 11:15:01.159993,completed,Ho Chi Minh City,standard,SAVEUPTO20
O000872,C000403,2026-06-10 08:58:12.159993,completed,Ho Chi Minh City,same_day,
O000873,C000291,2026-06-04 05:05:55.159993,completed,Da Nang,express,
O000874,C000632,2026-04-29 11:10:39.159993,completed,Ho Chi Minh City,standard,
O000875,C000688,2026-04-25 01:04:05.159993,completed,Da Nang,standard,
O000876,C000588,2026-05-10 11:40:51.159993,completed,Ho Chi Minh City,standard,SAVEUPTO20
O000877,C000312,2026-06-11 01:19:25.159993,completed,Ho Chi Minh City,standard,
O000878,C000527,2026-06-09 23:56:04.159993,cancelled,Ho Chi Minh City,standard,
O000879,C000970,2026-02-26 19:24:03.159993,completed,Ho Chi Minh City,,
O000880,C000782,2026-06-20 19:59:29.159993,completed,Ho Chi Minh City,standard,SAVEUPTO20
O000881,C000361,2026-06-04 03:24:37.159993,completed,Ho Chi Minh City,standard,SAVEUPTO20
O000882,C000139,2026-05-27 20:52:21.159993,cancelled,Ho Chi Minh City,standard,SAVEUPTO20
O000883,C000474,2026-05-24 12:04:16.159993,completed,Ho Chi Minh City,same_day,
O000884,C000042,2026-06-01 07:17:46.159993,returned,Ho Chi Minh City,express,
O000885,C000919,2026-04-11 12:42:26.159993,returned,Ho Chi Minh City,standard,
O000886,C000051,2026-05-20 11:48:05.159993,completed,Da Nang,standard,
O000887,C000894,2026-06-20 09:15:57.159993,completed,Ho Chi Minh City,standard,SAVEUPTO20
O000888,C000465,2026-04-27 08:31:13.159993,completed,Ho Chi Minh City,standard,
O000889,C000049,2026-05-14 21:03:25.159993,completed,Da Nang,express,
O000890,C000155,2026-05-31 02:51:40.159993,completed,Ho Chi Minh City,standard,
O000891,C000274,2026-06-17 14:04:37.159993,completed,Ho Chi Minh City,standard,
O000892,C000732,2026-05-24 23:30:12.159993,cancelled,Hanoi,standard,
O000893,C000563,2026-04-13 10:58:46.159993,completed,Ho Chi Minh City,express,
O000894,C000357,2026-04-19 01:40:45.159993,completed,Ho Chi Minh City,standard,
O000895,C000675,2026-05-18 22:26:17.159993,completed,Ho Chi Minh City,standard,
O000896,C000437,2026-05-15 19:46:07.159993,completed,Ho Chi Minh City,express,
O000897,C000672,2026-04-22 11:37:55.159993,completed,Hanoi,standard,
O000898,C000142,2026-05-02 03:19:15.159993,completed,Ho Chi Minh City,express,
O000899,C000820,2026-06-21 14:00:28.159993,completed,Ho Chi Minh City,same_day,
O000900,C000450,2026-05-13 11:16:36.159993,completed,Ho Chi Minh City,express,
O000901,C000137,2026-05-05 16:49:36.159993,cancelled,Ho Chi Minh City,express,SAVEUPTO20
O000902,C000860,2026-06-14 01:10:27.159993,completed,Ho Chi Minh City,standard,
O000903,C000827,2026-05-11 21:49:15.159993,completed,Ho Chi Minh City,standard,SAVEUPTO20
O000904,C000611,2026-05-24 00:32:47.159993,cancelled,Bien Hoa,standard,
O000905,C000358,2026-06-10 18:49:53.159993,cancelled,Ho Chi Minh City,standard,
O000906,C000032,2026-03-24 13:34:04.159993,cancelled,Ho Chi Minh City,express,
O000907,C000726,2026-06-20 08:09:23.159993,completed,Ho Chi Minh City,standard,SAVEUPTO20
O000908,C000590,2026-06-16 07:56:38.159993,returned,Hanoi,express,
O000909,C000813,2026-06-13 06:09:00.159993,completed,Ho Chi Minh City,standard,
O000910,C000785,2026-05-05 17:00:24.159993,returned,Ho Chi Minh City,standard,
O000911,C000492,2026-06-05 16:38:51.159993,returned,Ho Chi Minh City,standard,
O000912,C000598,2026-05-25 05:27:25.159993,cancelled,Ho Chi Minh City,standard,
O000913,C000369,2026-02-22 06:43:47.159993,cancelled,Ho Chi Minh City,,
O000914,C000360,2026-06-09 09:47:19.159993,completed,Can Tho,standard,
O000915,C000072,2026-04-21 17:59:03.159993,completed,Bien Hoa,express,SAVEUPTO20
O000916,C000717,2026-05-14 01:31:38.159993,completed,Ho Chi Minh City,standard,
O000917,C000870,2026-06-03 21:17:49.159993,completed,Ho Chi Minh City,standard,SAVEUPTO20
O000918,C000983,2026-06-07 02:11:59.159993,completed,Ho Chi Minh City,standard,SAVEUPTO20
O000919,C000729,2026-04-19 22:24:47.159993,cancelled,Ho Chi Minh City,standard,
O000920,C000469,2026-04-01 22:51:22.159993,completed,Ho Chi Minh City,standard,
O000921,C000360,2026-05-08 17:31:55.159993,completed,Can Tho,standard,SAVEUPTO20
O000922,C000060,2026-06-13 09:13:51.159993,completed,Ho Chi Minh City,standard,
O000923,C000184,2026-06-10 15:46:36.159993,completed,Bien Hoa,standard,SAVEUPTO20
O000924,C000815,2026-05-26 22:54:28.159993,completed,Ho Chi Minh City,express,
O000925,C000117,2026-05-02 07:42:39.159993,completed,Ho Chi Minh City,standard,
O000926,C000650,2026-06-19 18:51:06.159993,completed,Ho Chi Minh City,standard,
O000927,C000854,2026-03-17 04:41:49.159993,completed,Ho Chi Minh City,,
O000928,C000656,2026-05-03 15:01:57.159993,completed,Ho Chi Minh City,same_day,
O000929,C000902,2026-01-16 05:14:25.159993,completed,Ho Chi Minh City,,
O000930,C000302,2026-05-26 13:42:20.159993,cancelled,Ho Chi Minh City,standard,
O000931,C000268,2026-05-04 13:09:57.159993,cancelled,Ho Chi Minh City,express,
O000932,C000521,2026-06-01 17:34:57.159993,completed,Ho Chi Minh City,standard,
O000933,C000822,2026-06-09 16:17:47.159993,returned,Ho Chi Minh City,express,
O000934,C000628,2026-06-12 10:03:07.159993,completed,Ho Chi Minh City,standard,SAVEUPTO20
O000935,C000285,2026-04-16 19:06:22.159993,completed,Ho Chi Minh City,standard,SAVEUPTO20
O000936,C000903,2026-06-12 18:40:22.159993,completed,Ho Chi Minh City,standard,SAVEUPTO20
O000937,C000197,2026-05-02 20:30:51.159993,completed,Can Tho,standard,
O000938,C000305,2026-04-23 11:20:18.159993,completed,Da Nang,standard,
O000939,C000498,2026-06-11 12:35:12.159993,completed,Ho Chi Minh City,standard,
O000940,C000149,2026-06-11 02:03:54.159993,pending,Hanoi,express,
O000941,C000812,2026-05-31 14:17:50.159993,completed,Ho Chi Minh City,standard,
O000942,C000092,2026-05-29 21:05:13.159993,completed,Ho Chi Minh City,standard,
O000943,C000684,2026-06-14 21:06:59.159993,completed,Ho Chi Minh City,standard,SAVEUPTO20
O000944,C000046,2026-06-18 13:41:57.159993,completed,Ho Chi Minh City,standard,
O000945,C000212,2026-06-15 21:27:03.159993,completed,Ho Chi Minh City,same_day,
O000946,C000200,2026-06-18 11:18:14.159993,returned,Ho Chi Minh City,express,
O000947,C000850,2026-04-12 00:00:28.159993,completed,Ho Chi Minh City,express,
O000948,C000419,2026-06-14 17:53:30.159993,completed,Ho Chi Minh City,standard,SAVEUPTO20
O000949,C000366,2026-05-06 19:59:32.159993,completed,Ho Chi Minh City,same_day,
O000950,C000243,2026-02-23 13:54:12.159993,completed,Ho Chi Minh City,,
O000951,C000062,2026-05-23 19:22:04.159993,completed,Da Nang,standard,
O000952,C000819,2026-05-02 23:49:00.159993,returned,Ho Chi Minh City,standard,
O000953,C000224,2026-05-09 11:44:21.159993,completed,Ho Chi Minh City,standard,SAVEUPTO20
O000954,C000191,2026-06-04 18:34:26.159993,completed,Ho Chi Minh City,standard,
O000955,C000083,2026-01-26 19:10:15.159993,completed,Ho Chi Minh City,,
O000956,C000344,2026-05-02 15:14:56.159993,completed,Da Nang,standard,
O000957,C000122,2026-06-07 07:04:14.159993,completed,Ho Chi Minh City,express,
O000958,C000885,2026-06-14 23:29:41.159993,completed,Ho Chi Minh City,standard,SAVEUPTO20
O000959,C000048,2026-06-11 19:25:31.159993,completed,Ho Chi Minh City,standard,SAVEUPTO20
O000960,C000811,2026-06-05 04:41:55.159993,completed,Ho Chi Minh City,standard,
O000961,C000407,2026-03-18 20:17:35.159993,completed,Ho Chi Minh City,,
O000962,C000342,2026-02-23 13:07:30.159993,pending,Ho Chi Minh City,,
O000963,C000931,2026-05-04 07:10:36.159993,completed,Ho Chi Minh City,standard,
O000964,C000716,2026-06-06 18:09:12.159993,returned,Ho Chi Minh City,express,
O000965,C000557,2026-05-07 20:33:06.159993,pending,Ho Chi Minh City,standard,SAVEUPTO20
O000966,C000235,2026-06-18 04:40:31.159993,completed,Ho Chi Minh City,standard,
O000967,C000304,2026-06-21 01:46:18.159993,completed,Ho Chi Minh City,standard,SAVEUPTO20
O000968,C000952,2026-02-26 11:21:25.159993,completed,Ho Chi Minh City,,
O000969,C000593,2026-04-29 01:31:26.159993,completed,Ho Chi Minh City,standard,SAVEUPTO20
O000970,C000969,2026-06-11 05:43:58.159993,completed,Ho Chi Minh City,standard,
O000971,C000348,2026-06-18 13:26:05.159993,completed,Ho Chi Minh City,express,
O000972,C000446,2026-05-18 03:17:28.159993,completed,Ho Chi Minh City,standard,SAVEUPTO20
O000973,C001000,2026-04-10 05:57:30.159993,completed,Ho Chi Minh City,standard,SAVEUPTO20
O000974,C000013,2026-05-16 10:32:46.159993,completed,Ho Chi Minh City,standard,SAVEUPTO20
O000975,C000039,2026-03-25 12:54:03.159993,completed,Ho Chi Minh City,standard,
O000976,C000904,2026-06-21 08:44:57.159993,completed,Ho Chi Minh City,same_day,
O000977,C000341,2026-06-10 23:40:02.159993,completed,Ho Chi Minh City,standard,
O000978,C000014,2026-06-10 14:41:47.159993,completed,Ho Chi Minh City,standard,SAVEUPTO20
O000979,C000972,2026-06-14 11:02:18.159993,completed,Ho Chi Minh City,express,
O000980,C000140,2026-04-06 01:48:22.159993,completed,Ho Chi Minh City,express,
O000981,C000109,2026-05-10 03:48:10.159993,completed,Ho Chi Minh City,express,
O000982,C000863,2026-03-26 10:13:52.159993,completed,Ho Chi Minh City,standard,
O000983,C000954,2026-05-10 22:59:18.159993,completed,Ho Chi Minh City,standard,
O000984,C000911,2026-05-27 19:21:20.159993,completed,Ho Chi Minh City,express,SAVEUPTO20
O000985,C000719,2026-03-04 06:34:50.159993,completed,Ho Chi Minh City,,
O000986,C000858,2026-02-06 09:56:09.159993,completed,Ho Chi Minh City,,
O000987,C000644,2026-03-30 02:13:41.159993,returned,Ho Chi Minh City,standard,SAVEUPTO20
O000988,C000259,2026-03-06 20:57:48.159993,completed,Ho Chi Minh City,,
O000989,C000980,2026-04-15 16:00:29.159993,completed,Ho Chi Minh City,standard,
O000990,C000967,2026-06-10 19:19:05.159993,completed,Ho Chi Minh City,express,
O000991,C000270,2026-05-21 00:02:14.159993,completed,Ho Chi Minh City,express,SAVEUPTO20
O000992,C000710,2026-05-01 23:58:24.159993,returned,Ho Chi Minh City,express,
O000993,C000839,2026-04-20 06:49:14.159993,completed,Can Tho,same_day,
O000994,C000284,2026-04-11 03:41:19.159993,completed,Ho Chi Minh City,express,SAVEUPTO20
O000995,C000271,2026-03-19 17:46:29.159993,cancelled,Ho Chi Minh City,,
O000996,C000124,2026-04-23 23:57:15.159993,completed,Ho Chi Minh City,express,
O000997,C000692,2026-05-28 14:11:16.159993,completed,Ho Chi Minh City,express,
O000998,C000179,2026-06-09 11:46:59.159993,completed,Ho Chi Minh City,standard,
O000999,C000746,2026-03-14 13:49:06.159993,completed,Ho Chi Minh City,,
O001000,C000063,2026-05-07 01:02:42.159993,completed,Ho Chi Minh City,express,
O001001,C000313,2026-03-05 05:50:14.159993,completed,Ho Chi Minh City,,
O001002,C000855,2026-06-20 00:41:24.159993,completed,Ho Chi Minh City,express,
O001003,C000256,2026-05-26 09:23:40.159993,completed,Bien Hoa,standard,SAVEUPTO20
O001004,C000809,2026-04-22 02:04:34.159993,completed,Ho Chi Minh City,standard,
O001005,C000170,2026-01-27 18:33:36.159993,completed,Ho Chi Minh City,,
O001006,C000881,2026-04-03 17:06:26.159993,pending,Ho Chi Minh City,standard,
O001007,C000721,2026-06-15 21:55:00.159993,completed,Ho Chi Minh City,express,
O001008,C000989,2026-06-10 23:45:07.159993,completed,Ho Chi Minh City,express,
O001009,C000997,2026-05-12 11:42:29.159993,completed,Ho Chi Minh City,standard,
O001010,C000663,2026-01-20 21:43:03.159993,completed,Ho Chi Minh City,,
O001011,C000959,2026-06-18 05:06:45.159993,returned,Ho Chi Minh City,standard,SAVEUPTO20
O001012,C000034,2026-05-25 04:47:30.159993,completed,Ho Chi Minh City,express,
O001013,C000941,2026-05-05 05:55:06.159993,completed,Can Tho,standard,
O001014,C000234,2026-06-04 02:06:07.159993,completed,Ho Chi Minh City,standard,
O001015,C000134,2026-05-16 14:26:35.159993,completed,Ho Chi Minh City,standard,SAVEUPTO20
O001016,C000150,2026-03-12 17:24:44.159993,cancelled,Ho Chi Minh City,,
O001017,C000638,2026-06-19 15:08:20.159993,completed,Ho Chi Minh City,standard,
O001018,C000584,2026-06-20 14:18:42.159993,completed,Ho Chi Minh City,standard,SAVEUPTO20
O001019,C000381,2025-12-27 21:39:07.159993,completed,Hanoi,,
O001020,C000478,2026-03-08 09:52:51.159993,completed,Ho Chi Minh City,,
O001021,C000344,2026-05-26 06:19:51.159993,completed,Ho Chi Minh City,standard,
O001022,C000933,2026-02-19 19:32:16.159993,completed,Ho Chi Minh City,,
O001023,C000312,2026-05-04 05:56:57.159993,completed,Ho Chi Minh City,same_day,
O001024,C000393,2026-06-08 13:49:10.159993,completed,Ho Chi Minh City,standard,
O001025,C000017,2026-05-31 11:31:00.159993,completed,Ho Chi Minh City,express,
O001026,C000061,2026-06-08 02:43:34.159993,completed,Can Tho,standard,
O001027,C000629,2026-06-16 16:19:17.159993,completed,Ho Chi Minh City,standard,SAVEUPTO20
O001028,C000024,2026-06-17 14:26:06.159993,completed,Ho Chi Minh City,same_day,
O001029,C000555,2026-06-21 01:00:29.159993,completed,Ho Chi Minh City,standard,
O001030,C000811,2026-02-18 15:36:50.159993,completed,Ho Chi Minh City,,
O001031,C000715,2026-06-10 00:32:52.159993,completed,Ho Chi Minh City,standard,
O001032,C000636,2026-05-13 06:57:00.159993,completed,Ho Chi Minh City,same_day,
O001033,C000634,2026-05-22 05:35:52.159993,completed,Ho Chi Minh City,standard,SAVEUPTO20
O001034,C000191,2026-04-30 01:25:46.159993,completed,Ho Chi Minh City,express,SAVEUPTO20
O001035,C000683,2026-06-17 15:01:53.159993,completed,Ho Chi Minh City,standard,
O001036,C000907,2026-05-06 16:51:32.159993,completed,Ho Chi Minh City,express,
O001037,C000367,2026-04-16 14:46:07.159993,returned,Ho Chi Minh City,standard,
O001038,C000559,2026-05-31 19:34:40.159993,returned,Ho Chi Minh City,standard,
O001039,C000302,2026-06-12 05:46:23.159993,completed,Ho Chi Minh City,standard,
O001040,C000608,2026-06-05 14:09:53.159993,completed,Ho Chi Minh City,standard,
O001041,C000768,2026-06-11 18:22:12.159993,returned,Ho Chi Minh City,standard,
O001042,C000921,2026-06-13 05:27:21.159993,completed,Ho Chi Minh City,standard,
O001043,C000382,2026-06-11 16:51:52.159993,completed,Ho Chi Minh City,standard,
O001044,C000051,2026-05-21 06:09:04.159993,completed,Ho Chi Minh City,express,SAVEUPTO20
O001045,C000707,2026-05-05 04:51:20.159993,returned,Bien Hoa,standard,SAVEUPTO20
O001046,C000845,2026-05-09 00:50:51.159993,completed,Ho Chi Minh City,same_day,
O001047,C000227,2026-05-23 19:52:36.159993,completed,Ho Chi Minh City,express,
O001048,C000979,2026-04-12 15:47:16.159993,pending,Ho Chi Minh City,standard,
O001049,C000540,2026-06-13 16:12:28.159993,returned,Ho Chi Minh City,standard,
O001050,C000278,2026-05-29 07:14:12.159993,completed,Ho Chi Minh City,same_day,
O001051,C000766,2026-06-10 17:19:10.159993,completed,Ho Chi Minh City,standard,
O001052,C000542,2026-04-21 02:14:46.159993,completed,Ho Chi Minh City,standard,
O001053,C000185,2026-06-10 19:42:36.159993,completed,Ho Chi Minh City,standard,
O001054,C000424,2026-05-26 22:23:44.159993,completed,Ho Chi Minh City,standard,
O001055,C000108,2026-04-23 00:48:17.159993,completed,Ho Chi Minh City,standard,SAVEUPTO20
O001056,C000069,2026-06-05 05:20:23.159993,completed,Ho Chi Minh City,standard,
O001057,C000922,2026-06-02 07:42:45.159993,completed,Da Nang,same_day,
O001058,C000505,2026-03-07 04:19:41.159993,cancelled,Ho Chi Minh City,,
O001059,C000967,2026-04-27 22:36:21.159993,completed,Ho Chi Minh City,standard,
O001060,C000896,2026-05-22 22:28:20.159993,pending,Da Nang,standard,
O001061,C000838,2026-06-15 21:44:32.159993,completed,Ho Chi Minh City,same_day,SAVEUPTO20
O001062,C000157,2026-03-12 12:45:02.159993,cancelled,Ho Chi Minh City,,
O001063,C000737,2026-05-04 20:44:19.159993,returned,Ho Chi Minh City,express,SAVEUPTO20
O001064,C000215,2026-05-21 09:15:45.159993,completed,Ho Chi Minh City,standard,
O001065,C000166,2026-06-05 07:12:13.159993,completed,Ho Chi Minh City,same_day,
O001066,C000547,2026-04-28 15:43:08.159993,completed,Ho Chi Minh City,standard,SAVEUPTO20
O001067,C000788,2026-05-05 01:02:39.159993,completed,Ho Chi Minh City,standard,
O001068,C000045,2026-03-19 20:06:57.159993,completed,Ho Chi Minh City,,
O001069,C000072,2026-04-30 12:01:57.159993,pending,Ho Chi Minh City,express,
O001070,C000246,2026-04-12 06:58:48.159993,completed,Ho Chi Minh City,same_day,
O001071,C000382,2026-06-19 05:48:21.159993,completed,Ho Chi Minh City,express,
O001072,C000453,2026-04-10 01:27:57.159993,completed,Ho Chi Minh City,standard,
O001073,C000922,2026-05-24 13:52:44.159993,completed,Ho Chi Minh City,standard,
O001074,C000768,2026-05-31 00:51:47.159993,completed,Ho Chi Minh City,express,SAVEUPTO20
O001075,C000132,2026-05-28 17:03:39.159993,completed,Da Nang,standard,SAVEUPTO20
O001076,C000281,2026-03-26 01:31:29.159993,completed,Ho Chi Minh City,standard,
O001077,C000856,2026-06-18 16:35:58.159993,pending,Ho Chi Minh City,same_day,
O001078,C000163,2026-04-21 13:16:42.159993,cancelled,Bien Hoa,standard,
O001079,C000892,2026-05-05 02:56:11.159993,completed,Ho Chi Minh City,standard,
O001080,C000075,2026-04-29 03:13:22.159993,completed,Ho Chi Minh City,standard,
O001081,C000778,2026-04-01 23:35:32.159993,completed,Hanoi,standard,
O001082,C000851,2026-06-19 21:26:22.159993,completed,Ho Chi Minh City,standard,SAVEUPTO20
O001083,C000011,2026-04-12 16:58:46.159993,completed,Da Nang,standard,SAVEUPTO20
O001084,C000771,2026-06-14 05:08:25.159993,completed,Da Nang,standard,
O001085,C000376,2026-06-20 04:38:39.159993,returned,Ho Chi Minh City,standard,
O001086,C000227,2026-06-20 14:35:25.159993,cancelled,Ho Chi Minh City,same_day,
O001087,C000639,2026-06-20 04:04:07.159993,pending,Ho Chi Minh City,standard,
O001088,C000402,2026-05-26 12:53:43.159993,completed,Ho Chi Minh City,same_day,SAVEUPTO20
O001089,C000180,2026-03-24 10:27:24.159993,completed,Ho Chi Minh City,standard,
O001090,C000424,2026-05-06 14:55:39.159993,completed,Ho Chi Minh City,standard,
O001091,C000785,2026-04-23 14:57:10.159993,completed,Hanoi,standard,
O001092,C000781,2026-06-12 20:43:19.159993,completed,Can Tho,express,
O001093,C000180,2026-04-26 05:28:23.159993,completed,Ho Chi Minh City,standard,
O001094,C000360,2026-05-30 09:07:59.159993,cancelled,Ho Chi Minh City,express,
O001095,C000311,2026-05-08 20:24:28.159993,completed,Ho Chi Minh City,standard,
O001096,C000218,2026-02-06 05:24:07.159993,completed,Ho Chi Minh City,,
O001097,C000295,2026-05-27 23:48:29.159993,cancelled,Da Nang,express,
O001098,C000926,2026-06-18 09:59:07.159993,completed,Hanoi,express,
O001099,C000952,2026-05-23 04:02:30.159993,completed,Ho Chi Minh City,standard,
O001100,C000517,2026-06-15 22:24:06.159993,completed,Ho Chi Minh City,standard,
O001101,C000909,2026-03-09 11:42:07.159993,completed,Can Tho,,
O001102,C000500,2026-03-18 09:31:05.159993,completed,Ho Chi Minh City,,
O001103,C000134,2026-05-20 21:40:32.159993,completed,Ho Chi Minh City,standard,SAVEUPTO20
O001104,C000756,2026-04-29 00:35:23.159993,completed,Bien Hoa,standard,
O001105,C000886,2026-06-07 21:42:39.159993,completed,Ho Chi Minh City,express,SAVEUPTO20
O001106,C000457,2026-05-12 22:12:16.159993,completed,Ho Chi Minh City,standard,SAVEUPTO20
O001107,C000173,2026-05-26 20:30:50.159993,completed,Ho Chi Minh City,standard,
O001108,C000704,2026-05-13 10:10:56.159993,completed,Can Tho,standard,
O001109,C000431,2026-03-16 10:48:42.159993,completed,Ho Chi Minh City,,
O001110,C000183,2026-05-26 17:08:24.159993,returned,Ho Chi Minh City,same_day,
O001111,C000853,2026-06-19 06:53:52.159993,returned,Ho Chi Minh City,standard,
O001112,C000311,2026-05-08 21:05:10.159993,completed,Ho Chi Minh City,standard,
O001113,C000174,2026-05-03 23:27:32.159993,completed,Ho Chi Minh City,express,SAVEUPTO20
O001114,C000475,2026-05-23 16:16:49.159993,completed,Ho Chi Minh City,standard,
O001115,C000258,2026-05-05 01:49:04.159993,completed,Ho Chi Minh City,express,
O001116,C000635,2026-02-24 04:09:35.159993,completed,Ho Chi Minh City,,
O001117,C000546,2026-04-11 16:56:02.159993,completed,Ho Chi Minh City,same_day,
O001118,C000689,2026-04-30 17:40:50.159993,completed,Ho Chi Minh City,standard,
O001119,C000536,2026-03-16 13:37:05.159993,completed,Ho Chi Minh City,,
O001120,C000082,2026-05-04 07:23:15.159993,completed,Ho Chi Minh City,same_day,
O001121,C000382,2026-06-14 07:50:56.159993,completed,Ho Chi Minh City,standard,
O001122,C000112,2026-05-18 04:03:46.159993,completed,Ho Chi Minh City,standard,
O001123,C000663,2026-06-19 00:43:39.159993,completed,Ho Chi Minh City,standard,
O001124,C000928,2026-05-15 12:46:09.159993,completed,Ho Chi Minh City,same_day,
O001125,C000463,2026-05-20 02:27:56.159993,completed,Ho Chi Minh City,standard,
O001126,C000837,2026-05-22 06:22:28.159993,completed,Ho Chi Minh City,standard,
O001127,C000073,2026-05-27 20:37:32.159993,completed,Ho Chi Minh City,standard,
O001128,C000121,2026-06-12 14:02:56.159993,completed,Ho Chi Minh City,express,SAVEUPTO20
O001129,C000400,2026-05-15 12:56:14.159993,returned,Da Nang,standard,
O001130,C000287,2026-02-06 20:30:42.159993,completed,Ho Chi Minh City,,
O001131,C000195,2026-06-15 12:48:56.159993,returned,Ho Chi Minh City,standard,
O001132,C000190,2026-05-04 17:21:39.159993,completed,Da Nang,express,
O001133,C000816,2026-06-13 06:27:07.159993,returned,Bien Hoa,standard,
O001134,C000599,2026-06-16 01:01:12.159993,completed,Ho Chi Minh City,standard,
O001135,C000251,2026-06-05 10:43:01.159993,completed,Bien Hoa,standard,
O001136,C000282,2026-06-12 17:41:11.159993,completed,Bien Hoa,standard,
O001137,C000988,2026-06-05 06:47:39.159993,completed,Da Nang,express,
O001138,C000560,2026-06-15 09:03:08.159993,completed,Ho Chi Minh City,standard,SAVEUPTO20
O001139,C000172,2026-03-26 18:20:07.159993,completed,Ho Chi Minh City,standard,
O001140,C000087,2026-01-23 23:25:14.159993,completed,Ho Chi Minh City,,
O001141,C000128,2026-06-19 06:05:48.159993,completed,Ho Chi Minh City,same_day,
O001142,C000028,2026-05-22 05:28:47.159993,completed,Ho Chi Minh City,standard,
O001143,C000254,2026-04-27 10:28:08.159993,completed,Ho Chi Minh City,same_day,
O001144,C000213,2026-06-20 01:03:10.159993,completed,Ho Chi Minh City,standard,
O001145,C000698,2026-06-15 04:23:20.159993,completed,Ho Chi Minh City,same_day,SAVEUPTO20
O001146,C000484,2026-06-16 15:16:00.159993,cancelled,Ho Chi Minh City,standard,SAVEUPTO20
O001147,C000996,2026-05-06 02:50:34.159993,completed,Ho Chi Minh City,standard,SAVEUPTO20
O001148,C000666,2026-06-03 06:18:21.159993,completed,Ho Chi Minh City,express,
O001149,C000244,2026-06-16 18:29:34.159993,completed,Ho Chi Minh City,standard,
O001150,C000784,2026-03-04 13:23:41.159993,pending,Ho Chi Minh City,,
O001151,C000389,2026-06-18 02:36:45.159993,completed,Ho Chi Minh City,same_day,SAVEUPTO20
O001152,C000340,2026-06-17 21:22:31.159993,completed,Ho Chi Minh City,express,
O001153,C000467,2026-03-12 01:37:05.159993,completed,Ho Chi Minh City,,
O001154,C000408,2026-04-15 18:05:31.159993,completed,Ho Chi Minh City,standard,
O001155,C000776,2026-06-14 10:09:48.159993,returned,Ho Chi Minh City,standard,
O001156,C000614,2026-06-12 11:42:08.159993,completed,Ho Chi Minh City,standard,SAVEUPTO20
O001157,C000131,2026-05-15 10:29:32.159993,completed,Ho Chi Minh City,standard,
O001158,C000948,2026-06-07 13:57:59.159993,completed,Ho Chi Minh City,same_day,
O001159,C000789,2026-06-08 17:42:35.159993,returned,Ho Chi Minh City,standard,
O001160,C000005,2026-05-08 08:54:33.159993,completed,Ho Chi Minh City,standard,
O001161,C000762,2026-04-28 20:22:31.159993,cancelled,Ho Chi Minh City,standard,
O001162,C000329,2026-01-26 01:27:28.159993,completed,Ho Chi Minh City,,
O001163,C000800,2026-05-03 14:33:26.159993,returned,Ho Chi Minh City,standard,
O001164,C000727,2026-05-25 04:47:58.159993,completed,Ho Chi Minh City,express,
O001165,C000248,2026-05-03 15:47:41.159993,completed,Ho Chi Minh City,standard,
O001166,C000910,2026-04-13 20:27:29.159993,completed,Can Tho,standard,SAVEUPTO20
O001167,C000998,2026-06-21 02:37:57.159993,completed,Ho Chi Minh City,standard,SAVEUPTO20
O001168,C000879,2026-06-02 21:48:58.159993,cancelled,Ho Chi Minh City,standard,
O001169,C000836,2026-06-16 09:13:07.159993,pending,Ho Chi Minh City,express,
O001170,C000372,2026-05-12 10:20:37.159993,cancelled,Ho Chi Minh City,standard,
O001171,C000780,2026-06-06 12:21:25.159993,cancelled,Ho Chi Minh City,same_day,
O001172,C000032,2026-06-06 00:21:32.159993,completed,Ho Chi Minh City,standard,SAVEUPTO20
O001173,C000229,2026-06-06 13:19:29.159993,pending,Ho Chi Minh City,standard,
O001174,C000002,2026-06-02 02:08:45.159993,pending,Da Nang,standard,
O001175,C000460,2026-02-02 20:55:48.159993,pending,Ho Chi Minh City,,
O001176,C000156,2026-05-11 18:51:25.159993,completed,Ho Chi Minh City,same_day,SAVEUPTO20
O001177,C000324,2026-06-13 01:03:35.159993,completed,Ho Chi Minh City,standard,
O001178,C000027,2026-04-18 14:51:57.159993,completed,Ho Chi Minh City,standard,
O001179,C000752,2026-02-05 03:03:26.159993,completed,Ho Chi Minh City,,
O001180,C000016,2026-05-24 05:52:34.159993,completed,Ho Chi Minh City,standard,SAVEUPTO20
O001181,C000291,2026-06-02 12:11:13.159993,completed,Hanoi,standard,
O001182,C000174,2026-05-05 11:26:01.159993,completed,Ho Chi Minh City,standard,
O001183,C000818,2026-03-18 11:05:05.159993,completed,Ho Chi Minh City,,
O001184,C000421,2026-06-20 15:14:13.159993,completed,Ho Chi Minh City,express,
O001185,C000420,2026-04-19 04:21:06.159993,completed,Can Tho,same_day,
O001186,C000551,2026-05-27 11:48:21.159993,completed,Ho Chi Minh City,standard,
O001187,C000350,2026-02-23 22:56:13.159993,completed,Ho Chi Minh City,,
O001188,C000884,2026-02-02 09:17:59.159993,cancelled,Ho Chi Minh City,,
O001189,C000736,2026-04-27 03:31:11.159993,completed,Ho Chi Minh City,express,
O001190,C000474,2026-06-14 17:28:30.159993,completed,Ho Chi Minh City,standard,
O001191,C000568,2026-04-29 19:38:15.159993,completed,Ho Chi Minh City,express,SAVEUPTO20
O001192,C000687,2026-04-05 03:31:53.159993,completed,Ho Chi Minh City,standard,
O001193,C000742,2026-06-16 06:58:30.159993,completed,Hanoi,standard,
O001194,C000802,2026-04-26 21:35:10.159993,returned,Da Nang,standard,
O001195,C000318,2026-06-07 03:37:47.159993,completed,Ho Chi Minh City,standard,
O001196,C000324,2026-06-11 03:52:02.159993,completed,Ho Chi Minh City,standard,SAVEUPTO20
O001197,C000135,2026-06-09 10:28:50.159993,pending,Ho Chi Minh City,standard,SAVEUPTO20
O001198,C000722,2026-06-16 00:07:01.159993,completed,Ho Chi Minh City,standard,
O001199,C000658,2026-04-28 00:35:03.159993,completed,Ho Chi Minh City,standard,
O001200,C000693,2026-06-09 22:48:31.159993,completed,Ho Chi Minh City,express,SAVEUPTO20
O001201,C000810,2026-06-21 11:42:38.159993,cancelled,Ho Chi Minh City,standard,
O001202,C000097,2026-02-05 18:13:11.159993,completed,Ho Chi Minh City,,
O001203,C000833,2026-03-18 00:13:56.159993,completed,Ho Chi Minh City,,
O001204,C000810,2026-06-21 14:23:49.159993,completed,Ho Chi Minh City,standard,
O001205,C000890,2026-04-17 17:10:18.159993,cancelled,Bien Hoa,express,
O001206,C000383,2026-06-18 04:39:35.159993,completed,Hanoi,standard,
O001207,C000029,2026-04-11 00:14:05.159993,returned,Ho Chi Minh City,standard,
O001208,C000219,2026-06-15 14:53:44.159993,completed,Ho Chi Minh City,standard,
O001209,C000151,2026-06-14 09:59:04.159993,completed,Ho Chi Minh City,standard,
O001210,C000157,2026-06-16 01:31:38.159993,completed,Ho Chi Minh City,standard,
O001211,C000002,2026-05-26 15:54:09.159993,completed,Ho Chi Minh City,standard,
O001212,C000935,2026-05-01 16:09:15.159993,completed,Ho Chi Minh City,standard,SAVEUPTO20
O001213,C000466,2026-06-19 12:23:09.159993,completed,Ho Chi Minh City,standard,
O001214,C000282,2026-05-19 23:50:37.159993,completed,Ho Chi Minh City,standard,SAVEUPTO20
O001215,C000087,2026-01-29 03:29:54.159993,completed,Ho Chi Minh City,,
O001216,C000776,2026-06-13 05:47:22.159993,completed,Ho Chi Minh City,express,
O001217,C000568,2026-04-05 04:48:04.159993,completed,Bien Hoa,standard,
O001218,C000824,2026-05-26 09:20:56.159993,completed,Da Nang,same_day,
O001219,C000931,2026-05-02 03:35:49.159993,completed,Ho Chi Minh City,standard,
O001220,C000936,2026-06-13 02:34:54.159993,pending,Hanoi,express,
O001221,C000838,2026-02-17 07:20:36.159993,completed,Ho Chi Minh City,,
O001222,C000608,2026-04-02 02:16:24.159993,completed,Ho Chi Minh City,standard,
O001223,C000899,2026-05-22 01:44:54.159993,completed,Ho Chi Minh City,standard,SAVEUPTO20
O001224,C000181,2026-06-21 10:10:51.159993,completed,Ho Chi Minh City,standard,
O001225,C000889,2026-03-03 20:18:37.159993,pending,Can Tho,,
O001226,C000100,2026-04-28 15:15:06.159993,returned,Ho Chi Minh City,express,
O001227,C000740,2026-06-08 20:51:18.159993,completed,Ho Chi Minh City,same_day,
O001228,C000071,2026-05-18 08:21:34.159993,completed,Ho Chi Minh City,standard,
O001229,C000393,2026-03-28 00:10:23.159993,completed,Ho Chi Minh City,standard,SAVEUPTO20
O001230,C000724,2026-03-16 22:18:30.159993,completed,Ho Chi Minh City,,
O001231,C000243,2026-03-13 20:56:29.159993,cancelled,Ho Chi Minh City,,
O001232,C000800,2026-06-20 16:24:30.159993,completed,Ho Chi Minh City,standard,
O001233,C000189,2026-04-06 21:40:34.159993,returned,Ho Chi Minh City,standard,SAVEUPTO20
O001234,C000788,2026-06-13 06:14:05.159993,cancelled,Ho Chi Minh City,standard,SAVEUPTO20
O001235,C000584,2026-05-27 16:19:06.159993,completed,Ho Chi Minh City,standard,
O001236,C000126,2026-05-05 22:20:30.159993,returned,Bien Hoa,express,
O001237,C000382,2026-06-19 15:18:05.159993,completed,Ho Chi Minh City,standard,
O001238,C000427,2026-06-19 09:06:05.159993,completed,Ho Chi Minh City,standard,SAVEUPTO20
O001239,C000013,2026-05-21 18:28:13.159993,completed,Hanoi,standard,
O001240,C000034,2026-05-01 09:43:33.159993,completed,Ho Chi Minh City,standard,
O001241,C000146,2026-06-10 07:03:28.159993,completed,Da Nang,standard,SAVEUPTO20
O001242,C000323,2026-06-12 20:57:27.159993,cancelled,Ho Chi Minh City,standard,SAVEUPTO20
O001243,C000832,2026-03-02 14:53:32.159993,completed,Ho Chi Minh City,,
O001244,C000423,2026-05-21 19:08:41.159993,completed,Can Tho,standard,
O001245,C000390,2026-06-15 08:27:31.159993,completed,Ho Chi Minh City,standard,SAVEUPTO20
O001246,C000340,2026-06-16 19:05:52.159993,completed,Ho Chi Minh City,standard,
O001247,C000888,2026-04-02 03:01:31.159993,pending,Ho Chi Minh City,standard,SAVEUPTO20
O001248,C000866,2026-04-28 09:32:57.159993,completed,Ho Chi Minh City,standard,
O001249,C000107,2026-05-20 20:55:45.159993,completed,Ho Chi Minh City,standard,
O001250,C000991,2026-04-20 07:11:13.159993,completed,Da Nang,standard,
O001251,C000666,2026-05-22 21:56:08.159993,completed,Ho Chi Minh City,standard,
O001252,C000407,2026-06-16 17:09:58.159993,cancelled,Ho Chi Minh City,standard,
O001253,C000672,2026-06-16 15:25:54.159993,completed,Ho Chi Minh City,standard,
O001254,C000348,2026-06-17 01:31:03.159993,completed,Ho Chi Minh City,standard,
O001255,C000624,2026-05-06 01:37:54.159993,completed,Ho Chi Minh City,express,
O001256,C000863,2026-05-07 01:38:44.159993,completed,Ho Chi Minh City,standard,
O001257,C000620,2026-01-18 10:19:31.159993,cancelled,Ho Chi Minh City,,
O001258,C000033,2026-04-23 08:21:12.159993,completed,Ho Chi Minh City,same_day,SAVEUPTO20
O001259,C000481,2026-03-03 09:41:29.159993,completed,Ho Chi Minh City,,
O001260,C000792,2026-04-18 09:30:46.159993,completed,Ho Chi Minh City,express,SAVEUPTO20
O001261,C000493,2026-06-02 00:50:00.159993,returned,Ho Chi Minh City,standard,
O001262,C000091,2026-05-02 19:05:25.159993,completed,Ho Chi Minh City,standard,
O001263,C000899,2026-03-21 01:22:22.159993,completed,Ho Chi Minh City,,
O001264,C000225,2026-05-05 06:42:00.159993,completed,Ho Chi Minh City,standard,
O001265,C000905,2026-06-02 13:27:27.159993,returned,Ho Chi Minh City,standard,
O001266,C000874,2026-06-20 07:15:18.159993,completed,Ho Chi Minh City,express,
O001267,C000127,2026-05-07 06:15:45.159993,completed,Ho Chi Minh City,standard,
O001268,C000179,2026-06-07 12:52:51.159993,completed,Ho Chi Minh City,standard,
O001269,C000066,2026-06-12 00:39:48.159993,pending,Ho Chi Minh City,standard,
O001270,C000441,2026-06-21 06:34:33.159993,completed,Ho Chi Minh City,express,
O001271,C000272,2026-01-16 21:22:11.159993,completed,Ho Chi Minh City,,
O001272,C000385,2026-02-01 02:21:46.159993,cancelled,Ho Chi Minh City,,
O001273,C000234,2026-05-23 01:28:55.159993,completed,Ho Chi Minh City,express,
O001274,C000185,2026-04-12 03:03:06.159993,pending,Ho Chi Minh City,standard,
O001275,C000844,2026-04-11 08:20:43.159993,returned,Ho Chi Minh City,standard,
O001276,C000439,2026-05-09 02:48:20.159993,completed,Ho Chi Minh City,standard,
O001277,C000885,2026-06-17 20:06:07.159993,completed,Ho Chi Minh City,standard,
O001278,C000640,2026-06-21 13:49:46.159993,completed,Hanoi,standard,
O001279,C000433,2026-05-29 04:19:42.159993,completed,Ho Chi Minh City,standard,
O001280,C000680,2026-06-16 14:29:16.159993,completed,Ho Chi Minh City,standard,
O001281,C000833,2026-04-02 23:27:22.159993,completed,Ho Chi Minh City,standard,SAVEUPTO20
O001282,C000007,2026-04-15 18:28:44.159993,pending,Ho Chi Minh City,standard,
O001283,C000077,2026-03-16 10:24:57.159993,completed,Hanoi,,
O001284,C000320,2026-05-27 00:48:03.159993,completed,Ho Chi Minh City,standard,
O001285,C000542,2026-01-27 16:13:46.159993,completed,Ho Chi Minh City,,
O001286,C000743,2026-05-25 03:21:06.159993,returned,Ho Chi Minh City,standard,
O001287,C000761,2026-04-01 04:31:50.159993,completed,Can Tho,express,
O001288,C000300,2026-03-17 19:03:53.159993,completed,Ho Chi Minh City,,
O001289,C000564,2026-01-27 13:17:55.159993,completed,Ho Chi Minh City,,
O001290,C000779,2026-04-25 03:55:25.159993,cancelled,Ho Chi Minh City,standard,SAVEUPTO20
O001291,C000962,2026-06-13 02:42:16.159993,cancelled,Ho Chi Minh City,same_day,SAVEUPTO20
O001292,C000337,2026-06-19 04:48:48.159993,completed,Ho Chi Minh City,same_day,
O001293,C000200,2026-06-18 19:59:14.159993,pending,Ho Chi Minh City,express,
O001294,C000730,2026-04-28 02:25:18.159993,completed,Da Nang,standard,
O001295,C000419,2026-02-22 05:52:14.159993,completed,Ho Chi Minh City,,
O001296,C000202,2026-06-06 02:33:13.159993,completed,Ho Chi Minh City,standard,SAVEUPTO20
O001297,C000722,2026-06-16 18:44:26.159993,completed,Ho Chi Minh City,same_day,SAVEUPTO20
O001298,C000967,2026-06-14 16:59:02.159993,completed,Hanoi,express,SAVEUPTO20
O001299,C000158,2026-06-11 02:15:05.159993,completed,Ho Chi Minh City,standard,SAVEUPTO20
O001300,C000504,2026-06-16 17:17:51.159993,completed,Ho Chi Minh City,express,SAVEUPTO20
O001301,C000906,2026-05-06 00:08:07.159993,cancelled,Ho Chi Minh City,express,
O001302,C000888,2026-04-18 12:45:59.159993,completed,Ho Chi Minh City,standard,
O001303,C000212,2026-06-03 04:58:04.159993,completed,Ho Chi Minh City,standard,
O001304,C000159,2026-03-31 21:45:29.159993,completed,Da Nang,standard,SAVEUPTO20
O001305,C000662,2026-06-03 09:25:56.159993,completed,Ho Chi Minh City,express,
O001306,C000762,2026-04-12 19:02:25.159993,completed,Ho Chi Minh City,standard,
O001307,C000539,2026-06-15 14:29:34.159993,completed,Ho Chi Minh City,standard,SAVEUPTO20
O001308,C000405,2026-04-14 04:43:28.159993,completed,Ho Chi Minh City,standard,
O001309,C000922,2026-04-09 14:58:01.159993,completed,Ho Chi Minh City,standard,
O001310,C000374,2026-06-15 09:18:47.159993,completed,Ho Chi Minh City,standard,
O001311,C000636,2026-05-24 21:59:24.159993,completed,Da Nang,standard,
O001312,C000738,2026-05-20 09:49:48.159993,completed,Hanoi,same_day,
O001313,C000553,2026-05-23 17:18:51.159993,cancelled,Ho Chi Minh City,same_day,SAVEUPTO20
O001314,C000547,2026-03-12 02:50:04.159993,completed,Ho Chi Minh City,,
O001315,C000548,2026-04-19 11:46:12.159993,completed,Ho Chi Minh City,standard,
O001316,C000931,2026-04-18 19:14:28.159993,completed,Ho Chi Minh City,standard,
O001317,C000995,2026-05-31 02:41:27.159993,completed,Ho Chi Minh City,standard,SAVEUPTO20
O001318,C000078,2026-03-07 22:14:47.159993,completed,Ho Chi Minh City,,
O001319,C000557,2026-05-27 00:52:41.159993,completed,Bien Hoa,standard,
O001320,C000012,2026-06-20 20:09:07.159993,completed,Ho Chi Minh City,standard,
O001321,C000671,2026-06-18 02:57:16.159993,cancelled,Can Tho,express,
O001322,C000184,2026-05-02 12:42:16.159993,completed,Da Nang,standard,
O001323,C000453,2026-05-17 08:28:16.159993,pending,Ho Chi Minh City,standard,
O001324,C000715,2026-06-14 22:27:18.159993,completed,Ho Chi Minh City,standard,SAVEUPTO20
O001325,C000076,2026-04-06 03:16:29.159993,completed,Ho Chi Minh City,standard,
O001326,C000452,2026-06-08 16:47:30.159993,completed,Ho Chi Minh City,standard,
O001327,C000710,2026-04-07 02:36:01.159993,completed,Ho Chi Minh City,standard,SAVEUPTO20
O001328,C000717,2026-04-02 07:56:32.159993,completed,Ho Chi Minh City,same_day,
O001329,C000302,2026-06-11 03:09:19.159993,cancelled,Ho Chi Minh City,express,
O001330,C000955,2026-05-25 05:48:50.159993,pending,Ho Chi Minh City,standard,SAVEUPTO20
O001331,C000309,2026-04-12 03:21:32.159993,completed,Ho Chi Minh City,express,
O001332,C000494,2026-05-09 13:52:59.159993,completed,Hanoi,standard,
O001333,C000366,2026-04-12 11:54:22.159993,completed,Ho Chi Minh City,standard,
O001334,C000709,2026-04-16 18:47:31.159993,completed,Ho Chi Minh City,standard,
O001335,C000302,2026-05-21 19:11:00.159993,completed,Ho Chi Minh City,standard,
O001336,C000124,2026-06-01 14:35:56.159993,completed,Ho Chi Minh City,standard,
O001337,C000367,2026-06-15 20:12:33.159993,completed,Da Nang,express,
O001338,C000809,2026-05-04 05:12:06.159993,completed,Ho Chi Minh City,standard,
O001339,C000950,2026-04-10 18:58:04.159993,pending,Ho Chi Minh City,express,
O001340,C000203,2026-03-30 14:28:03.159993,completed,Ho Chi Minh City,standard,
O001341,C000244,2026-05-19 15:30:39.159993,completed,Ho Chi Minh City,standard,
O001342,C000957,2026-05-19 12:55:29.159993,cancelled,Ho Chi Minh City,same_day,
O001343,C000695,2026-02-19 08:53:55.159993,completed,Ho Chi Minh City,,
O001344,C000898,2026-05-07 22:47:14.159993,completed,Ho Chi Minh City,standard,SAVEUPTO20
O001345,C000763,2026-06-21 10:00:57.159993,completed,Ho Chi Minh City,standard,
O001346,C000766,2026-05-23 05:00:10.159993,returned,Ho Chi Minh City,standard,
O001347,C000052,2026-05-12 06:30:36.159993,cancelled,Da Nang,standard,SAVEUPTO20
O001348,C000237,2026-04-29 04:45:20.159993,completed,Ho Chi Minh City,standard,
O001349,C000428,2026-05-31 05:59:00.159993,completed,Ho Chi Minh City,standard,
O001350,C000891,2026-05-29 20:18:15.159993,completed,Ho Chi Minh City,standard,SAVEUPTO20
O001351,C000780,2026-06-16 12:38:20.159993,completed,Ho Chi Minh City,express,
O001352,C000696,2026-05-31 10:15:46.159993,completed,Ho Chi Minh City,standard,
O001353,C000062,2026-06-18 03:58:28.159993,cancelled,Ho Chi Minh City,standard,
O001354,C000613,2026-06-06 02:59:30.159993,completed,Ho Chi Minh City,standard,
O001355,C000459,2026-06-20 23:11:59.159993,completed,Ho Chi Minh City,express,SAVEUPTO20
O001356,C000120,2026-02-10 12:15:13.159993,completed,Ho Chi Minh City,,
O001357,C000974,2026-04-21 09:41:21.159993,completed,Ho Chi Minh City,express,
O001358,C000755,2026-04-20 12:33:56.159993,completed,Ho Chi Minh City,express,
O001359,C000832,2026-03-01 13:43:09.159993,completed,Ho Chi Minh City,,
O001360,C000845,2026-01-23 02:47:25.159993,completed,Ho Chi Minh City,,
O001361,C000738,2026-03-03 11:15:32.159993,completed,Can Tho,,
O001362,C000589,2026-06-19 09:46:38.159993,completed,Ho Chi Minh City,standard,
O001363,C000578,2026-06-15 09:48:43.159993,completed,Ho Chi Minh City,standard,
O001364,C000241,2026-06-16 02:44:19.159993,completed,Ho Chi Minh City,standard,
O001365,C000739,2026-06-10 06:05:15.159993,completed,Ho Chi Minh City,standard,
O001366,C000116,2026-06-05 10:06:47.159993,completed,Ho Chi Minh City,same_day,
O001367,C000134,2026-06-18 12:09:07.159993,completed,Ho Chi Minh City,same_day,
O001368,C000729,2026-04-13 18:29:28.159993,completed,Da Nang,standard,
O001369,C000665,2026-05-21 06:23:27.159993,cancelled,Hanoi,standard,SAVEUPTO20
O001370,C000094,2026-05-18 23:44:25.159993,completed,Hanoi,standard,
O001371,C000346,2026-06-03 16:39:31.159993,completed,Ho Chi Minh City,standard,SAVEUPTO20
O001372,C000705,2026-05-01 04:57:13.159993,returned,Ho Chi Minh City,standard,
O001373,C000743,2026-05-22 23:33:43.159993,completed,Bien Hoa,standard,
O001374,C000675,2026-06-01 17:15:37.159993,completed,Ho Chi Minh City,same_day,
O001375,C000843,2026-06-13 13:24:56.159993,cancelled,Da Nang,standard,SAVEUPTO20
O001376,C000004,2026-03-28 07:42:42.159993,completed,Ho Chi Minh City,standard,
O001377,C000457,2026-04-05 10:43:52.159993,completed,Ho Chi Minh City,express,SAVEUPTO20
O001378,C000506,2026-03-29 21:13:11.159993,completed,Ho Chi Minh City,standard,SAVEUPTO20
O001379,C000811,2026-02-18 21:13:21.159993,completed,Ho Chi Minh City,,
O001380,C000529,2026-06-07 00:38:18.159993,completed,Ho Chi Minh City,express,SAVEUPTO20
O001381,C000029,2026-05-27 13:35:55.159993,completed,Ho Chi Minh City,standard,
O001382,C000496,2026-05-25 11:00:10.159993,returned,Ho Chi Minh City,same_day,
O001383,C000869,2026-06-14 22:27:08.159993,completed,Ho Chi Minh City,standard,SAVEUPTO20
O001384,C000202,2026-06-08 05:52:45.159993,cancelled,Ho Chi Minh City,express,
O001385,C000924,2026-02-19 04:08:53.159993,completed,Can Tho,,
O001386,C000131,2026-05-10 21:34:27.159993,completed,Ho Chi Minh City,standard,SAVEUPTO20
O001387,C000221,2026-02-15 07:27:49.159993,cancelled,Ho Chi Minh City,,
O001388,C000647,2026-05-26 04:22:20.159993,cancelled,Ho Chi Minh City,express,
O001389,C000223,2026-05-24 17:13:56.159993,cancelled,Ho Chi Minh City,standard,
O001390,C000701,2026-05-07 20:53:26.159993,completed,Ho Chi Minh City,standard,
O001391,C000120,2026-05-17 16:11:57.159993,completed,Ho Chi Minh City,standard,
O001392,C000421,2026-06-09 15:15:46.159993,completed,Ho Chi Minh City,standard,
O001393,C000965,2026-06-19 21:54:46.159993,completed,Ho Chi Minh City,standard,
O001394,C000037,2026-05-29 21:22:35.159993,cancelled,Ho Chi Minh City,standard,
O001395,C000993,2026-02-20 17:59:42.159993,completed,Ho Chi Minh City,,
O001396,C000860,2026-06-14 18:07:23.159993,completed,Ho Chi Minh City,express,
O001397,C000844,2026-01-17 12:26:51.159993,completed,Ho Chi Minh City,,
O001398,C000204,2026-05-25 22:17:52.159993,completed,Da Nang,standard,SAVEUPTO20
O001399,C000193,2026-06-04 11:28:44.159993,completed,Ho Chi Minh City,standard,SAVEUPTO20
O001400,C000195,2026-06-20 07:27:47.159993,completed,Ho Chi Minh City,standard,
O001401,C000276,2026-05-28 04:50:19.159993,completed,Ho Chi Minh City,standard,
O001402,C000480,2026-05-22 09:00:00.159993,completed,Ho Chi Minh City,standard,
O001403,C000319,2026-06-12 15:12:55.159993,completed,Da Nang,standard,
O001404,C000942,2026-05-14 04:50:49.159993,completed,Ho Chi Minh City,standard,
O001405,C000349,2026-03-29 05:31:05.159993,completed,Hanoi,express,
O001406,C000266,2026-04-15 14:45:34.159993,completed,Ho Chi Minh City,standard,
O001407,C000297,2026-06-12 05:15:25.159993,completed,Ho Chi Minh City,standard,
O001408,C000317,2026-05-04 16:17:10.159993,completed,Da Nang,standard,
O001409,C000990,2026-05-27 19:38:08.159993,completed,Ho Chi Minh City,standard,
O001410,C000452,2026-06-10 17:11:06.159993,completed,Hanoi,express,
O001411,C000303,2026-05-29 03:00:00.159993,completed,Ho Chi Minh City,standard,
O001412,C000683,2026-06-14 20:46:08.159993,completed,Ho Chi Minh City,standard,SAVEUPTO20
O001413,C000450,2026-03-05 12:52:10.159993,completed,Can Tho,,
O001414,C000860,2026-06-21 07:12:39.159993,completed,Ho Chi Minh City,standard,
O001415,C000868,2026-06-21 11:27:35.159993,completed,Ho Chi Minh City,standard,
O001416,C000105,2026-05-21 17:10:49.159993,completed,Ho Chi Minh City,standard,
O001417,C000317,2026-05-28 19:03:29.159993,completed,Ho Chi Minh City,standard,SAVEUPTO20
O001418,C000705,2026-04-07 21:05:45.159993,completed,Ho Chi Minh City,express,
O001419,C000892,2026-05-16 11:00:46.159993,completed,Ho Chi Minh City,standard,
O001420,C000970,2026-02-19 01:54:56.159993,completed,Ho Chi Minh City,,
O001421,C000990,2026-05-20 16:05:28.159993,completed,Ho Chi Minh City,standard,
O001422,C000735,2026-03-28 23:59:27.159993,completed,Ho Chi Minh City,express,
O001423,C000007,2026-04-14 14:42:08.159993,completed,Ho Chi Minh City,express,
O001424,C000310,2026-06-17 18:42:35.159993,completed,Ho Chi Minh City,same_day,
O001425,C000560,2026-06-01 05:20:15.159993,pending,Ho Chi Minh City,express,
O001426,C000126,2026-04-16 09:14:04.159993,completed,Hanoi,standard,
O001427,C000054,2026-06-19 18:30:34.159993,completed,Ho Chi Minh City,standard,
O001428,C000155,2026-05-20 05:26:38.159993,completed,Ho Chi Minh City,standard,
O001429,C000994,2026-05-28 10:16:59.159993,completed,Ho Chi Minh City,standard,
O001430,C000208,2026-06-18 17:26:41.159993,returned,Hanoi,standard,
O001431,C000304,2026-06-16 12:14:23.159993,completed,Ho Chi Minh City,express,SAVEUPTO20
O001432,C000332,2026-04-20 03:25:19.159993,completed,Ho Chi Minh City,standard,
O001433,C000008,2026-05-16 01:46:41.159993,completed,Ho Chi Minh City,standard,
O001434,C000927,2026-05-17 15:49:24.159993,completed,Can Tho,standard,
O001435,C000884,2026-03-04 06:18:51.159993,returned,Ho Chi Minh City,,
O001436,C000036,2026-02-25 13:37:52.159993,cancelled,Ho Chi Minh City,,
O001437,C000839,2026-05-27 17:47:44.159993,completed,Ho Chi Minh City,standard,
O001438,C000751,2026-06-15 13:27:05.159993,completed,Ho Chi Minh City,standard,
O001439,C000034,2026-04-23 13:05:54.159993,completed,Ho Chi Minh City,standard,
O001440,C000205,2026-04-29 05:36:18.159993,completed,Ho Chi Minh City,standard,
O001441,C000520,2026-06-19 06:27:04.159993,pending,Ho Chi Minh City,express,
O001442,C000309,2026-05-11 17:29:27.159993,completed,Ho Chi Minh City,standard,
O001443,C000157,2026-04-23 17:16:56.159993,completed,Ho Chi Minh City,standard,
O001444,C000336,2026-06-12 17:57:27.159993,completed,Ho Chi Minh City,same_day,SAVEUPTO20
O001445,C000410,2026-06-11 09:14:06.159993,completed,Da Nang,standard,
O001446,C000116,2026-05-15 19:37:32.159993,completed,Ho Chi Minh City,standard,
O001447,C000821,2026-01-02 18:28:09.159993,returned,Ho Chi Minh City,,
O001448,C000545,2026-06-12 09:11:32.159993,cancelled,Ho Chi Minh City,standard,
O001449,C000114,2026-06-03 10:51:46.159993,completed,Da Nang,standard,
O001450,C000920,2026-06-08 07:43:01.159993,completed,Ho Chi Minh City,same_day,
O001451,C000719,2026-04-21 21:29:04.159993,completed,Ho Chi Minh City,standard,
O001452,C000918,2026-06-12 04:39:45.159993,completed,Ho Chi Minh City,standard,
O001453,C000591,2026-06-21 04:15:46.159993,completed,Ho Chi Minh City,standard,SAVEUPTO20
O001454,C000585,2026-04-01 06:34:31.159993,completed,Bien Hoa,same_day,
O001455,C000781,2026-05-31 03:09:11.159993,pending,Ho Chi Minh City,express,
O001456,C000722,2026-06-15 05:47:50.159993,completed,Ho Chi Minh City,express,
O001457,C000912,2026-04-11 21:33:20.159993,pending,Ho Chi Minh City,standard,
O001458,C000604,2026-04-02 23:45:58.159993,completed,Ho Chi Minh City,express,SAVEUPTO20
O001459,C000146,2026-06-17 17:39:22.159993,completed,Hanoi,standard,
O001460,C000346,2026-06-13 23:26:56.159993,returned,Can Tho,express,SAVEUPTO20
O001461,C000124,2026-03-23 21:57:15.159993,cancelled,Ho Chi Minh City,,
O001462,C000221,2026-02-04 15:54:04.159993,completed,Da Nang,,
O001463,C000457,2026-06-01 11:33:16.159993,completed,Can Tho,standard,SAVEUPTO20
O001464,C000953,2026-06-16 21:24:59.159993,completed,Ho Chi Minh City,standard,
O001465,C000907,2026-06-07 10:08:44.159993,completed,Ho Chi Minh City,standard,
O001466,C000072,2026-02-06 01:24:24.159993,completed,Ho Chi Minh City,,
O001467,C000856,2026-05-30 08:49:21.159993,completed,Ho Chi Minh City,express,
O001468,C000355,2026-06-21 08:28:28.159993,completed,Ho Chi Minh City,standard,SAVEUPTO20
O001469,C000647,2026-05-29 23:24:57.159993,completed,Ho Chi Minh City,standard,SAVEUPTO20
O001470,C000037,2026-06-12 06:56:29.159993,completed,Ho Chi Minh City,same_day,
O001471,C000823,2026-03-27 23:11:35.159993,cancelled,Ho Chi Minh City,standard,
O001472,C000330,2026-04-07 10:44:02.159993,completed,Ho Chi Minh City,standard,
O001473,C000785,2026-03-25 18:58:08.159993,returned,Ho Chi Minh City,standard,
O001474,C000594,2026-06-18 04:08:45.159993,completed,Ho Chi Minh City,same_day,
O001475,C000422,2026-06-16 03:51:36.159993,pending,Ho Chi Minh City,same_day,SAVEUPTO20
O001476,C000015,2026-06-18 15:52:34.159993,completed,Ho Chi Minh City,standard,SAVEUPTO20
O001477,C000202,2026-06-11 11:46:29.159993,completed,Ho Chi Minh City,express,
O001478,C000029,2026-04-15 06:11:10.159993,returned,Can Tho,standard,
O001479,C000760,2026-06-08 04:19:59.159993,completed,Ho Chi Minh City,standard,SAVEUPTO20
O001480,C000185,2026-04-08 20:56:17.159993,completed,Ho Chi Minh City,standard,
O001481,C000169,2026-05-31 06:34:20.159993,completed,Ho Chi Minh City,standard,
O001482,C000988,2026-04-20 04:01:23.159993,completed,Ho Chi Minh City,standard,
O001483,C000904,2026-06-06 05:31:12.159993,completed,Ho Chi Minh City,same_day,
O001484,C000098,2026-05-27 03:15:34.159993,completed,Ho Chi Minh City,express,
O001485,C000608,2026-05-27 22:56:00.159993,completed,Ho Chi Minh City,express,
O001486,C000156,2026-05-06 06:51:38.159993,completed,Ho Chi Minh City,same_day,
O001487,C000529,2026-06-13 17:18:17.159993,completed,Ho Chi Minh City,same_day,SAVEUPTO20
O001488,C000923,2026-05-27 06:12:43.159993,completed,Ho Chi Minh City,standard,
O001489,C000455,2026-04-12 15:49:57.159993,cancelled,Ho Chi Minh City,standard,
O001490,C000871,2026-04-25 08:27:30.159993,completed,Ho Chi Minh City,standard,
O001491,C000718,2026-05-23 01:38:31.159993,completed,Ho Chi Minh City,standard,
O001492,C000519,2026-06-20 00:22:12.159993,completed,Ho Chi Minh City,express,
O001493,C000223,2026-05-24 10:29:09.159993,completed,Ho Chi Minh City,standard,
O001494,C000345,2026-06-08 14:00:49.159993,completed,Ho Chi Minh City,standard,
O001495,C000761,2026-06-05 06:25:17.159993,completed,Ho Chi Minh City,standard,
O001496,C000394,2026-05-09 05:10:42.159993,completed,Ho Chi Minh City,standard,SAVEUPTO20
O001497,C000734,2026-05-24 14:48:29.159993,completed,Hanoi,express,
O001498,C000084,2026-05-25 06:59:26.159993,completed,Ho Chi Minh City,express,
O001499,C000710,2026-04-25 19:18:04.159993,completed,Ho Chi Minh City,standard,
O001500,C000448,2026-06-19 11:17:21.159993,completed,Ho Chi Minh City,express,
O001501,C000555,2026-06-20 18:33:13.159993,completed,Ho Chi Minh City,same_day,
O001502,C000272,2026-06-04 23:50:44.159993,completed,Ho Chi Minh City,standard,SAVEUPTO20
O001503,C000023,2026-02-17 17:13:05.159993,completed,Ho Chi Minh City,,
O001504,C000079,2026-05-13 00:20:18.159993,completed,Ho Chi Minh City,express,
O001505,C000848,2026-01-28 05:00:11.159993,completed,Ho Chi Minh City,,
O001506,C000140,2026-04-17 06:02:04.159993,completed,Ho Chi Minh City,standard,
O001507,C000208,2026-06-19 16:50:09.159993,returned,Ho Chi Minh City,standard,
O001508,C000800,2026-05-15 21:21:32.159993,completed,Ho Chi Minh City,standard,
O001509,C000731,2026-05-11 14:53:30.159993,completed,Ho Chi Minh City,standard,
O001510,C000873,2026-04-01 23:13:57.159993,completed,Ho Chi Minh City,standard,
O001511,C000464,2026-04-06 09:31:09.159993,cancelled,Ho Chi Minh City,standard,
O001512,C000366,2026-04-03 18:15:42.159993,completed,Da Nang,standard,
O001513,C000920,2026-05-22 19:12:48.159993,completed,Ho Chi Minh City,standard,SAVEUPTO20
O001514,C000768,2026-06-20 06:34:00.159993,completed,Ho Chi Minh City,standard,SAVEUPTO20
O001515,C000048,2026-06-17 23:38:01.159993,completed,Ho Chi Minh City,standard,
O001516,C000874,2026-03-01 10:19:13.159993,completed,Ho Chi Minh City,,
O001517,C000176,2026-06-10 19:18:09.159993,completed,Ho Chi Minh City,standard,
O001518,C000839,2026-05-17 06:17:02.159993,completed,Ho Chi Minh City,express,SAVEUPTO20
O001519,C000197,2026-06-09 09:49:58.159993,completed,Ho Chi Minh City,standard,
O001520,C000065,2026-05-25 07:27:45.159993,cancelled,Ho Chi Minh City,standard,
O001521,C000745,2026-06-06 22:20:18.159993,completed,Ho Chi Minh City,express,SAVEUPTO20
O001522,C000275,2026-04-17 11:06:17.159993,completed,Ho Chi Minh City,standard,
O001523,C000641,2026-06-10 00:23:20.159993,pending,Ho Chi Minh City,standard,
O001524,C000709,2026-05-21 03:14:58.159993,completed,Da Nang,standard,
O001525,C000138,2026-01-15 05:18:45.159993,completed,Ho Chi Minh City,,
O001526,C000343,2026-04-19 07:21:42.159993,completed,Da Nang,same_day,
O001527,C000841,2026-06-16 16:21:50.159993,completed,Ho Chi Minh City,standard,
O001528,C000561,2026-04-01 17:02:42.159993,completed,Ho Chi Minh City,standard,
O001529,C000166,2026-06-01 05:47:02.159993,pending,Ho Chi Minh City,express,
O001530,C000908,2026-04-27 02:51:30.159993,completed,Ho Chi Minh City,standard,
O001531,C000822,2026-04-22 15:25:45.159993,completed,Ho Chi Minh City,standard,
O001532,C000004,2026-04-09 23:26:39.159993,completed,Ho Chi Minh City,express,
O001533,C000813,2026-05-19 21:31:24.159993,completed,Ho Chi Minh City,standard,
O001534,C000956,2026-06-07 07:32:37.159993,returned,Ho Chi Minh City,express,
O001535,C000518,2026-03-17 17:20:29.159993,completed,Ho Chi Minh City,,
O001536,C000523,2026-04-25 06:55:48.159993,completed,Ho Chi Minh City,express,SAVEUPTO20
O001537,C000783,2026-01-31 04:18:51.159993,completed,Ho Chi Minh City,,
O001538,C000960,2026-04-21 15:59:41.159993,cancelled,Ho Chi Minh City,standard,
O001539,C000172,2026-01-24 21:13:26.159993,completed,Ho Chi Minh City,,
O001540,C000558,2026-05-31 10:40:02.159993,completed,Ho Chi Minh City,express,
O001541,C000597,2026-06-08 16:24:17.159993,completed,Ho Chi Minh City,standard,SAVEUPTO20
O001542,C000552,2026-06-11 11:26:19.159993,pending,Ho Chi Minh City,same_day,
O001543,C000909,2026-03-25 10:51:24.159993,completed,Ho Chi Minh City,standard,
O001544,C000757,2026-06-13 15:19:00.159993,completed,Ho Chi Minh City,same_day,
O001545,C000762,2026-04-20 03:02:43.159993,completed,Ho Chi Minh City,standard,SAVEUPTO20
O001546,C000726,2026-05-30 12:03:11.159993,completed,Ho Chi Minh City,standard,
O001547,C000756,2026-03-19 22:51:03.159993,completed,Ho Chi Minh City,,
O001548,C000208,2026-06-19 15:59:32.159993,completed,Ho Chi Minh City,standard,
O001549,C000503,2026-06-21 01:52:25.159993,completed,Ho Chi Minh City,standard,
O001550,C000792,2026-04-01 10:01:33.159993,completed,Ho Chi Minh City,standard,
O001551,C000834,2026-05-20 01:05:14.159993,completed,Ho Chi Minh City,standard,
O001552,C000336,2026-06-16 10:32:53.159993,completed,Ho Chi Minh City,same_day,SAVEUPTO20
O001553,C000670,2026-02-11 03:39:31.159993,completed,Ho Chi Minh City,,
O001554,C000747,2026-04-12 15:36:32.159993,completed,Ho Chi Minh City,standard,
O001555,C000076,2026-03-26 17:46:14.159993,completed,Ho Chi Minh City,standard,
O001556,C000186,2026-04-16 08:00:01.159993,completed,Ho Chi Minh City,standard,
O001557,C000618,2026-03-09 19:33:38.159993,completed,Ho Chi Minh City,,
O001558,C000709,2026-06-03 06:53:12.159993,pending,Ho Chi Minh City,standard,SAVEUPTO20
O001559,C000224,2026-04-23 05:02:24.159993,completed,Can Tho,express,
O001560,C000508,2026-06-16 22:12:35.159993,completed,Ho Chi Minh City,same_day,
O001561,C000122,2026-05-10 11:12:45.159993,completed,Ho Chi Minh City,same_day,
O001562,C000184,2026-05-24 22:12:51.159993,completed,Hanoi,standard,
O001563,C000885,2026-05-24 15:44:20.159993,completed,Ho Chi Minh City,standard,
O001564,C000555,2026-06-20 03:34:36.159993,completed,Ho Chi Minh City,standard,SAVEUPTO20
O001565,C000436,2026-03-15 21:38:58.159993,completed,Ho Chi Minh City,,
O001566,C000103,2026-05-18 13:32:04.159993,completed,Ho Chi Minh City,standard,
O001567,C000107,2026-06-15 13:24:38.159993,completed,Ho Chi Minh City,standard,
O001568,C000389,2026-06-02 11:35:47.159993,completed,Ho Chi Minh City,standard,
O001569,C000530,2026-06-11 08:56:18.159993,completed,Ho Chi Minh City,same_day,
O001570,C000661,2026-03-08 03:04:44.159993,completed,Ho Chi Minh City,,
O001571,C000533,2026-02-08 15:52:41.159993,completed,Ho Chi Minh City,,
O001572,C000244,2026-05-17 09:06:41.159993,completed,Ho Chi Minh City,standard,SAVEUPTO20
O001573,C000776,2026-06-16 18:37:54.159993,completed,Ho Chi Minh City,same_day,
O001574,C000896,2026-06-19 21:02:08.159993,completed,Ho Chi Minh City,standard,
O001575,C000663,2026-04-03 00:55:08.159993,completed,Ho Chi Minh City,standard,SAVEUPTO20
O001576,C000737,2026-05-12 20:43:32.159993,completed,Ho Chi Minh City,standard,
O001577,C000470,2026-06-20 07:15:06.159993,pending,Ho Chi Minh City,standard,
O001578,C000063,2026-04-09 11:07:42.159993,completed,Ho Chi Minh City,standard,SAVEUPTO20
O001579,C000752,2026-05-18 22:05:57.159993,completed,Ho Chi Minh City,same_day,
O001580,C000490,2026-05-23 19:58:56.159993,completed,Ho Chi Minh City,standard,
O001581,C000626,2026-03-12 08:15:56.159993,completed,Ho Chi Minh City,,
O001582,C000780,2026-06-06 22:29:31.159993,cancelled,Ho Chi Minh City,same_day,
O001583,C000549,2026-06-16 11:42:20.159993,pending,Ho Chi Minh City,standard,
O001584,C000094,2026-06-18 09:38:14.159993,completed,Ho Chi Minh City,standard,
O001585,C000744,2026-04-10 16:21:54.159993,completed,Can Tho,standard,
O001586,C000220,2026-06-08 19:09:27.159993,completed,Ho Chi Minh City,same_day,
O001587,C000020,2026-05-24 14:43:10.159993,completed,Ho Chi Minh City,same_day,
O001588,C000321,2026-04-28 00:16:58.159993,completed,Ho Chi Minh City,standard,SAVEUPTO20
O001589,C000453,2026-06-07 16:46:00.159993,completed,Ho Chi Minh City,standard,
O001590,C000361,2026-05-26 07:52:55.159993,completed,Ho Chi Minh City,standard,SAVEUPTO20
O001591,C000263,2026-04-08 13:55:27.159993,pending,Ho Chi Minh City,same_day,
O001592,C000018,2026-02-09 07:13:27.159993,completed,Hanoi,,
O001593,C000325,2026-06-20 09:30:31.159993,completed,Ho Chi Minh City,express,
O001594,C000396,2026-06-04 14:53:58.159993,returned,Ho Chi Minh City,standard,SAVEUPTO20
O001595,C000089,2026-05-25 15:20:12.159993,completed,Ho Chi Minh City,standard,
O001596,C000510,2026-02-13 20:37:37.159993,pending,Ho Chi Minh City,,
O001597,C000866,2026-06-17 00:04:19.159993,completed,Ho Chi Minh City,express,
O001598,C000327,2026-03-19 09:07:20.159993,cancelled,Hanoi,,
O001599,C000869,2026-04-21 17:28:30.159993,completed,Ho Chi Minh City,standard,SAVEUPTO20
O001600,C000259,2026-05-07 04:41:38.159993,completed,Da Nang,express,
O001601,C000214,2026-05-31 21:11:45.159993,pending,Ho Chi Minh City,same_day,
O001602,C000144,2026-06-02 23:22:58.159993,completed,Ho Chi Minh City,standard,
O001603,C000776,2026-06-19 06:21:46.159993,completed,Ho Chi Minh City,standard,
O001604,C000775,2026-06-21 13:43:41.159993,completed,Da Nang,standard,
O001605,C000089,2026-05-31 10:17:29.159993,completed,Ho Chi Minh City,standard,
O001606,C000741,2026-06-03 06:46:09.159993,completed,Ho Chi Minh City,standard,SAVEUPTO20
O001607,C000492,2026-06-11 16:11:51.159993,completed,Ho Chi Minh City,express,
O001608,C000856,2026-06-12 19:31:44.159993,pending,Ho Chi Minh City,standard,
O001609,C000147,2026-03-19 15:07:50.159993,completed,Ho Chi Minh City,,
O001610,C000226,2026-05-29 11:22:24.159993,returned,Hanoi,standard,
O001611,C000529,2026-06-15 03:14:54.159993,completed,Ho Chi Minh City,express,
O001612,C000556,2026-05-22 08:13:06.159993,completed,Ho Chi Minh City,standard,SAVEUPTO20
O001613,C000017,2026-04-07 11:01:10.159993,completed,Ho Chi Minh City,express,
O001614,C000662,2026-05-19 15:16:26.159993,cancelled,Ho Chi Minh City,standard,
O001615,C000081,2026-06-21 04:47:05.159993,completed,Ho Chi Minh City,standard,
O001616,C000471,2026-05-19 08:09:18.159993,completed,Ho Chi Minh City,standard,
O001617,C000533,2026-02-20 07:13:22.159993,completed,Ho Chi Minh City,,
O001618,C000571,2026-06-19 17:22:55.159993,completed,Ho Chi Minh City,express,
O001619,C000876,2026-05-12 03:45:41.159993,completed,Ho Chi Minh City,standard,
O001620,C000408,2026-03-06 10:41:10.159993,completed,Ho Chi Minh City,,
O001621,C000471,2026-05-15 20:05:08.159993,completed,Ho Chi Minh City,standard,
O001622,C000083,2026-06-02 01:10:14.159993,completed,Ho Chi Minh City,standard,
O001623,C000109,2026-05-05 15:40:03.159993,completed,Can Tho,standard,
O001624,C000859,2026-05-08 08:23:45.159993,completed,Ho Chi Minh City,standard,SAVEUPTO20
O001625,C000711,2026-05-20 13:18:53.159993,completed,Ho Chi Minh City,standard,
O001626,C000660,2026-03-24 01:50:19.159993,completed,Ho Chi Minh City,express,
O001627,C000022,2026-05-13 10:57:45.159993,completed,Da Nang,express,
O001628,C000290,2026-06-17 21:58:19.159993,completed,Hanoi,standard,
O001629,C000512,2026-06-20 22:09:54.159993,completed,Ho Chi Minh City,standard,
O001630,C000104,2026-03-07 19:12:05.159993,completed,Ho Chi Minh City,,
O001631,C000678,2026-01-28 12:04:03.159993,pending,Ho Chi Minh City,,
O001632,C000746,2026-04-18 10:31:27.159993,cancelled,Ho Chi Minh City,express,
O001633,C000735,2026-06-11 00:35:10.159993,completed,Ho Chi Minh City,express,
O001634,C000405,2026-03-24 02:31:37.159993,cancelled,Ho Chi Minh City,standard,SAVEUPTO20
O001635,C000972,2026-05-15 14:31:15.159993,completed,Ho Chi Minh City,standard,
O001636,C000310,2026-04-20 06:54:41.159993,completed,Ho Chi Minh City,standard,
O001637,C000585,2026-06-11 15:41:23.159993,returned,Ho Chi Minh City,express,
O001638,C000580,2026-04-28 23:31:22.159993,completed,Ho Chi Minh City,standard,
O001639,C000425,2026-04-18 18:57:36.159993,completed,Ho Chi Minh City,standard,
O001640,C000422,2026-05-10 17:24:30.159993,completed,Ho Chi Minh City,standard,
O001641,C000952,2026-03-22 15:40:19.159993,completed,Ho Chi Minh City,,
O001642,C000612,2026-03-31 07:59:14.159993,pending,Ho Chi Minh City,standard,SAVEUPTO20
O001643,C000936,2026-06-18 08:06:21.159993,completed,Can Tho,express,
O001644,C000978,2026-05-02 20:17:14.159993,pending,Ho Chi Minh City,standard,SAVEUPTO20
O001645,C000957,2026-03-19 06:14:50.159993,completed,Ho Chi Minh City,,
O001646,C000175,2026-05-03 00:47:26.159993,completed,Ho Chi Minh City,express,
O001647,C000436,2026-05-16 22:35:00.159993,cancelled,Ho Chi Minh City,standard,SAVEUPTO20
O001648,C000974,2026-03-19 08:31:40.159993,completed,Ho Chi Minh City,,
O001649,C000124,2026-04-12 05:20:52.159993,completed,Ho Chi Minh City,standard,
O001650,C000677,2026-04-10 05:13:25.159993,returned,Ho Chi Minh City,standard,
O001651,C000157,2026-05-28 22:32:22.159993,completed,Ho Chi Minh City,standard,SAVEUPTO20
O001652,C000291,2026-06-07 15:00:08.159993,completed,Ho Chi Minh City,express,
O001653,C000360,2026-05-29 20:43:54.159993,cancelled,Ho Chi Minh City,same_day,
O001654,C000911,2026-06-02 01:52:46.159993,completed,Ho Chi Minh City,same_day,
O001655,C000479,2026-06-04 15:25:36.159993,completed,Ho Chi Minh City,standard,
O001656,C000689,2026-03-17 08:43:36.159993,completed,Ho Chi Minh City,,
O001657,C000178,2026-04-06 10:41:31.159993,completed,Ho Chi Minh City,standard,
O001658,C000098,2026-06-20 13:36:48.159993,completed,Da Nang,express,
O001659,C000887,2026-04-08 20:09:06.159993,completed,Ho Chi Minh City,standard,
O001660,C000976,2026-05-03 12:17:44.159993,pending,Ho Chi Minh City,standard,
O001661,C000835,2026-06-20 12:24:57.159993,cancelled,Ho Chi Minh City,same_day,
O001662,C000890,2026-06-09 15:07:34.159993,completed,Can Tho,standard,
O001663,C000187,2026-05-21 02:28:29.159993,completed,Ho Chi Minh City,express,
O001664,C000827,2026-06-15 11:31:16.159993,cancelled,Ho Chi Minh City,standard,
O001665,C000239,2026-05-06 04:09:14.159993,completed,Hanoi,standard,
O001666,C000824,2026-06-04 19:42:19.159993,completed,Ho Chi Minh City,standard,
O001667,C000783,2026-03-25 03:49:27.159993,completed,Da Nang,express,
O001668,C000364,2026-06-14 22:14:16.159993,completed,Ho Chi Minh City,same_day,
O001669,C000446,2026-06-14 10:45:01.159993,returned,Ho Chi Minh City,same_day,
O001670,C000135,2026-06-19 09:10:05.159993,completed,Ho Chi Minh City,standard,SAVEUPTO20
O001671,C000986,2026-06-07 18:59:12.159993,completed,Ho Chi Minh City,standard,
O001672,C000685,2026-03-17 18:14:44.159993,completed,Ho Chi Minh City,,
O001673,C000737,2026-06-12 20:44:38.159993,completed,Ho Chi Minh City,standard,
O001674,C000666,2026-06-11 21:27:38.159993,cancelled,Ho Chi Minh City,express,SAVEUPTO20
O001675,C000519,2026-05-03 09:35:23.159993,completed,Ho Chi Minh City,same_day,SAVEUPTO20
O001676,C000202,2026-06-06 00:22:11.159993,completed,Ho Chi Minh City,standard,
O001677,C000321,2026-03-05 07:52:01.159993,completed,Ho Chi Minh City,,
O001678,C000505,2026-04-06 15:32:50.159993,completed,Hanoi,express,SAVEUPTO20
O001679,C000281,2026-03-17 10:16:40.159993,completed,Ho Chi Minh City,,
O001680,C000507,2026-04-20 11:14:35.159993,cancelled,Ho Chi Minh City,express,SAVEUPTO20
O001681,C000583,2026-02-07 17:38:35.159993,pending,Ho Chi Minh City,,
O001682,C000761,2026-02-27 08:46:36.159993,completed,Hanoi,,
O001683,C000402,2026-06-05 13:24:12.159993,completed,Ho Chi Minh City,standard,
O001684,C000463,2026-06-12 00:18:37.159993,completed,Ho Chi Minh City,standard,SAVEUPTO20
O001685,C000937,2026-02-13 17:30:15.159993,completed,Ho Chi Minh City,,
O001686,C000779,2026-04-02 07:22:30.159993,completed,Can Tho,standard,
O001687,C000773,2025-12-26 20:57:11.159993,completed,Ho Chi Minh City,,
O001688,C000472,2026-06-14 19:34:24.159993,completed,Ho Chi Minh City,express,
O001689,C000049,2026-05-26 04:20:52.159993,cancelled,Ho Chi Minh City,express,
O001690,C000769,2026-02-24 01:11:33.159993,completed,Hanoi,,
O001691,C000774,2026-06-04 14:26:42.159993,pending,Ho Chi Minh City,express,
O001692,C000015,2026-06-05 10:25:15.159993,completed,Ho Chi Minh City,standard,
O001693,C000400,2026-02-17 13:01:01.159993,completed,Ho Chi Minh City,,
O001694,C000974,2026-04-01 01:40:42.159993,completed,Ho Chi Minh City,standard,
O001695,C000830,2026-03-27 05:17:18.159993,completed,Ho Chi Minh City,standard,
O001696,C000164,2026-03-07 07:19:06.159993,completed,Ho Chi Minh City,,
O001697,C000080,2026-06-15 03:13:40.159993,completed,Ho Chi Minh City,standard,
O001698,C000124,2026-04-16 22:23:48.159993,completed,Ho Chi Minh City,standard,
O001699,C000953,2026-06-17 21:00:20.159993,completed,Ho Chi Minh City,standard,SAVEUPTO20
O001700,C000680,2026-06-11 14:58:10.159993,completed,Ho Chi Minh City,standard,SAVEUPTO20
O001701,C000317,2026-06-15 14:22:06.159993,completed,Ho Chi Minh City,standard,
O001702,C000496,2026-05-04 13:27:50.159993,completed,Ho Chi Minh City,same_day,
O001703,C000720,2026-06-18 00:15:50.159993,cancelled,Ho Chi Minh City,same_day,
O001704,C000384,2026-03-20 17:19:33.159993,completed,Ho Chi Minh City,,
O001705,C000012,2026-06-18 07:25:30.159993,completed,Ho Chi Minh City,standard,
O001706,C000594,2026-06-21 11:22:27.159993,completed,Ho Chi Minh City,standard,
O001707,C000724,2026-02-25 10:31:32.159993,pending,Hanoi,,
O001708,C000025,2026-05-15 04:29:13.159993,pending,Ho Chi Minh City,standard,
O001709,C000477,2026-06-11 05:59:53.159993,completed,Ho Chi Minh City,standard,SAVEUPTO20
O001710,C000417,2026-06-21 02:53:04.159993,completed,Ho Chi Minh City,standard,
O001711,C000166,2026-05-22 05:31:43.159993,completed,Ho Chi Minh City,standard,
O001712,C000994,2026-05-12 08:25:56.159993,completed,Ho Chi Minh City,express,
O001713,C000024,2026-06-11 03:33:30.159993,pending,Can Tho,standard,SAVEUPTO20
O001714,C000715,2026-06-08 09:17:46.159993,completed,Ho Chi Minh City,standard,
O001715,C000358,2026-06-14 20:08:41.159993,completed,Ho Chi Minh City,same_day,
O001716,C000450,2026-03-15 23:06:06.159993,completed,Ho Chi Minh City,,
O001717,C000523,2026-03-15 13:55:00.159993,cancelled,Ho Chi Minh City,,
O001718,C000508,2026-03-27 00:28:16.159993,completed,Ho Chi Minh City,same_day,
O001719,C000677,2026-06-16 00:48:50.159993,completed,Ho Chi Minh City,standard,
O001720,C000995,2026-06-01 07:52:22.159993,cancelled,Hanoi,standard,
O001721,C000520,2026-05-30 13:52:43.159993,completed,Ho Chi Minh City,standard,
O001722,C000876,2026-05-27 04:44:20.159993,completed,Ho Chi Minh City,standard,SAVEUPTO20
O001723,C000468,2026-04-26 10:25:00.159993,returned,Ho Chi Minh City,standard,
O001724,C000383,2026-06-21 11:11:39.159993,completed,Hanoi,same_day,
O001725,C000662,2026-05-20 22:56:41.159993,completed,Ho Chi Minh City,express,
O001726,C000700,2026-03-10 14:24:44.159993,completed,Ho Chi Minh City,,
O001727,C000257,2026-05-26 21:32:16.159993,completed,Ho Chi Minh City,standard,
O001728,C000636,2026-06-04 19:56:55.159993,completed,Ho Chi Minh City,standard,
O001729,C000237,2026-06-13 07:17:36.159993,cancelled,Da Nang,standard,SAVEUPTO20
O001730,C000135,2026-05-18 10:05:20.159993,cancelled,Ho Chi Minh City,same_day,SAVEUPTO20
O001731,C000172,2026-04-09 00:56:58.159993,cancelled,Ho Chi Minh City,express,
O001732,C000916,2026-06-02 22:33:50.159993,completed,Ho Chi Minh City,express,SAVEUPTO20
O001733,C000586,2026-06-21 02:06:23.159993,completed,Ho Chi Minh City,standard,
O001734,C000179,2026-06-10 02:32:26.159993,completed,Ho Chi Minh City,standard,
O001735,C000490,2026-06-08 11:23:54.159993,completed,Ho Chi Minh City,express,
O001736,C000266,2026-05-08 18:11:12.159993,completed,Hanoi,standard,
O001737,C000163,2026-03-15 04:07:51.159993,returned,Da Nang,,
O001738,C000233,2026-03-05 22:08:22.159993,cancelled,Ho Chi Minh City,,
O001739,C000132,2026-06-19 00:14:16.159993,completed,Ho Chi Minh City,standard,
O001740,C000725,2026-05-20 12:30:00.159993,completed,Ho Chi Minh City,standard,
O001741,C000413,2026-06-02 18:19:37.159993,completed,Ho Chi Minh City,standard,SAVEUPTO20
O001742,C000054,2026-04-14 21:40:21.159993,completed,Hanoi,standard,SAVEUPTO20
O001743,C000169,2026-03-28 05:34:13.159993,completed,Ho Chi Minh City,standard,
O001744,C000049,2026-05-12 01:32:21.159993,completed,Ho Chi Minh City,express,
O001745,C000520,2026-04-15 05:33:28.159993,completed,Ho Chi Minh City,same_day,SAVEUPTO20
O001746,C000296,2026-05-04 07:04:08.159993,completed,Ho Chi Minh City,standard,
O001747,C000887,2026-04-11 10:04:58.159993,completed,Ho Chi Minh City,standard,
O001748,C000572,2026-04-08 18:49:27.159993,completed,Ho Chi Minh City,express,
O001749,C000444,2026-04-10 08:59:17.159993,completed,Ho Chi Minh City,standard,
O001750,C000393,2026-06-11 16:56:19.159993,pending,Ho Chi Minh City,express,
O001751,C000627,2026-02-28 01:37:13.159993,cancelled,Ho Chi Minh City,,
O001752,C000028,2026-05-21 23:02:50.159993,returned,Bien Hoa,standard,
O001753,C000947,2026-06-19 01:00:18.159993,completed,Ho Chi Minh City,express,
O001754,C000105,2026-05-23 02:35:23.159993,completed,Ho Chi Minh City,standard,SAVEUPTO20
O001755,C000787,2026-05-02 03:19:19.159993,cancelled,Ho Chi Minh City,standard,
O001756,C000123,2026-06-03 09:32:15.159993,completed,Ho Chi Minh City,standard,
O001757,C000476,2026-05-15 14:34:08.159993,completed,Ho Chi Minh City,standard,
O001758,C000052,2026-04-21 15:39:19.159993,returned,Can Tho,same_day,
O001759,C000871,2026-04-04 01:01:11.159993,completed,Ho Chi Minh City,express,
O001760,C000296,2026-04-17 17:50:12.159993,cancelled,Ho Chi Minh City,standard,
O001761,C000928,2026-06-08 00:46:10.159993,completed,Ho Chi Minh City,standard,SAVEUPTO20
O001762,C000037,2026-06-03 10:51:09.159993,completed,Ho Chi Minh City,standard,SAVEUPTO20
O001763,C000700,2026-06-17 06:41:53.159993,cancelled,Ho Chi Minh City,standard,SAVEUPTO20
O001764,C000079,2026-05-02 00:30:31.159993,completed,Ho Chi Minh City,standard,
O001765,C000935,2026-03-29 20:00:40.159993,cancelled,Ho Chi Minh City,standard,
O001766,C000416,2026-05-30 18:24:49.159993,completed,Ho Chi Minh City,standard,
O001767,C000596,2026-05-25 21:57:39.159993,completed,Da Nang,standard,
O001768,C000572,2026-03-25 07:50:26.159993,completed,Ho Chi Minh City,standard,SAVEUPTO20
O001769,C000997,2026-04-09 03:41:42.159993,completed,Ho Chi Minh City,standard,
O001770,C000962,2026-04-29 02:56:53.159993,completed,Ho Chi Minh City,standard,
O001771,C000662,2026-05-18 14:01:59.159993,completed,Ho Chi Minh City,standard,
O001772,C000598,2026-06-19 10:26:18.159993,returned,Ho Chi Minh City,standard,
O001773,C000124,2026-04-21 14:28:17.159993,completed,Ho Chi Minh City,standard,
O001774,C000693,2026-06-13 17:17:09.159993,pending,Ho Chi Minh City,same_day,
O001775,C000225,2026-06-11 00:48:35.159993,completed,Ho Chi Minh City,standard,SAVEUPTO20
O001776,C000798,2026-03-25 07:07:43.159993,completed,Ho Chi Minh City,standard,
O001777,C000875,2026-05-27 21:51:16.159993,completed,Ho Chi Minh City,standard,
O001778,C000131,2026-06-01 01:43:45.159993,completed,Hanoi,standard,SAVEUPTO20
O001779,C000589,2026-06-15 04:57:51.159993,completed,Ho Chi Minh City,standard,
O001780,C000437,2026-04-25 21:38:05.159993,completed,Ho Chi Minh City,standard,SAVEUPTO20
O001781,C000940,2026-04-10 06:39:00.159993,returned,Hanoi,standard,
O001782,C000323,2026-05-31 14:39:17.159993,returned,Ho Chi Minh City,standard,
O001783,C000734,2026-06-20 12:36:35.159993,returned,Ho Chi Minh City,standard,
O001784,C000258,2026-05-07 22:57:37.159993,completed,Ho Chi Minh City,standard,SAVEUPTO20
O001785,C000722,2026-06-16 07:07:04.159993,completed,Ho Chi Minh City,standard,
O001786,C000095,2026-06-04 21:43:05.159993,completed,Ho Chi Minh City,standard,
O001787,C000497,2026-01-20 03:50:29.159993,cancelled,Ho Chi Minh City,,
O001788,C000613,2026-05-20 14:45:49.159993,completed,Ho Chi Minh City,express,
O001789,C000999,2026-06-15 23:42:17.159993,completed,Ho Chi Minh City,express,SAVEUPTO20
O001790,C000452,2026-06-18 02:03:18.159993,completed,Ho Chi Minh City,express,SAVEUPTO20
O001791,C000215,2026-05-11 23:31:04.159993,completed,Ho Chi Minh City,standard,
O001792,C000382,2026-06-16 11:21:55.159993,completed,Ho Chi Minh City,standard,
O001793,C000086,2026-05-17 16:51:35.159993,completed,Ho Chi Minh City,standard,SAVEUPTO20
O001794,C000953,2026-04-18 23:44:14.159993,completed,Ho Chi Minh City,standard,SAVEUPTO20
O001795,C000138,2026-02-12 02:47:32.159993,cancelled,Ho Chi Minh City,,
O001796,C000507,2026-04-25 15:05:50.159993,returned,Bien Hoa,standard,
O001797,C000097,2026-02-08 10:29:19.159993,completed,Ho Chi Minh City,,
O001798,C000460,2026-01-29 03:36:38.159993,completed,Ho Chi Minh City,,
O001799,C000756,2026-03-21 09:50:15.159993,completed,Ho Chi Minh City,,
O001800,C000909,2026-05-21 08:28:11.159993,completed,Ho Chi Minh City,standard,
O001801,C000594,2026-06-20 02:11:37.159993,completed,Ho Chi Minh City,standard,SAVEUPTO20
O001802,C000942,2026-04-22 18:54:16.159993,completed,Ho Chi Minh City,standard,
O001803,C000650,2026-05-28 03:50:17.159993,completed,Ho Chi Minh City,express,SAVEUPTO20
O001804,C000189,2026-05-28 02:09:38.159993,completed,Ho Chi Minh City,standard,
O001805,C000516,2026-02-20 11:41:46.159993,completed,Ho Chi Minh City,,
O001806,C000239,2026-04-12 03:19:30.159993,completed,Da Nang,standard,
O001807,C000811,2026-04-24 19:08:13.159993,cancelled,Hanoi,standard,
O001808,C000454,2026-06-14 22:47:44.159993,completed,Ho Chi Minh City,standard,
O001809,C000884,2026-01-30 14:09:45.159993,completed,Ho Chi Minh City,,
O001810,C000365,2026-02-08 08:04:10.159993,completed,Ho Chi Minh City,,
O001811,C000467,2026-06-07 03:49:19.159993,returned,Da Nang,standard,SAVEUPTO20
O001812,C000026,2026-05-22 10:06:20.159993,completed,Ho Chi Minh City,standard,
O001813,C000320,2026-06-21 06:00:48.159993,completed,Da Nang,express,
O001814,C000838,2026-05-23 09:16:04.159993,cancelled,Ho Chi Minh City,express,
O001815,C000500,2026-05-05 10:15:25.159993,completed,Bien Hoa,standard,SAVEUPTO20
O001816,C000717,2026-06-18 21:21:54.159993,completed,Ho Chi Minh City,express,SAVEUPTO20
O001817,C000808,2026-05-25 07:42:07.159993,completed,Ho Chi Minh City,standard,
O001818,C000495,2026-06-15 10:20:02.159993,completed,Ho Chi Minh City,standard,
O001819,C000688,2026-06-03 20:01:03.159993,completed,Ho Chi Minh City,standard,
O001820,C000590,2026-05-27 21:20:08.159993,completed,Ho Chi Minh City,standard,
O001821,C000239,2026-03-04 13:35:27.159993,completed,Ho Chi Minh City,,
O001822,C000204,2026-05-25 06:54:44.159993,completed,Ho Chi Minh City,same_day,
O001823,C000084,2026-06-09 14:55:35.159993,completed,Ho Chi Minh City,standard,
O001824,C000566,2026-02-22 12:30:13.159993,completed,Ho Chi Minh City,,
O001825,C000352,2026-04-28 13:39:23.159993,completed,Ho Chi Minh City,standard,
O001826,C000258,2026-04-01 06:11:07.159993,completed,Ho Chi Minh City,standard,SAVEUPTO20
O001827,C000539,2026-05-15 11:59:47.159993,completed,Ho Chi Minh City,standard,SAVEUPTO20
O001828,C000923,2026-05-23 18:24:56.159993,completed,Can Tho,express,
O001829,C000029,2026-05-11 04:37:54.159993,completed,Ho Chi Minh City,standard,
O001830,C000218,2026-05-06 21:13:05.159993,cancelled,Ho Chi Minh City,standard,
O001831,C000722,2026-06-10 10:02:06.159993,completed,Ho Chi Minh City,standard,
O001832,C000344,2026-05-15 12:15:14.159993,completed,Bien Hoa,express,
O001833,C000312,2026-05-04 07:23:57.159993,completed,Ho Chi Minh City,standard,
O001834,C000715,2026-06-16 04:44:21.159993,cancelled,Ho Chi Minh City,standard,
O001835,C000617,2026-05-30 07:20:11.159993,completed,Can Tho,standard,
O001836,C000253,2026-06-11 08:42:41.159993,returned,Ho Chi Minh City,standard,
O001837,C000507,2026-05-12 21:41:29.159993,completed,Ho Chi Minh City,standard,
O001838,C000873,2026-03-27 18:42:57.159993,completed,Ho Chi Minh City,standard,
O001839,C000124,2026-04-22 00:21:43.159993,completed,Ho Chi Minh City,express,
O001840,C000279,2026-02-14 07:40:56.159993,completed,Ho Chi Minh City,,
O001841,C000743,2026-05-06 03:25:55.159993,completed,Ho Chi Minh City,standard,
O001842,C000832,2026-02-18 07:21:58.159993,completed,Ho Chi Minh City,,
O001843,C000870,2026-04-04 16:04:08.159993,completed,Ho Chi Minh City,standard,
O001844,C000948,2026-05-15 03:10:05.159993,completed,Ho Chi Minh City,same_day,
O001845,C000594,2026-06-20 15:06:22.159993,completed,Ho Chi Minh City,standard,
O001846,C000181,2026-06-16 17:04:40.159993,completed,Ho Chi Minh City,standard,
O001847,C000806,2026-05-15 18:23:55.159993,cancelled,Ho Chi Minh City,standard,
O001848,C000483,2026-04-13 14:50:07.159993,completed,Ho Chi Minh City,standard,SAVEUPTO20
O001849,C000837,2026-06-13 15:21:30.159993,returned,Ho Chi Minh City,standard,
O001850,C000142,2026-05-20 01:15:54.159993,completed,Ho Chi Minh City,standard,
O001851,C000328,2026-04-30 13:41:21.159993,completed,Ho Chi Minh City,express,
O001852,C000126,2026-04-25 07:35:21.159993,returned,Can Tho,express,
O001853,C000832,2026-02-17 14:29:29.159993,completed,Ho Chi Minh City,,
O001854,C000064,2026-06-17 14:07:32.159993,completed,Ho Chi Minh City,standard,
O001855,C000109,2026-05-10 01:55:31.159993,completed,Ho Chi Minh City,standard,SAVEUPTO20
O001856,C000734,2026-05-23 07:29:27.159993,completed,Ho Chi Minh City,standard,
O001857,C000333,2026-03-05 02:43:09.159993,cancelled,Bien Hoa,,
O001858,C000276,2026-04-01 10:18:02.159993,returned,Ho Chi Minh City,express,SAVEUPTO20
O001859,C000020,2026-05-18 01:12:35.159993,pending,Ho Chi Minh City,standard,
O001860,C000385,2026-02-13 08:53:09.159993,cancelled,Ho Chi Minh City,,
O001861,C000732,2026-05-24 14:04:53.159993,completed,Ho Chi Minh City,standard,
O001862,C000419,2026-02-28 14:54:41.159993,pending,Ho Chi Minh City,,
O001863,C000914,2026-06-18 10:58:07.159993,completed,Hanoi,same_day,
O001864,C000543,2026-03-19 22:41:02.159993,completed,Ho Chi Minh City,,
O001865,C000743,2026-05-27 08:43:08.159993,completed,Da Nang,standard,
O001866,C000382,2026-06-12 09:22:26.159993,completed,Ho Chi Minh City,express,
O001867,C000333,2026-03-11 13:10:48.159993,completed,Ho Chi Minh City,,
O001868,C000856,2026-06-08 23:01:33.159993,completed,Ho Chi Minh City,standard,
O001869,C000933,2026-05-09 01:16:53.159993,cancelled,Ho Chi Minh City,express,SAVEUPTO20
O001870,C000645,2026-06-15 14:11:47.159993,cancelled,Ho Chi Minh City,same_day,
O001871,C000928,2026-06-17 16:39:09.159993,completed,Ho Chi Minh City,standard,SAVEUPTO20
O001872,C000167,2026-04-28 15:02:47.159993,cancelled,Ho Chi Minh City,express,SAVEUPTO20
O001873,C000147,2026-02-01 18:31:30.159993,completed,Ho Chi Minh City,,
O001874,C000208,2026-06-18 23:07:36.159993,completed,Ho Chi Minh City,express,
O001875,C000641,2026-05-19 18:52:00.159993,completed,Ho Chi Minh City,standard,SAVEUPTO20
O001876,C000401,2026-06-21 09:23:20.159993,completed,Ho Chi Minh City,express,
O001877,C000651,2026-05-06 18:10:50.159993,completed,Ho Chi Minh City,standard,
O001878,C000476,2026-05-25 22:25:59.159993,completed,Ho Chi Minh City,standard,
O001879,C000463,2026-05-16 14:47:53.159993,completed,Hanoi,standard,
O001880,C000460,2026-02-17 23:14:41.159993,completed,Ho Chi Minh City,,
O001881,C000473,2026-06-10 13:16:39.159993,completed,Ho Chi Minh City,same_day,
O001882,C000801,2026-03-03 18:58:40.159993,completed,Ho Chi Minh City,,
O001883,C000703,2026-02-05 12:02:01.159993,completed,Ho Chi Minh City,,
O001884,C000386,2026-04-21 05:34:09.159993,completed,Ho Chi Minh City,standard,
O001885,C000397,2026-01-03 00:34:27.159993,completed,Ho Chi Minh City,,
O001886,C000798,2026-05-18 10:15:32.159993,completed,Hanoi,express,
O001887,C000364,2026-06-19 04:20:16.159993,completed,Bien Hoa,standard,
O001888,C000065,2026-06-18 15:58:42.159993,completed,Ho Chi Minh City,standard,
O001889,C000112,2026-06-02 15:15:35.159993,completed,Da Nang,standard,
O001890,C000073,2026-05-09 05:39:05.159993,cancelled,Ho Chi Minh City,standard,
O001891,C000454,2026-01-07 02:24:50.159993,completed,Ho Chi Minh City,,
O001892,C000874,2026-01-16 11:29:14.159993,completed,Ho Chi Minh City,,
O001893,C000531,2026-04-27 08:33:44.159993,completed,Ho Chi Minh City,standard,
O001894,C000439,2026-05-19 05:16:34.159993,completed,Ho Chi Minh City,standard,
O001895,C000716,2026-05-17 19:42:28.159993,returned,Ho Chi Minh City,express,
O001896,C000058,2026-04-30 09:38:53.159993,completed,Ho Chi Minh City,express,
O001897,C000208,2026-06-19 02:16:16.159993,completed,Ho Chi Minh City,standard,
O001898,C000119,2026-04-09 12:59:44.159993,completed,Ho Chi Minh City,express,
O001899,C000163,2026-05-13 22:36:11.159993,pending,Ho Chi Minh City,standard,
O001900,C000170,2026-03-27 11:24:22.159993,pending,Ho Chi Minh City,standard,SAVEUPTO20
O001901,C000418,2026-02-10 18:07:09.159993,completed,Ho Chi Minh City,,
O001902,C000571,2026-06-17 07:57:36.159993,completed,Ho Chi Minh City,standard,SAVEUPTO20
O001903,C000539,2026-05-13 13:21:48.159993,completed,Ho Chi Minh City,same_day,
O001904,C000575,2026-06-15 15:59:33.159993,cancelled,Ho Chi Minh City,express,
O001905,C000226,2026-03-07 22:48:23.159993,completed,Ho Chi Minh City,,
O001906,C000385,2026-06-05 05:48:43.159993,completed,Ho Chi Minh City,standard,
O001907,C000128,2026-05-28 02:53:42.159993,completed,Ho Chi Minh City,express,
O001908,C000116,2026-05-21 19:42:12.159993,completed,Ho Chi Minh City,standard,
O001909,C000100,2026-04-01 05:55:12.159993,completed,Ho Chi Minh City,standard,
O001910,C000018,2026-04-10 18:52:37.159993,completed,Ho Chi Minh City,express,
O001911,C000056,2026-06-08 02:45:52.159993,completed,Ho Chi Minh City,same_day,
O001912,C000908,2026-05-30 01:31:10.159993,completed,Ho Chi Minh City,express,
O001913,C000186,2026-03-26 10:06:54.159993,completed,Ho Chi Minh City,express,
O001914,C000438,2026-06-13 03:04:51.159993,completed,Ho Chi Minh City,standard,
O001915,C000457,2026-02-16 18:24:26.159993,completed,Ho Chi Minh City,,
O001916,C000580,2026-06-18 23:32:59.159993,pending,Ho Chi Minh City,standard,
O001917,C000878,2026-05-09 04:36:54.159993,completed,Ho Chi Minh City,same_day,
O001918,C000696,2026-03-04 06:54:10.159993,completed,Hanoi,,
O001919,C000591,2026-05-25 04:47:47.159993,completed,Can Tho,same_day,
O001920,C000428,2026-05-24 18:09:43.159993,completed,Ho Chi Minh City,standard,
O001921,C000832,2026-05-19 06:23:14.159993,completed,Ho Chi Minh City,standard,SAVEUPTO20
O001922,C000317,2026-05-11 18:22:13.159993,completed,Ho Chi Minh City,standard,
O001923,C000021,2026-04-25 17:39:07.159993,completed,Ho Chi Minh City,express,
O001924,C000551,2026-05-27 21:57:44.159993,completed,Ho Chi Minh City,standard,
O001925,C000763,2026-06-15 08:36:18.159993,completed,Ho Chi Minh City,standard,
O001926,C000815,2026-06-09 17:15:08.159993,returned,Ho Chi Minh City,standard,SAVEUPTO20
O001927,C000016,2026-06-09 16:18:31.159993,completed,Ho Chi Minh City,express,
O001928,C000953,2026-04-18 04:07:55.159993,completed,Ho Chi Minh City,standard,
O001929,C000519,2026-05-24 15:53:05.159993,pending,Ho Chi Minh City,express,
O001930,C000343,2026-06-03 16:26:31.159993,cancelled,Bien Hoa,standard,
O001931,C000136,2026-05-26 03:17:34.159993,completed,Ho Chi Minh City,express,
O001932,C000502,2026-05-01 04:32:19.159993,cancelled,Ho Chi Minh City,standard,SAVEUPTO20
O001933,C000721,2026-04-07 22:15:36.159993,completed,Ho Chi Minh City,standard,
O001934,C000538,2026-05-14 13:56:21.159993,completed,Ho Chi Minh City,same_day,
O001935,C000498,2026-06-06 12:01:08.159993,completed,Ho Chi Minh City,standard,SAVEUPTO20
O001936,C000688,2026-05-24 13:24:48.159993,completed,Ho Chi Minh City,standard,
O001937,C000313,2026-04-17 20:51:22.159993,cancelled,Ho Chi Minh City,express,
O001938,C000785,2026-03-28 00:31:55.159993,cancelled,Da Nang,standard,
O001939,C000270,2026-05-28 09:34:24.159993,completed,Ho Chi Minh City,standard,SAVEUPTO20
O001940,C000292,2026-04-30 11:37:07.159993,completed,Ho Chi Minh City,standard,
O001941,C000382,2026-06-21 11:32:49.159993,cancelled,Da Nang,standard,SAVEUPTO20
O001942,C000749,2026-05-28 21:41:06.159993,completed,Ho Chi Minh City,standard,
O001943,C000510,2026-02-07 06:22:08.159993,completed,Ho Chi Minh City,,
O001944,C000417,2026-06-16 22:13:52.159993,pending,Ho Chi Minh City,standard,
O001945,C000933,2026-05-06 13:41:00.159993,completed,Ho Chi Minh City,same_day,
O001946,C000156,2026-06-04 23:35:25.159993,completed,Ho Chi Minh City,standard,
O001947,C000861,2026-06-18 22:45:02.159993,returned,Hanoi,express,
O001948,C000439,2026-03-16 12:55:44.159993,completed,Bien Hoa,,
O001949,C000101,2026-05-27 04:10:51.159993,completed,Ho Chi Minh City,standard,
O001950,C000747,2026-04-29 18:53:17.159993,completed,Ho Chi Minh City,standard,
O001951,C000153,2026-06-08 20:01:39.159993,completed,Ho Chi Minh City,express,SAVEUPTO20
O001952,C000533,2026-03-18 01:49:35.159993,completed,Ho Chi Minh City,,
O001953,C000344,2026-04-20 07:12:27.159993,completed,Ho Chi Minh City,standard,
O001954,C000468,2026-06-06 06:03:13.159993,completed,Ho Chi Minh City,same_day,
O001955,C000340,2026-06-21 14:31:02.159993,completed,Ho Chi Minh City,same_day,
O001956,C000024,2026-06-15 00:58:17.159993,completed,Ho Chi Minh City,standard,SAVEUPTO20
O001957,C000632,2026-03-28 23:12:05.159993,completed,Ho Chi Minh City,standard,
O001958,C000836,2026-05-20 07:38:23.159993,completed,Ho Chi Minh City,standard,
O001959,C000925,2026-04-13 12:18:18.159993,completed,Ho Chi Minh City,standard,
O001960,C000512,2026-06-07 18:17:22.159993,completed,Ho Chi Minh City,standard,
O001961,C000083,2026-05-31 03:38:27.159993,completed,Ho Chi Minh City,same_day,SAVEUPTO20
O001962,C000310,2026-03-03 14:19:54.159993,completed,Ho Chi Minh City,,
O001963,C000043,2026-05-04 06:21:49.159993,completed,Ho Chi Minh City,express,
O001964,C000820,2026-06-21 13:15:38.159993,completed,Ho Chi Minh City,express,SAVEUPTO20
O001965,C000241,2026-01-18 21:54:26.159993,completed,Ho Chi Minh City,,
O001966,C000379,2026-03-22 08:21:35.159993,cancelled,Ho Chi Minh City,,
O001967,C000212,2026-05-06 03:04:45.159993,completed,Ho Chi Minh City,express,
O001968,C000798,2026-04-22 13:03:07.159993,completed,Ho Chi Minh City,standard,
O001969,C000257,2026-05-28 07:34:02.159993,completed,Hanoi,express,
O001970,C000026,2026-06-04 08:36:08.159993,completed,Ho Chi Minh City,standard,
O001971,C000950,2026-04-25 08:32:57.159993,completed,Ho Chi Minh City,standard,
O001972,C000895,2026-06-08 15:14:42.159993,cancelled,Ho Chi Minh City,same_day,
O001973,C000760,2026-06-07 12:20:33.159993,completed,Ho Chi Minh City,same_day,SAVEUPTO20
O001974,C000351,2026-06-09 04:33:56.159993,completed,Ho Chi Minh City,express,SAVEUPTO20
O001975,C000179,2026-06-09 12:52:51.159993,completed,Ho Chi Minh City,standard,
O001976,C000713,2026-05-27 08:56:10.159993,completed,Ho Chi Minh City,express,
O001977,C000628,2026-06-13 17:43:32.159993,cancelled,Da Nang,standard,
O001978,C000257,2026-05-09 17:57:43.159993,completed,Ho Chi Minh City,standard,
O001979,C000840,2026-06-15 19:14:02.159993,completed,Ho Chi Minh City,standard,
O001980,C000262,2026-05-23 12:32:30.159993,returned,Ho Chi Minh City,express,SAVEUPTO20
O001981,C000444,2026-05-15 21:28:38.159993,completed,Ho Chi Minh City,standard,SAVEUPTO20
O001982,C000338,2026-06-05 00:07:45.159993,returned,Ho Chi Minh City,same_day,
O001983,C000197,2026-04-02 03:33:53.159993,completed,Ho Chi Minh City,express,
O001984,C000215,2026-06-14 19:23:04.159993,completed,Ho Chi Minh City,standard,
O001985,C000238,2026-05-11 20:01:33.159993,completed,Ho Chi Minh City,express,
O001986,C000034,2026-04-02 15:42:17.159993,completed,Ho Chi Minh City,standard,
O001987,C000832,2026-03-29 12:50:57.159993,completed,Ho Chi Minh City,express,
O001988,C000378,2026-05-17 08:09:10.159993,completed,Ho Chi Minh City,express,
O001989,C000077,2026-03-26 10:48:15.159993,completed,Ho Chi Minh City,standard,
O001990,C000015,2026-05-20 04:00:46.159993,completed,Ho Chi Minh City,standard,
O001991,C000583,2026-06-04 11:14:56.159993,completed,Ho Chi Minh City,standard,SAVEUPTO20
O001992,C000120,2026-03-21 19:54:46.159993,completed,Ho Chi Minh City,,
O001993,C000779,2026-06-17 20:44:03.159993,cancelled,Da Nang,express,
O001994,C000717,2026-05-30 02:00:39.159993,completed,Ho Chi Minh City,standard,
O001995,C000999,2026-06-19 02:38:11.159993,completed,Ho Chi Minh City,standard,SAVEUPTO20
O001996,C000646,2026-02-24 04:59:51.159993,completed,Ho Chi Minh City,,
O001997,C000821,2026-01-05 21:33:06.159993,completed,Can Tho,,
O001998,C000341,2026-04-19 12:02:31.159993,cancelled,Ho Chi Minh City,standard,
O001999,C000444,2026-04-13 00:49:33.159993,completed,Ho Chi Minh City,express,
O002000,C000078,2026-06-01 20:33:30.159993,completed,Ho Chi Minh City,standard,
O002001,C000262,2026-02-12 07:43:12.159993,completed,Ho Chi Minh City,,
O002002,C000846,2026-03-20 22:41:44.159993,cancelled,Ho Chi Minh City,,
O002003,C000670,2026-05-31 01:28:58.159993,completed,Ho Chi Minh City,standard,SAVEUPTO20
O002004,C000668,2026-06-02 17:37:41.159993,completed,Ho Chi Minh City,standard,
O002005,C000363,2026-03-29 10:13:36.159993,completed,Ho Chi Minh City,standard,SAVEUPTO20
O002006,C000015,2026-05-11 02:47:19.159993,completed,Ho Chi Minh City,standard,
O002007,C000174,2026-05-13 05:25:11.159993,completed,Ho Chi Minh City,express,
O002008,C000205,2026-04-08 14:47:31.159993,returned,Da Nang,standard,
O002009,C000474,2026-04-30 10:21:18.159993,completed,Ho Chi Minh City,standard,
O002010,C000727,2026-05-13 09:19:40.159993,cancelled,Ho Chi Minh City,express,SAVEUPTO20
O002011,C000244,2026-05-25 01:09:27.159993,completed,Ho Chi Minh City,standard,SAVEUPTO20
O002012,C000204,2026-05-02 23:33:49.159993,returned,Ho Chi Minh City,standard,
O002013,C000721,2026-03-02 17:55:45.159993,completed,Ho Chi Minh City,,
O002014,C000250,2026-03-22 04:45:20.159993,completed,Ho Chi Minh City,,
O002015,C000693,2026-06-19 11:57:05.159993,completed,Ho Chi Minh City,standard,SAVEUPTO20
O002016,C000111,2026-05-11 15:58:10.159993,cancelled,Ho Chi Minh City,standard,
O002017,C000605,2026-06-07 10:15:42.159993,completed,Ho Chi Minh City,express,
O002018,C000398,2026-02-02 13:45:16.159993,completed,Ho Chi Minh City,,
O002019,C000139,2026-03-18 04:23:59.159993,completed,Ho Chi Minh City,,
O002020,C000677,2026-04-17 06:14:53.159993,completed,Ho Chi Minh City,standard,
O002021,C000346,2026-06-14 22:15:44.159993,completed,Ho Chi Minh City,standard,
O002022,C000808,2026-04-09 01:15:30.159993,completed,Ho Chi Minh City,standard,
O002023,C000746,2026-05-18 20:24:59.159993,cancelled,Ho Chi Minh City,same_day,
O002024,C000639,2026-06-21 02:10:11.159993,completed,Ho Chi Minh City,express,
O002025,C000918,2026-06-17 21:50:16.159993,completed,Ho Chi Minh City,same_day,
O002026,C000145,2026-06-20 17:28:56.159993,completed,Ho Chi Minh City,same_day,
O002027,C000326,2026-04-01 08:56:08.159993,completed,Ho Chi Minh City,standard,
O002028,C000864,2026-06-02 06:56:18.159993,returned,Ho Chi Minh City,standard,
O002029,C000440,2026-05-08 16:16:52.159993,completed,Ho Chi Minh City,standard,SAVEUPTO20
O002030,C000233,2026-02-24 17:35:48.159993,completed,Ho Chi Minh City,,
O002031,C000499,2026-06-14 05:31:01.159993,completed,Ho Chi Minh City,same_day,SAVEUPTO20
O002032,C000978,2026-06-01 19:14:16.159993,returned,Ho Chi Minh City,standard,SAVEUPTO20
O002033,C000320,2026-05-11 15:31:37.159993,completed,Ho Chi Minh City,standard,
O002034,C000849,2026-06-20 09:24:10.159993,completed,Ho Chi Minh City,standard,
O002035,C000033,2026-03-05 08:44:50.159993,completed,Da Nang,,
O002036,C000048,2026-06-09 23:05:00.159993,returned,Can Tho,standard,
O002037,C000800,2026-04-19 03:45:43.159993,completed,Ho Chi Minh City,standard,SAVEUPTO20
O002038,C000683,2026-06-16 09:24:44.159993,returned,Ho Chi Minh City,standard,SAVEUPTO20
O002039,C000174,2026-05-25 13:41:38.159993,completed,Ho Chi Minh City,standard,
O002040,C000011,2026-05-19 03:35:11.159993,completed,Ho Chi Minh City,same_day,SAVEUPTO20
O002041,C000675,2026-05-22 04:18:58.159993,completed,Ho Chi Minh City,standard,
O002042,C000296,2026-05-03 09:56:53.159993,completed,Ho Chi Minh City,express,
O002043,C000167,2026-06-11 04:44:56.159993,completed,Ho Chi Minh City,same_day,
O002044,C000604,2026-01-29 21:05:22.159993,pending,Can Tho,,
O002045,C000099,2026-06-05 05:34:21.159993,completed,Ho Chi Minh City,express,
O002046,C000824,2026-06-06 12:58:12.159993,completed,Da Nang,express,
O002047,C000828,2026-06-19 05:32:14.159993,completed,Ho Chi Minh City,standard,
O002048,C000344,2026-05-21 16:35:15.159993,completed,Ho Chi Minh City,standard,SAVEUPTO20
O002049,C000012,2026-06-18 16:37:47.159993,completed,Ho Chi Minh City,express,
O002050,C000756,2026-05-02 12:11:19.159993,completed,Ho Chi Minh City,standard,SAVEUPTO20
O002051,C000397,2026-04-02 22:44:45.159993,completed,Ho Chi Minh City,standard,
O002052,C000293,2026-06-18 18:34:01.159993,pending,Can Tho,express,
O002053,C000393,2026-04-23 13:44:03.159993,completed,Ho Chi Minh City,same_day,
O002054,C000902,2026-05-11 10:51:46.159993,completed,Ho Chi Minh City,standard,
O002055,C000773,2026-03-20 02:44:46.159993,completed,Ho Chi Minh City,,
O002056,C000183,2026-04-23 19:58:14.159993,completed,Ho Chi Minh City,standard,
O002057,C000453,2026-05-19 14:56:34.159993,completed,Ho Chi Minh City,standard,
O002058,C000194,2026-03-25 14:34:32.159993,returned,Ho Chi Minh City,standard,
O002059,C000942,2026-04-08 20:08:24.159993,completed,Ho Chi Minh City,standard,
O002060,C000139,2026-05-06 16:40:00.159993,completed,Ho Chi Minh City,standard,SAVEUPTO20
O002061,C000861,2026-06-17 01:14:51.159993,completed,Ho Chi Minh City,standard,SAVEUPTO20
O002062,C000746,2026-05-08 07:32:28.159993,completed,Ho Chi Minh City,standard,
O002063,C000057,2026-04-12 21:28:18.159993,completed,Ho Chi Minh City,standard,
O002064,C000993,2026-02-26 11:04:18.159993,cancelled,Ho Chi Minh City,,
O002065,C000174,2026-05-04 08:51:55.159993,cancelled,Ho Chi Minh City,standard,
O002066,C000420,2026-06-08 14:02:30.159993,returned,Ho Chi Minh City,express,
O002067,C000498,2026-05-06 23:47:44.159993,completed,Ho Chi Minh City,standard,
O002068,C000665,2026-04-18 06:14:02.159993,returned,Ho Chi Minh City,express,
O002069,C000466,2026-06-18 22:56:29.159993,completed,Ho Chi Minh City,standard,
O002070,C000838,2026-03-22 04:11:44.159993,completed,Ho Chi Minh City,,
O002071,C000163,2026-05-13 16:57:33.159993,completed,Ho Chi Minh City,standard,SAVEUPTO20
O002072,C000987,2026-05-02 00:22:31.159993,completed,Ho Chi Minh City,same_day,
O002073,C000902,2026-04-16 18:51:16.159993,completed,Ho Chi Minh City,standard,
O002074,C000180,2026-04-08 12:24:08.159993,cancelled,Ho Chi Minh City,standard,
O002075,C000613,2026-06-09 21:01:10.159993,completed,Ho Chi Minh City,standard,
O002076,C000834,2026-04-19 03:02:01.159993,completed,Ho Chi Minh City,standard,
O002077,C000945,2026-04-22 21:24:16.159993,completed,Ho Chi Minh City,standard,
O002078,C000041,2026-01-30 14:20:05.159993,pending,Bien Hoa,,
O002079,C000596,2026-05-23 13:36:55.159993,completed,Da Nang,same_day,
O002080,C000504,2026-06-15 11:12:35.159993,completed,Ho Chi Minh City,same_day,
O002081,C000466,2026-06-16 06:31:08.159993,completed,Ho Chi Minh City,express,
O002082,C000779,2026-06-10 04:26:24.159993,completed,Can Tho,same_day,
O002083,C000416,2026-05-31 15:42:11.159993,completed,Ho Chi Minh City,standard,
O002084,C000720,2026-04-23 12:41:08.159993,completed,Ho Chi Minh City,express,
O002085,C000291,2026-06-07 01:19:03.159993,completed,Ho Chi Minh City,standard,SAVEUPTO20
O002086,C000238,2026-03-22 13:39:52.159993,completed,Ho Chi Minh City,,
O002087,C000855,2026-05-12 08:15:00.159993,completed,Ho Chi Minh City,express,SAVEUPTO20
O002088,C000591,2026-06-03 13:38:17.159993,completed,Ho Chi Minh City,standard,
O002089,C000541,2026-05-13 06:51:00.159993,completed,Ho Chi Minh City,express,
O002090,C000101,2026-06-01 05:31:18.159993,cancelled,Ho Chi Minh City,standard,
O002091,C000751,2026-06-16 08:29:09.159993,completed,Ho Chi Minh City,standard,
O002092,C000139,2026-03-16 15:03:20.159993,completed,Ho Chi Minh City,,
O002093,C000475,2026-06-11 12:11:35.159993,completed,Ho Chi Minh City,standard,
O002094,C000319,2026-06-18 06:51:30.159993,completed,Ho Chi Minh City,standard,
O002095,C000441,2026-06-17 01:42:32.159993,completed,Ho Chi Minh City,standard,SAVEUPTO20
O002096,C000004,2026-04-17 06:27:24.159993,completed,Ho Chi Minh City,standard,
O002097,C000595,2026-04-21 19:17:45.159993,cancelled,Da Nang,express,
O002098,C000955,2026-06-05 06:29:47.159993,returned,Ho Chi Minh City,standard,SAVEUPTO20
O002099,C000550,2026-06-02 21:31:21.159993,completed,Ho Chi Minh City,same_day,
O002100,C000818,2026-05-03 13:57:46.159993,completed,Ho Chi Minh City,standard,
O002101,C000608,2026-05-06 21:57:44.159993,completed,Ho Chi Minh City,standard,SAVEUPTO20
O002102,C000313,2026-05-12 22:21:36.159993,completed,Ho Chi Minh City,express,SAVEUPTO20
O002103,C000307,2026-04-19 00:44:50.159993,completed,Ho Chi Minh City,express,
O002104,C000902,2026-05-23 08:30:27.159993,completed,Ho Chi Minh City,standard,
O002105,C000590,2026-06-15 12:34:29.159993,pending,Ho Chi Minh City,standard,
O002106,C000542,2026-03-12 13:14:37.159993,completed,Ho Chi Minh City,,
O002107,C000822,2026-06-02 10:48:51.159993,completed,Ho Chi Minh City,standard,SAVEUPTO20
O002108,C000076,2026-06-07 22:28:10.159993,completed,Ho Chi Minh City,standard,
O002109,C000305,2026-04-04 16:08:31.159993,completed,Ho Chi Minh City,express,
O002110,C000397,2026-03-10 02:03:14.159993,completed,Ho Chi Minh City,,
O002111,C000279,2026-02-16 08:59:56.159993,completed,Ho Chi Minh City,,
O002112,C000367,2026-05-21 13:22:59.159993,completed,Ho Chi Minh City,standard,
O002113,C000180,2026-06-18 12:22:06.159993,completed,Ho Chi Minh City,express,
O002114,C000669,2026-06-17 05:16:58.159993,completed,Bien Hoa,standard,
O002115,C000799,2026-05-31 00:22:35.159993,completed,Ho Chi Minh City,express,
O002116,C000893,2026-05-07 11:24:14.159993,completed,Ho Chi Minh City,express,SAVEUPTO20
O002117,C000496,2026-05-06 20:27:50.159993,cancelled,Ho Chi Minh City,standard,
O002118,C000578,2026-05-27 00:58:42.159993,completed,Ho Chi Minh City,standard,
O002119,C000520,2026-05-09 12:28:08.159993,completed,Can Tho,standard,
O002120,C000568,2026-06-05 01:36:24.159993,completed,Ho Chi Minh City,express,SAVEUPTO20
O002121,C000551,2026-05-17 05:30:31.159993,completed,Ho Chi Minh City,standard,
O002122,C000096,2026-05-15 13:29:59.159993,completed,Ho Chi Minh City,standard,
O002123,C000402,2026-05-30 17:10:05.159993,completed,Ho Chi Minh City,standard,
O002124,C000016,2026-06-21 01:13:36.159993,completed,Ho Chi Minh City,standard,
O002125,C000866,2026-05-03 12:42:46.159993,cancelled,Hanoi,standard,SAVEUPTO20
O002126,C000323,2026-04-20 09:17:57.159993,completed,Ho Chi Minh City,standard,
O002127,C000103,2026-05-28 23:54:05.159993,returned,Ho Chi Minh City,standard,
O002128,C000021,2026-05-31 08:18:02.159993,completed,Ho Chi Minh City,standard,
O002129,C000266,2026-05-11 11:21:15.159993,returned,Can Tho,standard,
O002130,C000379,2026-05-27 23:29:38.159993,completed,Ho Chi Minh City,standard,
O002131,C000521,2026-06-15 00:27:15.159993,completed,Ho Chi Minh City,standard,
O002132,C000294,2026-04-26 18:28:43.159993,completed,Ho Chi Minh City,standard,
O002133,C000738,2026-05-28 16:04:46.159993,completed,Hanoi,standard,
O002134,C000466,2026-06-17 07:32:29.159993,completed,Bien Hoa,standard,
O002135,C000779,2026-04-19 12:10:22.159993,completed,Ho Chi Minh City,standard,SAVEUPTO20
O002136,C000173,2026-06-11 16:03:28.159993,completed,Ho Chi Minh City,standard,SAVEUPTO20
O002137,C000511,2026-06-21 14:25:46.159993,completed,Ho Chi Minh City,express,
O002138,C000338,2026-04-11 04:18:24.159993,completed,Hanoi,standard,
O002139,C000691,2026-06-21 12:12:38.159993,completed,Ho Chi Minh City,express,
O002140,C000046,2026-06-17 01:10:06.159993,completed,Ho Chi Minh City,standard,
O002141,C000671,2026-06-20 11:15:35.159993,completed,Ho Chi Minh City,express,
O002142,C000033,2026-02-07 04:30:17.159993,completed,Can Tho,,
O002143,C000866,2026-06-09 05:47:14.159993,cancelled,Ho Chi Minh City,standard,SAVEUPTO20
O002144,C000698,2026-05-06 16:59:52.159993,cancelled,Hanoi,standard,SAVEUPTO20
O002145,C000531,2026-06-01 17:12:13.159993,completed,Ho Chi Minh City,standard,
O002146,C000270,2026-04-17 15:19:05.159993,completed,Ho Chi Minh City,standard,
O002147,C000534,2026-04-01 10:37:12.159993,cancelled,Ho Chi Minh City,standard,
O002148,C000174,2026-06-20 01:15:07.159993,completed,Hanoi,same_day,
O002149,C000981,2026-05-17 22:14:07.159993,completed,Ho Chi Minh City,standard,SAVEUPTO20
O002150,C000339,2026-04-09 21:45:23.159993,completed,Ho Chi Minh City,standard,
O002151,C000204,2026-05-15 09:24:25.159993,completed,Ho Chi Minh City,standard,
O002152,C000908,2026-06-17 03:03:25.159993,returned,Ho Chi Minh City,standard,
O002153,C000145,2026-06-20 22:10:53.159993,completed,Ho Chi Minh City,standard,
O002154,C000197,2026-05-19 22:09:50.159993,completed,Ho Chi Minh City,standard,
O002155,C000530,2026-06-15 18:09:34.159993,completed,Ho Chi Minh City,express,
O002156,C000400,2026-05-13 21:18:16.159993,completed,Ho Chi Minh City,express,
O002157,C000267,2026-05-03 19:54:38.159993,completed,Ho Chi Minh City,standard,
O002158,C000301,2026-04-24 00:59:28.159993,cancelled,Ho Chi Minh City,express,
O002159,C000217,2026-01-15 02:08:05.159993,completed,Ho Chi Minh City,,
O002160,C000188,2026-06-19 03:11:11.159993,cancelled,Ho Chi Minh City,express,
O002161,C000653,2026-03-15 18:13:37.159993,completed,Ho Chi Minh City,,
O002162,C000810,2026-06-21 02:39:53.159993,pending,Ho Chi Minh City,standard,
O002163,C000243,2026-03-09 03:51:23.159993,completed,Ho Chi Minh City,,
O002164,C000264,2026-06-13 23:19:30.159993,completed,Bien Hoa,standard,
O002165,C000003,2026-04-23 21:12:30.159993,cancelled,Ho Chi Minh City,standard,SAVEUPTO20
O002166,C000373,2026-05-10 21:58:12.159993,completed,Ho Chi Minh City,standard,
O002167,C000842,2026-05-01 00:54:06.159993,completed,Ho Chi Minh City,standard,SAVEUPTO20
O002168,C000788,2026-05-01 15:09:01.159993,completed,Ho Chi Minh City,standard,
O002169,C000639,2026-05-27 14:30:14.159993,pending,Ho Chi Minh City,express,
O002170,C000727,2026-06-13 03:00:50.159993,completed,Ho Chi Minh City,standard,
O002171,C000784,2026-06-08 01:02:26.159993,completed,Ho Chi Minh City,standard,SAVEUPTO20
O002172,C000128,2026-05-16 03:55:44.159993,completed,Ho Chi Minh City,express,
O002173,C000874,2026-01-23 09:21:27.159993,completed,Ho Chi Minh City,,
O002174,C000732,2026-06-11 06:06:07.159993,completed,Ho Chi Minh City,standard,
O002175,C000367,2026-04-27 23:03:33.159993,cancelled,Ho Chi Minh City,standard,
O002176,C000998,2026-05-28 05:28:15.159993,completed,Can Tho,standard,
O002177,C000808,2026-04-23 21:41:05.159993,completed,Ho Chi Minh City,standard,
O002178,C000259,2026-03-03 02:03:34.159993,completed,Ho Chi Minh City,,
O002179,C000436,2026-05-16 01:58:06.159993,completed,Ho Chi Minh City,standard,
O002180,C000108,2026-06-12 20:02:33.159993,completed,Ho Chi Minh City,standard,
O002181,C000494,2026-04-21 07:07:48.159993,cancelled,Ho Chi Minh City,standard,
O002182,C000151,2026-05-30 00:55:09.159993,completed,Ho Chi Minh City,standard,
O002183,C000527,2026-06-13 22:32:01.159993,completed,Ho Chi Minh City,same_day,
O002184,C000192,2026-05-07 16:35:46.159993,completed,Ho Chi Minh City,same_day,SAVEUPTO20
O002185,C000521,2026-03-08 10:50:21.159993,completed,Ho Chi Minh City,,
O002186,C000866,2026-05-31 03:13:38.159993,completed,Ho Chi Minh City,standard,
O002187,C000602,2026-05-25 18:27:12.159993,completed,Ho Chi Minh City,standard,
O002188,C000570,2026-04-13 11:52:33.159993,cancelled,Ho Chi Minh City,standard,
O002189,C000382,2026-06-16 18:14:00.159993,pending,Ho Chi Minh City,standard,
O002190,C000066,2026-04-04 08:35:31.159993,completed,Da Nang,standard,
O002191,C000559,2026-05-17 12:51:57.159993,completed,Ho Chi Minh City,standard,
O002192,C000059,2026-05-15 05:51:20.159993,completed,Ho Chi Minh City,express,
O002193,C000991,2026-04-11 14:08:05.159993,completed,Ho Chi Minh City,standard,
O002194,C000769,2026-05-17 16:43:19.159993,pending,Ho Chi Minh City,same_day,
O002195,C000564,2026-03-26 03:42:01.159993,completed,Ho Chi Minh City,express,
O002196,C000920,2026-06-14 05:46:01.159993,completed,Ho Chi Minh City,standard,
O002197,C000649,2026-06-19 06:58:00.159993,completed,Ho Chi Minh City,standard,
O002198,C000744,2026-05-06 07:38:23.159993,completed,Ho Chi Minh City,standard,
O002199,C000860,2026-05-18 03:55:30.159993,returned,Ho Chi Minh City,standard,
O002200,C000151,2026-06-13 15:41:03.159993,returned,Ho Chi Minh City,standard,
O002201,C000087,2026-06-12 00:44:22.159993,completed,Ho Chi Minh City,same_day,
O002202,C000634,2026-06-10 04:32:55.159993,completed,Ho Chi Minh City,standard,
O002203,C000475,2026-06-05 06:55:25.159993,completed,Ho Chi Minh City,standard,
O002204,C000863,2026-03-05 13:36:23.159993,completed,Ho Chi Minh City,,
O002205,C000267,2026-04-17 15:10:18.159993,completed,Ho Chi Minh City,standard,SAVEUPTO20
O002206,C000887,2026-01-29 22:39:36.159993,completed,Ho Chi Minh City,,
O002207,C000362,2026-06-04 21:31:11.159993,completed,Ho Chi Minh City,express,
O002208,C000718,2026-05-07 13:43:15.159993,completed,Ho Chi Minh City,standard,SAVEUPTO20
O002209,C000084,2026-06-13 10:53:29.159993,completed,Ho Chi Minh City,standard,
O002210,C000561,2026-05-31 22:47:56.159993,completed,Ho Chi Minh City,standard,
O002211,C000664,2026-02-06 18:51:59.159993,completed,Ho Chi Minh City,,
O002212,C000050,2026-05-15 16:00:12.159993,completed,Ho Chi Minh City,standard,SAVEUPTO20
O002213,C000892,2026-06-02 01:13:41.159993,completed,Ho Chi Minh City,standard,
O002214,C000961,2026-02-22 04:33:32.159993,completed,Da Nang,,
O002215,C000676,2026-05-16 16:28:23.159993,completed,Ho Chi Minh City,standard,SAVEUPTO20
O002216,C000951,2026-03-20 22:04:15.159993,returned,Can Tho,,
O002217,C000119,2026-04-02 16:01:23.159993,cancelled,Bien Hoa,same_day,
O002218,C000552,2026-04-09 04:22:50.159993,returned,Ho Chi Minh City,same_day,
O002219,C000274,2026-06-16 04:21:44.159993,completed,Da Nang,standard,
O002220,C000377,2026-06-18 09:00:45.159993,completed,Ho Chi Minh City,standard,SAVEUPTO20
O002221,C000156,2026-04-26 04:15:31.159993,completed,Bien Hoa,standard,
O002222,C000383,2026-06-12 19:50:28.159993,completed,Ho Chi Minh City,standard,SAVEUPTO20
O002223,C000236,2026-06-18 07:24:56.159993,completed,Ho Chi Minh City,standard,
O002224,C000266,2026-05-11 09:06:26.159993,completed,Ho Chi Minh City,standard,
O002225,C000828,2026-06-08 05:53:50.159993,completed,Ho Chi Minh City,same_day,
O002226,C000712,2026-05-17 20:55:01.159993,completed,Ho Chi Minh City,standard,
O002227,C000966,2026-04-29 04:30:08.159993,completed,Ho Chi Minh City,express,
O002228,C000374,2026-03-07 06:17:28.159993,completed,Hanoi,,
O002229,C000180,2026-04-02 09:52:45.159993,completed,Da Nang,standard,
O002230,C000133,2026-04-03 04:49:08.159993,completed,Ho Chi Minh City,express,
O002231,C000404,2026-06-21 02:51:59.159993,completed,Ho Chi Minh City,standard,
O002232,C000344,2026-05-04 17:33:33.159993,completed,Ho Chi Minh City,standard,
O002233,C000022,2026-04-06 15:49:30.159993,completed,Ho Chi Minh City,express,
O002234,C000627,2026-02-24 10:33:46.159993,pending,Ho Chi Minh City,,
O002235,C000316,2026-05-24 10:23:09.159993,completed,Ho Chi Minh City,standard,SAVEUPTO20
O002236,C000787,2026-01-14 01:00:31.159993,completed,Ho Chi Minh City,,
O002237,C000690,2026-05-18 13:00:01.159993,cancelled,Da Nang,standard,
O002238,C000408,2026-01-30 13:28:52.159993,completed,Ho Chi Minh City,,
O002239,C000948,2026-01-19 13:02:07.159993,completed,Ho Chi Minh City,,
O002240,C000461,2026-05-27 14:27:37.159993,cancelled,Ho Chi Minh City,standard,
O002241,C000639,2026-05-30 18:54:10.159993,completed,Ho Chi Minh City,standard,
O002242,C000591,2026-05-17 18:07:34.159993,completed,Hanoi,standard,
O002243,C000281,2026-04-04 04:24:32.159993,cancelled,Ho Chi Minh City,standard,
O002244,C000248,2026-06-14 00:21:57.159993,completed,Ho Chi Minh City,standard,
O002245,C000699,2026-06-18 03:52:21.159993,completed,Ho Chi Minh City,standard,
O002246,C000608,2026-04-17 19:53:23.159993,completed,Ho Chi Minh City,standard,
O002247,C000475,2026-05-07 21:56:04.159993,pending,Ho Chi Minh City,standard,
O002248,C000254,2026-06-17 13:21:38.159993,completed,Ho Chi Minh City,standard,SAVEUPTO20
O002249,C000502,2026-06-10 20:05:31.159993,returned,Bien Hoa,standard,
O002250,C000660,2026-06-19 20:04:31.159993,completed,Ho Chi Minh City,express,
O002251,C000953,2026-06-01 17:34:28.159993,cancelled,Ho Chi Minh City,standard,
O002252,C000812,2026-06-21 02:48:31.159993,completed,Da Nang,standard,
O002253,C000312,2026-05-29 11:08:08.159993,pending,Ho Chi Minh City,standard,
O002254,C000338,2026-06-07 07:50:30.159993,completed,Ho Chi Minh City,standard,
O002255,C000104,2025-12-31 02:22:37.159993,completed,Ho Chi Minh City,,
O002256,C000915,2026-04-22 11:59:05.159993,completed,Bien Hoa,standard,SAVEUPTO20
O002257,C000182,2026-03-11 02:51:07.159993,completed,Ho Chi Minh City,,
O002258,C000982,2026-05-23 17:19:20.159993,completed,Ho Chi Minh City,standard,
O002259,C000275,2026-03-10 21:14:46.159993,completed,Ho Chi Minh City,,
O002260,C000617,2026-02-15 21:09:11.159993,pending,Da Nang,,
O002261,C000066,2026-05-15 21:14:50.159993,completed,Ho Chi Minh City,express,
O002262,C000065,2026-05-22 21:15:02.159993,completed,Ho Chi Minh City,standard,
O002263,C000668,2026-06-08 18:23:24.159993,completed,Ho Chi Minh City,standard,
O002264,C000452,2026-06-15 10:12:04.159993,completed,Ho Chi Minh City,standard,
O002265,C000851,2026-06-20 03:03:23.159993,completed,Ho Chi Minh City,express,
O002266,C000411,2026-02-02 00:13:01.159993,cancelled,Ho Chi Minh City,,
O002267,C000377,2026-06-17 09:05:40.159993,completed,Ho Chi Minh City,standard,SAVEUPTO20
O002268,C000523,2026-06-03 07:03:03.159993,completed,Ho Chi Minh City,standard,
O002269,C000288,2026-04-19 04:15:37.159993,cancelled,Ho Chi Minh City,standard,SAVEUPTO20
O002270,C000205,2026-06-12 11:37:03.159993,completed,Ho Chi Minh City,express,
O002271,C000303,2026-01-09 02:13:35.159993,completed,Ho Chi Minh City,,
O002272,C000878,2026-05-13 09:36:07.159993,completed,Da Nang,standard,
O002273,C000731,2026-06-03 02:30:16.159993,completed,Da Nang,standard,
O002274,C000129,2026-05-09 19:29:46.159993,completed,Ho Chi Minh City,standard,
O002275,C000107,2026-06-09 23:22:22.159993,completed,Ho Chi Minh City,same_day,
O002276,C000539,2026-05-26 20:13:42.159993,completed,Ho Chi Minh City,standard,
O002277,C000070,2026-06-17 20:27:17.159993,completed,Ho Chi Minh City,standard,
O002278,C000809,2026-03-23 01:28:22.159993,completed,Ho Chi Minh City,,
O002279,C000871,2026-06-07 09:34:34.159993,completed,Da Nang,standard,SAVEUPTO20
O002280,C000217,2026-03-02 09:34:38.159993,cancelled,Bien Hoa,,
O002281,C000199,2026-02-28 12:31:51.159993,completed,Ho Chi Minh City,,
O002282,C000294,2026-03-29 12:06:16.159993,completed,Ho Chi Minh City,standard,
O002283,C000782,2026-06-05 16:10:47.159993,completed,Ho Chi Minh City,standard,
O002284,C000686,2026-06-07 12:09:14.159993,completed,Ho Chi Minh City,same_day,
O002285,C000289,2026-04-23 13:48:53.159993,completed,Ho Chi Minh City,standard,
O002286,C000428,2026-06-19 15:26:27.159993,completed,Ho Chi Minh City,standard,SAVEUPTO20
O002287,C000998,2026-03-15 07:03:05.159993,completed,Ho Chi Minh City,,
O002288,C000642,2026-06-21 11:24:48.159993,completed,Ho Chi Minh City,standard,
O002289,C000457,2026-03-28 18:24:49.159993,completed,Ho Chi Minh City,standard,
O002290,C000344,2026-03-29 20:33:07.159993,pending,Ho Chi Minh City,same_day,
O002291,C000071,2026-06-01 15:16:20.159993,completed,Ho Chi Minh City,standard,
O002292,C000930,2026-06-15 17:43:01.159993,completed,Can Tho,standard,
O002293,C000344,2026-06-08 17:29:30.159993,completed,Ho Chi Minh City,standard,
O002294,C000938,2026-03-16 05:23:41.159993,completed,Ho Chi Minh City,,
O002295,C000548,2026-06-09 16:21:04.159993,completed,Ho Chi Minh City,standard,SAVEUPTO20
O002296,C000213,2026-05-21 18:35:08.159993,completed,Ho Chi Minh City,standard,
O002297,C000949,2026-06-15 18:49:55.159993,completed,Ho Chi Minh City,standard,
O002298,C000589,2026-06-19 07:49:00.159993,completed,Ho Chi Minh City,standard,SAVEUPTO20
O002299,C000536,2026-02-15 13:43:39.159993,pending,Ho Chi Minh City,,
O002300,C000681,2026-05-24 19:02:00.159993,completed,Ho Chi Minh City,express,
O002301,C000806,2026-05-16 14:57:49.159993,cancelled,Ho Chi Minh City,standard,
O002302,C000104,2026-02-14 06:29:02.159993,completed,Da Nang,,
O002303,C000753,2026-02-12 13:23:20.159993,completed,Ho Chi Minh City,,
O002304,C000400,2026-05-23 06:17:15.159993,completed,Ho Chi Minh City,standard,
O002305,C000980,2026-06-12 05:19:46.159993,cancelled,Ho Chi Minh City,standard,
O002306,C000927,2026-05-06 21:03:14.159993,completed,Da Nang,standard,SAVEUPTO20
O002307,C000869,2026-05-17 17:40:10.159993,completed,Ho Chi Minh City,standard,SAVEUPTO20
O002308,C000653,2026-02-23 13:23:28.159993,completed,Ho Chi Minh City,,
O002309,C000767,2026-05-31 08:22:38.159993,completed,Ho Chi Minh City,standard,
O002310,C000564,2026-05-18 08:20:14.159993,returned,Ho Chi Minh City,standard,
O002311,C000896,2026-04-14 19:22:35.159993,cancelled,Ho Chi Minh City,standard,SAVEUPTO20
O002312,C000821,2026-01-17 08:21:47.159993,completed,Can Tho,,
O002313,C000874,2026-01-30 22:29:11.159993,completed,Ho Chi Minh City,,
O002314,C000322,2026-01-19 10:59:08.159993,completed,Ho Chi Minh City,,
O002315,C000902,2026-01-10 16:01:15.159993,completed,Ho Chi Minh City,,
O002316,C000755,2026-06-19 13:25:52.159993,completed,Can Tho,standard,
O002317,C000899,2026-05-27 02:01:07.159993,completed,Ho Chi Minh City,standard,
O002318,C000240,2026-05-17 19:31:03.159993,completed,Ho Chi Minh City,same_day,
O002319,C000212,2026-06-10 04:22:19.159993,completed,Ho Chi Minh City,express,
O002320,C000468,2026-04-11 00:54:18.159993,completed,Ho Chi Minh City,standard,SAVEUPTO20
O002321,C000578,2026-04-16 06:46:14.159993,completed,Ho Chi Minh City,standard,
O002322,C000934,2026-06-13 22:02:30.159993,completed,Ho Chi Minh City,standard,
O002323,C000304,2026-06-03 10:32:35.159993,completed,Ho Chi Minh City,standard,
O002324,C000211,2026-06-07 14:22:05.159993,completed,Ho Chi Minh City,standard,
O002325,C000396,2026-06-17 23:32:34.159993,completed,Ho Chi Minh City,standard,
O002326,C000769,2026-01-30 18:35:51.159993,completed,Ho Chi Minh City,,
O002327,C000451,2026-06-20 01:35:39.159993,returned,Ho Chi Minh City,same_day,SAVEUPTO20
O002328,C000255,2026-05-07 13:32:45.159993,completed,Ho Chi Minh City,express,
O002329,C000225,2026-05-24 12:43:28.159993,completed,Ho Chi Minh City,standard,
O002330,C000694,2026-06-15 18:07:11.159993,returned,Ho Chi Minh City,same_day,
O002331,C000699,2026-05-20 03:25:42.159993,completed,Ho Chi Minh City,express,
O002332,C000457,2026-06-06 10:47:04.159993,returned,Da Nang,standard,
O002333,C000634,2026-05-05 01:50:23.159993,completed,Can Tho,same_day,
O002334,C000325,2026-06-20 21:43:35.159993,returned,Ho Chi Minh City,standard,
O002335,C000917,2026-04-05 00:38:42.159993,completed,Ho Chi Minh City,standard,
O002336,C000101,2026-06-07 00:17:27.159993,completed,Ho Chi Minh City,express,SAVEUPTO20
O002337,C000112,2026-06-09 10:32:51.159993,completed,Ho Chi Minh City,express,
O002338,C000635,2026-05-29 18:47:09.159993,completed,Ho Chi Minh City,standard,
O002339,C000059,2026-06-06 00:10:23.159993,completed,Ho Chi Minh City,standard,
O002340,C000448,2026-06-13 15:00:58.159993,completed,Ho Chi Minh City,standard,
O002341,C000947,2026-06-18 11:40:39.159993,completed,Ho Chi Minh City,standard,
O002342,C000001,2026-03-30 16:03:57.159993,completed,Ho Chi Minh City,standard,
O002343,C000966,2026-05-29 11:30:12.159993,completed,Ho Chi Minh City,express,
O002344,C000118,2026-05-20 05:48:57.159993,completed,Ho Chi Minh City,express,SAVEUPTO20
O002345,C000627,2026-03-14 23:44:25.159993,completed,Ho Chi Minh City,,
O002346,C000276,2026-04-03 07:04:03.159993,completed,Da Nang,standard,
O002347,C000120,2026-02-02 17:50:28.159993,cancelled,Ho Chi Minh City,,
O002348,C000438,2026-06-16 18:58:50.159993,completed,Ho Chi Minh City,standard,
O002349,C000725,2026-05-25 10:59:03.159993,completed,Da Nang,same_day,
O002350,C000130,2026-05-11 02:54:01.159993,completed,Ho Chi Minh City,standard,
O002351,C000260,2026-06-12 21:17:41.159993,cancelled,Ho Chi Minh City,standard,
O002352,C000422,2026-06-09 11:42:40.159993,completed,Da Nang,standard,
O002353,C000183,2026-05-18 12:56:23.159993,cancelled,Ho Chi Minh City,standard,
O002354,C000382,2026-06-11 08:06:26.159993,completed,Ho Chi Minh City,standard,SAVEUPTO20
O002355,C000715,2026-06-18 07:33:44.159993,completed,Ho Chi Minh City,standard,
O002356,C000792,2026-04-25 09:23:31.159993,completed,Ho Chi Minh City,express,
O002357,C000140,2026-06-09 06:31:11.159993,completed,Ho Chi Minh City,express,
O002358,C000812,2026-05-31 23:08:41.159993,completed,Ho Chi Minh City,standard,
O002359,C000598,2026-06-20 13:44:58.159993,completed,Ho Chi Minh City,standard,
O002360,C000476,2026-06-14 21:14:06.159993,cancelled,Ho Chi Minh City,same_day,
O002361,C000863,2026-06-09 08:34:52.159993,pending,Ho Chi Minh City,standard,
O002362,C000524,2026-06-08 15:23:33.159993,completed,Ho Chi Minh City,standard,SAVEUPTO20
O002363,C000418,2026-03-02 16:41:24.159993,completed,Ho Chi Minh City,,
O002364,C000158,2026-06-20 21:05:30.159993,completed,Ho Chi Minh City,express,
O002365,C000290,2026-03-20 13:33:14.159993,completed,Ho Chi Minh City,,
O002366,C000202,2026-06-11 06:29:53.159993,pending,Ho Chi Minh City,standard,
O002367,C000672,2026-04-25 05:00:53.159993,completed,Ho Chi Minh City,express,
O002368,C000596,2026-06-16 18:32:00.159993,completed,Ho Chi Minh City,standard,
O002369,C000994,2026-04-08 03:56:55.159993,completed,Ho Chi Minh City,standard,SAVEUPTO20
O002370,C000640,2026-06-21 11:24:28.159993,completed,Ho Chi Minh City,standard,SAVEUPTO20
O002371,C000551,2026-06-09 02:03:25.159993,cancelled,Ho Chi Minh City,same_day,
O002372,C000453,2026-04-13 15:21:06.159993,completed,Ho Chi Minh City,standard,
O002373,C000088,2026-03-04 21:59:18.159993,completed,Ho Chi Minh City,,
O002374,C000137,2026-04-29 21:31:12.159993,completed,Ho Chi Minh City,standard,
O002375,C000721,2026-02-21 23:38:03.159993,pending,Ho Chi Minh City,,
O002376,C000430,2026-06-21 09:31:27.159993,completed,Ho Chi Minh City,standard,
O002377,C000852,2026-06-13 05:08:21.159993,completed,Da Nang,standard,
O002378,C000748,2026-06-19 04:49:16.159993,completed,Ho Chi Minh City,standard,
O002379,C000644,2026-04-07 16:03:11.159993,completed,Ho Chi Minh City,standard,SAVEUPTO20
O002380,C000757,2026-06-21 13:28:22.159993,completed,Ho Chi Minh City,standard,
O002381,C000484,2026-05-27 15:15:05.159993,completed,Ho Chi Minh City,standard,
O002382,C000244,2026-06-18 07:51:01.159993,completed,Ho Chi Minh City,standard,
O002383,C000172,2026-04-03 00:30:24.159993,completed,Ho Chi Minh City,standard,SAVEUPTO20
O002384,C000493,2026-05-15 09:28:29.159993,completed,Ho Chi Minh City,standard,
O002385,C000523,2026-02-20 15:33:27.159993,completed,Ho Chi Minh City,,
O002386,C000178,2026-03-31 10:34:16.159993,completed,Ho Chi Minh City,express,
O002387,C000672,2026-05-27 04:17:10.159993,completed,Ho Chi Minh City,standard,
O002388,C000129,2026-04-16 00:37:50.159993,completed,Ho Chi Minh City,standard,
O002389,C000974,2026-06-07 05:11:06.159993,returned,Ho Chi Minh City,same_day,
O002390,C000386,2026-01-30 14:20:50.159993,completed,Ho Chi Minh City,,
O002391,C000119,2026-04-16 14:07:50.159993,completed,Bien Hoa,standard,
O002392,C000724,2026-06-05 01:20:59.159993,completed,Ho Chi Minh City,express,SAVEUPTO20
O002393,C000512,2026-06-03 15:16:28.159993,completed,Ho Chi Minh City,same_day,
O002394,C000592,2026-06-19 23:30:42.159993,completed,Ho Chi Minh City,standard,
O002395,C000052,2026-05-15 06:28:10.159993,pending,Ho Chi Minh City,standard,
O002396,C000307,2026-04-16 18:10:30.159993,completed,Ho Chi Minh City,standard,
O002397,C000713,2026-06-05 06:01:18.159993,completed,Ho Chi Minh City,standard,
O002398,C000883,2026-05-23 19:21:12.159993,completed,Ho Chi Minh City,standard,
O002399,C000280,2026-01-21 06:20:36.159993,completed,Ho Chi Minh City,,
O002400,C000911,2026-05-13 21:44:32.159993,completed,Hanoi,standard,
O002401,C000639,2026-06-16 06:28:45.159993,completed,Ho Chi Minh City,standard,
O002402,C000541,2026-05-01 05:42:22.159993,completed,Ho Chi Minh City,express,
O002403,C000584,2026-01-29 00:20:11.159993,cancelled,Ho Chi Minh City,,
O002404,C000589,2026-06-19 16:28:00.159993,completed,Ho Chi Minh City,standard,
O002405,C000777,2026-05-20 21:46:28.159993,completed,Ho Chi Minh City,express,
O002406,C000501,2026-04-03 16:27:12.159993,completed,Da Nang,express,SAVEUPTO20
O002407,C000184,2026-06-19 02:34:21.159993,completed,Ho Chi Minh City,express,
O002408,C000551,2026-06-01 21:36:46.159993,completed,Ho Chi Minh City,standard,
O002409,C000313,2026-03-26 10:54:09.159993,completed,Ho Chi Minh City,standard,
O002410,C000410,2026-05-29 15:51:21.159993,completed,Ho Chi Minh City,express,
O002411,C000322,2026-02-06 09:05:33.159993,cancelled,Bien Hoa,,
O002412,C000218,2026-03-09 00:48:18.159993,pending,Ho Chi Minh City,,
O002413,C000279,2026-06-19 22:26:40.159993,cancelled,Ho Chi Minh City,express,
O002414,C000748,2026-05-14 21:43:11.159993,completed,Ho Chi Minh City,standard,
O002415,C000885,2026-06-18 11:34:18.159993,completed,Ho Chi Minh City,standard,
O002416,C000516,2026-05-04 12:08:22.159993,completed,Ho Chi Minh City,standard,
O002417,C000494,2026-04-26 06:04:08.159993,completed,Ho Chi Minh City,standard,SAVEUPTO20
O002418,C000994,2026-06-15 03:45:08.159993,completed,Ho Chi Minh City,standard,
O002419,C000331,2026-04-16 18:13:52.159993,completed,Ho Chi Minh City,standard,
O002420,C000503,2026-06-17 07:07:58.159993,completed,Ho Chi Minh City,standard,
O002421,C000448,2026-06-14 00:45:02.159993,completed,Ho Chi Minh City,standard,
O002422,C000077,2026-05-24 23:57:48.159993,completed,Da Nang,express,
O002423,C000885,2026-06-20 17:48:50.159993,completed,Ho Chi Minh City,express,
O002424,C000502,2026-04-28 07:21:08.159993,completed,Ho Chi Minh City,standard,SAVEUPTO20
O002425,C000283,2026-05-08 22:47:37.159993,cancelled,Ho Chi Minh City,standard,
O002426,C000837,2026-05-29 04:26:49.159993,completed,Ho Chi Minh City,standard,
O002427,C000620,2026-05-04 10:19:32.159993,completed,Ho Chi Minh City,standard,
O002428,C000969,2026-06-08 05:28:03.159993,pending,Ho Chi Minh City,standard,
O002429,C000650,2026-05-25 18:35:55.159993,completed,Ho Chi Minh City,standard,
O002430,C000400,2026-03-16 03:58:46.159993,returned,Ho Chi Minh City,,
O002431,C000605,2026-06-20 05:28:13.159993,completed,Ho Chi Minh City,standard,
O002432,C000762,2026-06-13 20:33:27.159993,returned,Ho Chi Minh City,standard,SAVEUPTO20
O002433,C000035,2026-06-08 22:18:28.159993,completed,Ho Chi Minh City,standard,
O002434,C000961,2026-02-04 18:39:53.159993,completed,Ho Chi Minh City,,
O002435,C001000,2026-04-29 12:28:51.159993,completed,Ho Chi Minh City,standard,
O002436,C000901,2026-04-20 07:42:38.159993,returned,Ho Chi Minh City,express,SAVEUPTO20
O002437,C000800,2026-05-27 01:14:23.159993,completed,Ho Chi Minh City,standard,SAVEUPTO20
O002438,C000888,2026-05-26 06:09:12.159993,completed,Ho Chi Minh City,standard,
O002439,C000534,2026-06-10 15:42:52.159993,completed,Ho Chi Minh City,standard,
O002440,C000701,2026-05-28 22:19:08.159993,completed,Ho Chi Minh City,standard,
O002441,C000569,2026-06-09 11:58:11.159993,completed,Ho Chi Minh City,express,
O002442,C000800,2026-05-07 00:31:53.159993,completed,Ho Chi Minh City,express,
O002443,C000435,2026-03-22 11:04:34.159993,pending,Ho Chi Minh City,,
O002444,C000586,2026-06-15 09:47:20.159993,completed,Ho Chi Minh City,standard,
O002445,C000728,2026-01-23 20:13:08.159993,completed,Ho Chi Minh City,,
O002446,C000629,2026-04-26 16:33:26.159993,completed,Da Nang,standard,
O002447,C000300,2026-05-14 13:42:46.159993,returned,Ho Chi Minh City,standard,
O002448,C000603,2026-05-21 17:19:44.159993,completed,Ho Chi Minh City,standard,
O002449,C000637,2026-05-01 00:38:32.159993,completed,Ho Chi Minh City,standard,
O002450,C000811,2026-05-12 15:00:15.159993,completed,Ho Chi Minh City,same_day,
O002451,C000052,2026-05-16 15:01:51.159993,completed,Ho Chi Minh City,standard,
O002452,C000908,2026-05-02 21:59:02.159993,completed,Ho Chi Minh City,standard,
O002453,C000417,2026-06-16 16:48:24.159993,completed,Ho Chi Minh City,standard,SAVEUPTO20
O002454,C000202,2026-06-07 14:28:39.159993,pending,Ho Chi Minh City,standard,SAVEUPTO20
O002455,C000105,2026-05-24 10:04:06.159993,completed,Ho Chi Minh City,express,
O002456,C000970,2026-02-28 08:46:48.159993,completed,Ho Chi Minh City,,
O002457,C000722,2026-06-19 17:54:45.159993,completed,Ho Chi Minh City,express,SAVEUPTO20
O002458,C000907,2026-03-30 20:14:27.159993,completed,Ho Chi Minh City,standard,
O002459,C000442,2026-06-17 01:45:30.159993,completed,Ho Chi Minh City,express,
O002460,C000221,2026-06-09 16:28:07.159993,completed,Ho Chi Minh City,standard,
O002461,C000151,2026-06-18 18:11:10.159993,completed,Ho Chi Minh City,same_day,
O002462,C000631,2026-06-18 06:00:03.159993,completed,Ho Chi Minh City,standard,
O002463,C000503,2026-06-20 00:28:06.159993,cancelled,Ho Chi Minh City,standard,
O002464,C000274,2026-06-18 04:44:44.159993,completed,Can Tho,express,
O002465,C000389,2026-06-06 07:04:05.159993,pending,Can Tho,same_day,SAVEUPTO20
O002466,C000042,2026-05-15 08:35:03.159993,completed,Ho Chi Minh City,standard,
O002467,C000818,2026-01-26 08:29:53.159993,cancelled,Ho Chi Minh City,,
O002468,C000875,2026-05-27 08:10:41.159993,completed,Ho Chi Minh City,standard,
O002469,C000102,2026-03-06 17:23:18.159993,completed,Da Nang,,
O002470,C000417,2026-06-16 13:20:18.159993,completed,Ho Chi Minh City,same_day,
O002471,C000477,2026-06-03 23:32:41.159993,pending,Ho Chi Minh City,standard,
O002472,C000640,2026-06-19 16:37:25.159993,completed,Ho Chi Minh City,standard,
O002473,C000874,2026-03-21 04:54:47.159993,cancelled,Ho Chi Minh City,,
O002474,C000593,2026-04-28 21:58:25.159993,cancelled,Ho Chi Minh City,express,
O002475,C000423,2026-05-25 13:19:28.159993,returned,Ho Chi Minh City,standard,
O002476,C000839,2026-01-15 07:27:18.159993,completed,Ho Chi Minh City,,
O002477,C000761,2026-02-20 16:57:30.159993,completed,Ho Chi Minh City,,
O002478,C000033,2026-02-14 09:30:22.159993,completed,Hanoi,,
O002479,C000920,2026-06-06 03:21:55.159993,pending,Ho Chi Minh City,standard,SAVEUPTO20
O002480,C000150,2026-06-16 21:19:36.159993,completed,Ho Chi Minh City,standard,
O002481,C000184,2026-05-24 11:06:46.159993,completed,Ho Chi Minh City,standard,
O002482,C000150,2026-01-27 22:23:02.159993,completed,Ho Chi Minh City,,
O002483,C000569,2026-06-07 06:49:21.159993,returned,Ho Chi Minh City,express,
O002484,C000503,2026-06-20 21:28:42.159993,completed,Ho Chi Minh City,same_day,
O002485,C000889,2026-04-24 11:58:12.159993,completed,Ho Chi Minh City,standard,
O002486,C000536,2026-03-04 18:38:35.159993,completed,Ho Chi Minh City,,
O002487,C000312,2026-05-25 02:34:47.159993,completed,Ho Chi Minh City,standard,
O002488,C000527,2026-06-17 13:08:48.159993,cancelled,Ho Chi Minh City,standard,SAVEUPTO20
O002489,C000080,2026-05-17 21:57:37.159993,completed,Ho Chi Minh City,standard,SAVEUPTO20
O002490,C000770,2026-06-04 12:54:20.159993,completed,Ho Chi Minh City,standard,
O002491,C000510,2026-06-11 09:42:16.159993,completed,Ho Chi Minh City,standard,SAVEUPTO20
O002492,C000847,2026-06-16 17:53:27.159993,completed,Bien Hoa,standard,SAVEUPTO20
O002493,C000132,2026-05-05 00:32:46.159993,completed,Ho Chi Minh City,standard,
O002494,C000550,2026-06-14 02:51:54.159993,completed,Ho Chi Minh City,same_day,
O002495,C000278,2026-06-06 05:31:00.159993,returned,Ho Chi Minh City,express,
O002496,C000849,2026-06-12 12:12:01.159993,completed,Ho Chi Minh City,standard,
O002497,C000958,2026-05-07 06:59:37.159993,completed,Ho Chi Minh City,standard,SAVEUPTO20
O002498,C000870,2026-01-30 15:43:14.159993,completed,Ho Chi Minh City,,
O002499,C000633,2026-06-14 20:25:50.159993,pending,Ho Chi Minh City,express,
O002500,C000036,2026-01-23 01:35:51.159993,completed,Ho Chi Minh City,,
O002501,C000909,2026-03-17 17:29:05.159993,completed,Can Tho,,
O002502,C000689,2026-04-19 10:24:27.159993,cancelled,Ho Chi Minh City,standard,SAVEUPTO20
O002503,C000608,2026-05-01 03:21:21.159993,completed,Ho Chi Minh City,express,
O002504,C000774,2026-06-20 03:12:10.159993,completed,Ho Chi Minh City,standard,
O002505,C000565,2026-06-18 20:00:00.159993,completed,Ho Chi Minh City,standard,
O002506,C000853,2026-06-18 00:20:17.159993,pending,Ho Chi Minh City,standard,
O002507,C000502,2026-05-08 10:43:53.159993,completed,Ho Chi Minh City,same_day,SAVEUPTO20
O002508,C000272,2025-12-30 21:57:26.159993,returned,Ho Chi Minh City,,
O002509,C000902,2026-02-26 10:57:51.159993,completed,Ho Chi Minh City,,
O002510,C000617,2026-04-18 16:53:21.159993,completed,Bien Hoa,express,
O002511,C000812,2026-06-20 15:14:34.159993,returned,Ho Chi Minh City,standard,
O002512,C000526,2026-03-23 05:03:10.159993,completed,Ho Chi Minh City,,
O002513,C000969,2026-06-12 09:02:21.159993,completed,Ho Chi Minh City,standard,SAVEUPTO20
O002514,C000533,2026-05-10 11:28:25.159993,cancelled,Ho Chi Minh City,standard,
O002515,C000017,2026-05-21 09:36:34.159993,completed,Ho Chi Minh City,standard,SAVEUPTO20
O002516,C000993,2026-05-15 07:13:51.159993,completed,Ho Chi Minh City,standard,
O002517,C000364,2026-06-02 22:27:34.159993,completed,Da Nang,standard,
O002518,C000773,2026-05-04 02:03:20.159993,returned,Ho Chi Minh City,standard,
O002519,C000171,2026-01-16 01:23:29.159993,cancelled,Da Nang,,
O002520,C000967,2026-06-06 07:48:00.159993,completed,Ho Chi Minh City,same_day,
O002521,C000895,2026-05-14 22:03:40.159993,pending,Ho Chi Minh City,same_day,
O002522,C000365,2026-06-01 20:29:25.159993,completed,Ho Chi Minh City,same_day,
O002523,C000516,2026-01-24 09:03:06.159993,completed,Ho Chi Minh City,,
O002524,C000166,2026-05-31 11:08:15.159993,completed,Hanoi,standard,
O002525,C000359,2026-02-26 00:56:50.159993,returned,Can Tho,,
O002526,C000291,2026-06-15 12:49:24.159993,completed,Ho Chi Minh City,express,
O002527,C000381,2026-04-04 19:34:28.159993,completed,Ho Chi Minh City,standard,
O002528,C000917,2026-05-03 22:00:43.159993,completed,Ho Chi Minh City,standard,
O002529,C000678,2026-02-21 11:44:07.159993,completed,Ho Chi Minh City,,
O002530,C000792,2026-06-13 03:54:00.159993,returned,Ho Chi Minh City,express,
O002531,C000494,2026-05-24 23:47:19.159993,completed,Ho Chi Minh City,standard,
O002532,C000844,2026-06-18 19:27:25.159993,completed,Ho Chi Minh City,standard,SAVEUPTO20
O002533,C000914,2026-06-19 01:22:45.159993,completed,Ho Chi Minh City,standard,
O002534,C000182,2026-03-24 06:59:47.159993,completed,Ho Chi Minh City,standard,
O002535,C000775,2026-06-12 05:57:51.159993,completed,Ho Chi Minh City,express,
O002536,C000462,2026-05-29 14:07:27.159993,completed,Ho Chi Minh City,standard,SAVEUPTO20
O002537,C000896,2026-04-26 22:56:31.159993,completed,Ho Chi Minh City,standard,SAVEUPTO20
O002538,C000682,2026-06-01 06:48:24.159993,completed,Ho Chi Minh City,express,
O002539,C000383,2026-06-19 09:32:36.159993,completed,Ho Chi Minh City,standard,
O002540,C000913,2026-06-02 17:52:31.159993,completed,Da Nang,standard,SAVEUPTO20
O002541,C000897,2026-05-23 14:59:22.159993,completed,Ho Chi Minh City,same_day,
O002542,C000147,2026-06-07 03:58:48.159993,completed,Ho Chi Minh City,express,SAVEUPTO20
O002543,C000786,2026-04-12 21:53:13.159993,completed,Hanoi,standard,
O002544,C000044,2026-03-08 05:19:52.159993,completed,Ho Chi Minh City,,
O002545,C000411,2026-03-11 12:15:09.159993,completed,Ho Chi Minh City,,
O002546,C000609,2026-06-21 08:26:09.159993,completed,Ho Chi Minh City,standard,
O002547,C000496,2026-03-09 03:01:54.159993,completed,Ho Chi Minh City,,
O002548,C000659,2026-02-26 19:40:27.159993,completed,Ho Chi Minh City,,
O002549,C000533,2026-04-26 11:26:35.159993,completed,Ho Chi Minh City,standard,
O002550,C000301,2026-03-17 22:44:52.159993,completed,Ho Chi Minh City,,
O002551,C000347,2026-06-20 11:59:59.159993,completed,Da Nang,express,
O002552,C000303,2026-02-18 01:35:15.159993,completed,Ho Chi Minh City,,
O002553,C000964,2026-02-20 11:49:19.159993,completed,Ho Chi Minh City,,
O002554,C000085,2026-05-18 12:27:01.159993,returned,Ho Chi Minh City,express,
O002555,C000757,2026-06-19 13:28:14.159993,completed,Ho Chi Minh City,same_day,
O002556,C000849,2026-05-23 06:31:08.159993,completed,Ho Chi Minh City,standard,SAVEUPTO20
O002557,C000227,2026-05-31 13:41:47.159993,cancelled,Ho Chi Minh City,standard,
O002558,C000614,2026-05-05 22:54:50.159993,completed,Ho Chi Minh City,express,
O002559,C000317,2026-05-09 16:25:11.159993,completed,Da Nang,standard,
O002560,C000932,2026-05-14 05:23:53.159993,returned,Ho Chi Minh City,same_day,SAVEUPTO20
O002561,C000968,2026-04-16 20:11:21.159993,completed,Ho Chi Minh City,express,
O002562,C000676,2026-06-07 21:12:32.159993,completed,Ho Chi Minh City,standard,
O002563,C000969,2026-06-16 07:31:26.159993,completed,Ho Chi Minh City,express,SAVEUPTO20
O002564,C000256,2026-04-26 22:03:38.159993,completed,Ho Chi Minh City,express,
O002565,C000747,2026-06-03 03:38:25.159993,completed,Ho Chi Minh City,standard,
O002566,C000148,2026-02-09 18:43:02.159993,completed,Ho Chi Minh City,,
O002567,C000997,2026-06-15 05:47:00.159993,completed,Ho Chi Minh City,standard,SAVEUPTO20
O002568,C000610,2026-06-18 17:31:20.159993,completed,Da Nang,standard,
O002569,C000016,2026-05-27 13:15:14.159993,completed,Ho Chi Minh City,standard,
O002570,C000734,2026-06-09 13:00:38.159993,cancelled,Ho Chi Minh City,standard,
O002571,C000708,2026-06-02 10:44:54.159993,completed,Ho Chi Minh City,same_day,SAVEUPTO20
O002572,C000380,2026-02-16 03:28:00.159993,pending,Ho Chi Minh City,,
O002573,C000135,2026-05-23 11:00:57.159993,completed,Ho Chi Minh City,standard,
O002574,C000705,2026-04-20 23:30:45.159993,completed,Ho Chi Minh City,standard,
O002575,C000410,2026-02-16 00:21:06.159993,completed,Can Tho,,
O002576,C000640,2026-06-17 21:57:22.159993,completed,Hanoi,same_day,SAVEUPTO20
O002577,C000268,2026-03-22 23:37:17.159993,completed,Ho Chi Minh City,,
O002578,C000023,2026-02-13 08:22:38.159993,completed,Ho Chi Minh City,,
O002579,C000349,2026-04-18 23:57:21.159993,completed,Ho Chi Minh City,standard,
O002580,C000995,2026-05-26 09:25:54.159993,completed,Ho Chi Minh City,standard,SAVEUPTO20
O002581,C000454,2026-01-31 11:15:32.159993,completed,Ho Chi Minh City,,
O002582,C000973,2026-05-02 17:01:07.159993,completed,Ho Chi Minh City,standard,
O002583,C000474,2026-03-24 07:48:55.159993,completed,Ho Chi Minh City,standard,
O002584,C000405,2026-04-30 20:30:52.159993,completed,Bien Hoa,standard,
O002585,C000486,2026-03-19 18:47:04.159993,completed,Ho Chi Minh City,,
O002586,C000310,2026-02-10 07:29:35.159993,completed,Ho Chi Minh City,,
O002587,C000063,2026-03-01 14:16:22.159993,returned,Ho Chi Minh City,,
O002588,C000614,2026-03-15 07:20:55.159993,completed,Ho Chi Minh City,,
O002589,C000141,2026-06-18 19:32:43.159993,completed,Ho Chi Minh City,standard,SAVEUPTO20
O002590,C000025,2026-06-01 00:07:48.159993,completed,Ho Chi Minh City,standard,SAVEUPTO20
O002591,C000805,2026-06-18 09:48:07.159993,completed,Ho Chi Minh City,same_day,
O002592,C000492,2026-06-15 11:47:20.159993,completed,Ho Chi Minh City,standard,
O002593,C000382,2026-06-16 14:53:49.159993,completed,Ho Chi Minh City,standard,SAVEUPTO20
O002594,C000549,2026-06-09 08:17:56.159993,completed,Ho Chi Minh City,standard,
O002595,C000167,2026-02-28 20:45:08.159993,completed,Ho Chi Minh City,,
O002596,C000848,2026-03-23 18:44:02.159993,completed,Ho Chi Minh City,,
O002597,C000124,2026-05-02 02:43:54.159993,completed,Ho Chi Minh City,standard,SAVEUPTO20
O002598,C000815,2026-05-29 07:14:32.159993,cancelled,Ho Chi Minh City,standard,SAVEUPTO20
O002599,C000523,2026-03-24 10:02:50.159993,completed,Ho Chi Minh City,standard,
O002600,C000591,2026-05-23 23:48:07.159993,returned,Ho Chi Minh City,same_day,
O002601,C000717,2026-06-05 13:57:31.159993,completed,Ho Chi Minh City,express,
O002602,C000144,2026-05-07 09:50:38.159993,completed,Ho Chi Minh City,standard,
O002603,C000261,2026-06-15 11:18:01.159993,completed,Ho Chi Minh City,express,
O002604,C000290,2026-05-09 06:56:03.159993,completed,Ho Chi Minh City,standard,
O002605,C000771,2026-04-27 16:25:13.159993,completed,Ho Chi Minh City,standard,
O002606,C000336,2026-06-18 10:33:13.159993,completed,Ho Chi Minh City,standard,SAVEUPTO20
O002607,C000608,2026-06-07 18:49:42.159993,returned,Ho Chi Minh City,express,
O002608,C000092,2026-05-23 00:28:14.159993,completed,Ho Chi Minh City,standard,
O002609,C000806,2026-06-11 23:11:12.159993,completed,Ho Chi Minh City,same_day,SAVEUPTO20
O002610,C000343,2026-06-03 19:14:56.159993,completed,Ho Chi Minh City,standard,
O002611,C000487,2026-03-19 04:06:04.159993,completed,Ho Chi Minh City,,
O002612,C000140,2026-06-13 03:20:45.159993,completed,Ho Chi Minh City,standard,
O002613,C000285,2026-04-11 03:02:21.159993,completed,Ho Chi Minh City,standard,
O002614,C000329,2026-05-06 18:36:12.159993,completed,Ho Chi Minh City,express,
O002615,C000879,2026-04-14 16:43:11.159993,completed,Da Nang,standard,SAVEUPTO20
O002616,C000132,2026-05-17 01:14:15.159993,completed,Ho Chi Minh City,express,
O002617,C000479,2026-04-24 19:55:15.159993,completed,Ho Chi Minh City,standard,
O002618,C000457,2026-03-03 06:07:48.159993,completed,Ho Chi Minh City,,
O002619,C000499,2026-06-08 18:37:18.159993,completed,Ho Chi Minh City,standard,SAVEUPTO20
O002620,C000675,2026-06-21 08:03:37.159993,completed,Ho Chi Minh City,standard,
O002621,C000922,2026-06-07 20:54:38.159993,completed,Hanoi,standard,
O002622,C000709,2026-03-27 23:03:03.159993,completed,Ho Chi Minh City,standard,
O002623,C000087,2026-05-15 19:51:31.159993,completed,Ho Chi Minh City,same_day,
O002624,C000932,2026-05-23 07:46:49.159993,completed,Ho Chi Minh City,standard,
O002625,C000801,2026-01-11 16:10:01.159993,completed,Ho Chi Minh City,,
O002626,C000776,2026-06-17 02:22:48.159993,completed,Ho Chi Minh City,express,
O002627,C000987,2026-05-25 06:34:31.159993,completed,Ho Chi Minh City,standard,
O002628,C000221,2026-02-12 19:00:42.159993,completed,Ho Chi Minh City,,
O002629,C000189,2026-05-22 15:23:10.159993,returned,Ho Chi Minh City,standard,
O002630,C000633,2026-05-14 15:38:44.159993,completed,Bien Hoa,standard,
O002631,C000696,2026-04-21 18:27:43.159993,completed,Ho Chi Minh City,same_day,
O002632,C000847,2026-04-22 07:45:38.159993,completed,Ho Chi Minh City,standard,
O002633,C000098,2026-04-27 06:46:02.159993,completed,Da Nang,standard,
O002634,C000353,2026-03-02 00:52:20.159993,completed,Ho Chi Minh City,,
O002635,C000892,2026-05-06 14:58:41.159993,pending,Ho Chi Minh City,express,
O002636,C000529,2026-06-11 14:42:44.159993,completed,Ho Chi Minh City,standard,
O002637,C000892,2026-06-06 18:30:56.159993,completed,Ho Chi Minh City,standard,SAVEUPTO20
O002638,C000080,2026-05-08 00:05:30.159993,cancelled,Ho Chi Minh City,standard,
O002639,C000791,2026-03-14 15:52:35.159993,returned,Ho Chi Minh City,,
O002640,C000616,2026-05-14 17:54:36.159993,completed,Ho Chi Minh City,standard,
O002641,C000372,2026-04-25 03:02:01.159993,completed,Da Nang,express,
O002642,C000153,2026-06-14 15:51:02.159993,completed,Ho Chi Minh City,express,
O002643,C000022,2026-04-25 19:19:03.159993,completed,Ho Chi Minh City,same_day,
O002644,C000829,2026-06-21 02:10:56.159993,completed,Ho Chi Minh City,standard,
O002645,C000680,2026-06-18 10:59:13.159993,completed,Ho Chi Minh City,same_day,
O002646,C000541,2026-05-25 11:20:08.159993,completed,Ho Chi Minh City,standard,
O002647,C000503,2026-06-18 14:38:51.159993,completed,Ho Chi Minh City,standard,
O002648,C000318,2026-06-21 10:49:00.159993,pending,Ho Chi Minh City,standard,
O002649,C000690,2026-05-27 01:59:22.159993,completed,Ho Chi Minh City,standard,
O002650,C000368,2026-05-28 06:06:34.159993,completed,Ho Chi Minh City,same_day,
O002651,C000558,2026-06-04 04:59:56.159993,completed,Ho Chi Minh City,standard,
O002652,C000077,2026-06-05 17:20:34.159993,cancelled,Ho Chi Minh City,standard,
O002653,C000921,2026-06-07 20:25:09.159993,completed,Hanoi,standard,
O002654,C000041,2026-05-26 04:42:23.159993,returned,Ho Chi Minh City,express,
O002655,C000023,2026-04-10 12:04:48.159993,returned,Ho Chi Minh City,standard,SAVEUPTO20
O002656,C000141,2026-06-20 13:43:44.159993,completed,Ho Chi Minh City,standard,
O002657,C000143,2026-05-31 04:10:44.159993,returned,Ho Chi Minh City,same_day,
O002658,C000115,2026-06-17 22:25:31.159993,cancelled,Ho Chi Minh City,standard,SAVEUPTO20
O002659,C000975,2026-03-19 23:42:24.159993,cancelled,Da Nang,,
O002660,C000885,2026-06-01 05:42:00.159993,returned,Bien Hoa,standard,
O002661,C000237,2026-05-19 21:33:26.159993,completed,Ho Chi Minh City,standard,
O002662,C000523,2026-03-26 19:47:53.159993,completed,Hanoi,standard,
O002663,C000105,2026-06-21 05:17:35.159993,pending,Ho Chi Minh City,standard,SAVEUPTO20
O002664,C000311,2026-06-13 02:19:37.159993,completed,Ho Chi Minh City,standard,
O002665,C000961,2026-04-03 11:15:47.159993,completed,Ho Chi Minh City,standard,
O002666,C000287,2026-01-26 20:12:45.159993,completed,Ho Chi Minh City,,
O002667,C000467,2026-02-10 12:50:43.159993,pending,Ho Chi Minh City,,
O002668,C000045,2026-03-14 14:44:27.159993,completed,Ho Chi Minh City,,
O002669,C000227,2026-06-07 17:21:09.159993,cancelled,Ho Chi Minh City,standard,
O002670,C000607,2026-06-02 12:34:00.159993,completed,Ho Chi Minh City,standard,
O002671,C000057,2026-04-06 23:05:45.159993,completed,Ho Chi Minh City,standard,
O002672,C000771,2026-05-12 16:03:55.159993,completed,Ho Chi Minh City,same_day,
O002673,C000744,2026-02-13 06:53:42.159993,completed,Ho Chi Minh City,,
O002674,C000991,2026-02-24 15:47:29.159993,completed,Ho Chi Minh City,,
O002675,C000348,2026-06-14 07:01:43.159993,completed,Ho Chi Minh City,express,
O002676,C000513,2026-06-06 12:24:12.159993,completed,Ho Chi Minh City,standard,
O002677,C000114,2026-05-06 15:07:24.159993,completed,Ho Chi Minh City,express,
O002678,C000080,2026-06-03 14:38:40.159993,completed,Ho Chi Minh City,standard,
O002679,C000044,2026-05-16 07:14:27.159993,completed,Ho Chi Minh City,standard,
O002680,C000393,2026-05-02 19:54:47.159993,completed,Ho Chi Minh City,standard,
O002681,C000148,2026-02-13 09:34:16.159993,completed,Ho Chi Minh City,,
O002682,C000981,2026-06-17 06:25:47.159993,completed,Ho Chi Minh City,standard,
O002683,C000454,2026-01-11 23:38:35.159993,completed,Ho Chi Minh City,,
O002684,C000241,2026-01-24 06:39:07.159993,completed,Ho Chi Minh City,,
O002685,C000258,2026-06-11 05:50:46.159993,pending,Ho Chi Minh City,standard,SAVEUPTO20
O002686,C000189,2026-04-06 01:22:44.159993,completed,Ho Chi Minh City,standard,
O002687,C000008,2026-05-01 15:54:04.159993,completed,Ho Chi Minh City,standard,SAVEUPTO20
O002688,C000890,2026-05-02 01:54:10.159993,completed,Ho Chi Minh City,standard,
O002689,C000173,2026-06-21 04:57:03.159993,completed,Ho Chi Minh City,standard,
O002690,C000889,2026-01-12 14:50:13.159993,cancelled,Ho Chi Minh City,,
O002691,C000084,2026-06-04 03:02:49.159993,completed,Ho Chi Minh City,standard,
O002692,C000360,2026-06-11 05:22:32.159993,completed,Ho Chi Minh City,standard,
O002693,C000284,2026-05-19 16:41:15.159993,completed,Da Nang,standard,
O002694,C000961,2026-04-07 08:33:27.159993,completed,Ho Chi Minh City,express,
O002695,C000607,2026-06-17 06:17:19.159993,completed,Ho Chi Minh City,standard,SAVEUPTO20
O002696,C000711,2026-05-21 10:38:34.159993,completed,Hanoi,standard,
O002697,C000273,2026-06-07 18:13:14.159993,completed,Ho Chi Minh City,same_day,
O002698,C000610,2026-05-31 22:11:24.159993,cancelled,Ho Chi Minh City,standard,
O002699,C000599,2026-05-26 13:00:58.159993,completed,Da Nang,standard,
O002700,C000667,2026-06-13 17:57:03.159993,completed,Can Tho,standard,
O002701,C000403,2026-05-13 09:59:24.159993,cancelled,Ho Chi Minh City,standard,
O002702,C000063,2026-05-05 07:29:33.159993,completed,Ho Chi Minh City,standard,
O002703,C000361,2026-05-30 03:15:03.159993,completed,Ho Chi Minh City,standard,
O002704,C000925,2026-03-12 14:06:21.159993,completed,Ho Chi Minh City,,
O002705,C000498,2026-05-09 22:15:31.159993,completed,Ho Chi Minh City,standard,SAVEUPTO20
O002706,C000313,2026-03-28 07:06:31.159993,completed,Ho Chi Minh City,standard,
O002707,C000803,2026-06-11 02:50:11.159993,returned,Ho Chi Minh City,standard,
O002708,C000438,2026-06-18 04:35:40.159993,completed,Ho Chi Minh City,express,
O002709,C000867,2026-06-09 06:48:21.159993,completed,Ho Chi Minh City,same_day,
O002710,C000533,2026-05-22 15:09:49.159993,completed,Ho Chi Minh City,express,
O002711,C000194,2026-03-24 05:29:36.159993,completed,Ho Chi Minh City,standard,
O002712,C000262,2026-05-06 03:30:26.159993,completed,Ho Chi Minh City,same_day,
O002713,C000903,2026-06-09 19:00:13.159993,completed,Ho Chi Minh City,express,
O002714,C000167,2026-04-06 06:01:31.159993,completed,Hanoi,standard,SAVEUPTO20
O002715,C000143,2026-04-01 15:06:19.159993,cancelled,Ho Chi Minh City,same_day,
O002716,C000842,2026-06-02 20:23:05.159993,completed,Ho Chi Minh City,express,
O002717,C000743,2026-04-27 07:06:20.159993,completed,Ho Chi Minh City,standard,
O002718,C000749,2026-03-06 20:43:50.159993,completed,Bien Hoa,,
O002719,C000027,2026-05-10 23:27:46.159993,returned,Ho Chi Minh City,express,
O002720,C000921,2026-06-14 04:31:22.159993,completed,Ho Chi Minh City,standard,
O002721,C000458,2026-06-10 10:13:22.159993,completed,Ho Chi Minh City,standard,
O002722,C000275,2026-06-07 10:46:38.159993,completed,Ho Chi Minh City,express,
O002723,C000615,2026-05-07 15:50:38.159993,cancelled,Ho Chi Minh City,standard,
O002724,C000966,2026-05-05 09:46:43.159993,completed,Da Nang,same_day,
O002725,C000764,2026-06-10 07:20:08.159993,completed,Hanoi,express,
O002726,C000770,2026-05-26 01:49:28.159993,completed,Can Tho,same_day,
O002727,C000674,2026-05-28 18:31:22.159993,completed,Hanoi,standard,
O002728,C000766,2026-06-11 22:08:12.159993,returned,Bien Hoa,standard,
O002729,C000561,2026-04-12 03:06:44.159993,completed,Ho Chi Minh City,standard,
O002730,C000725,2026-06-03 19:26:04.159993,completed,Ho Chi Minh City,standard,
O002731,C000880,2026-05-23 03:16:03.159993,completed,Ho Chi Minh City,standard,
O002732,C000089,2026-05-14 07:23:37.159993,completed,Da Nang,standard,
O002733,C000048,2026-06-02 09:58:25.159993,completed,Ho Chi Minh City,standard,
O002734,C000844,2026-06-03 18:08:15.159993,completed,Da Nang,express,
O002735,C000047,2026-03-30 18:14:26.159993,completed,Ho Chi Minh City,standard,SAVEUPTO20
O002736,C000217,2026-03-26 17:00:32.159993,completed,Hanoi,standard,
O002737,C000350,2026-03-15 06:52:17.159993,completed,Ho Chi Minh City,,
O002738,C000439,2026-03-16 07:43:29.159993,completed,Ho Chi Minh City,,
O002739,C000017,2026-06-18 05:50:13.159993,completed,Ho Chi Minh City,express,
O002740,C000558,2026-06-14 15:10:45.159993,completed,Ho Chi Minh City,standard,
O002741,C000174,2026-05-23 21:59:57.159993,cancelled,Ho Chi Minh City,standard,
O002742,C000960,2026-03-23 11:10:19.159993,completed,Ho Chi Minh City,,
O002743,C000541,2026-06-11 23:01:55.159993,completed,Ho Chi Minh City,express,
O002744,C000002,2026-06-04 22:06:19.159993,completed,Ho Chi Minh City,standard,
O002745,C000239,2026-05-30 18:01:18.159993,completed,Ho Chi Minh City,standard,
O002746,C000099,2026-04-28 05:20:35.159993,completed,Ho Chi Minh City,standard,
O002747,C000912,2026-04-23 07:17:04.159993,completed,Hanoi,standard,
O002748,C000520,2026-04-18 10:54:00.159993,completed,Ho Chi Minh City,express,
O002749,C000895,2026-06-19 03:18:56.159993,completed,Ho Chi Minh City,standard,
O002750,C000245,2026-05-28 17:26:38.159993,pending,Ho Chi Minh City,standard,SAVEUPTO20
O002751,C000239,2026-06-15 03:59:57.159993,completed,Ho Chi Minh City,standard,
O002752,C000850,2026-05-09 14:15:14.159993,completed,Ho Chi Minh City,standard,
O002753,C000496,2026-03-12 01:54:36.159993,completed,Ho Chi Minh City,,
O002754,C000752,2026-03-28 22:53:46.159993,returned,Ho Chi Minh City,express,SAVEUPTO20
O002755,C000403,2026-04-19 05:59:34.159993,completed,Ho Chi Minh City,same_day,SAVEUPTO20
O002756,C000654,2026-05-20 02:11:53.159993,completed,Da Nang,express,
O002757,C000106,2026-06-10 08:13:26.159993,cancelled,Ho Chi Minh City,same_day,SAVEUPTO20
O002758,C000949,2026-06-13 23:30:02.159993,completed,Ho Chi Minh City,standard,
O002759,C000916,2026-05-17 21:32:06.159993,pending,Ho Chi Minh City,standard,
O002760,C000856,2026-06-02 05:36:10.159993,completed,Ho Chi Minh City,standard,
O002761,C000359,2026-03-11 18:25:39.159993,completed,Ho Chi Minh City,,
O002762,C000629,2026-04-07 18:42:28.159993,returned,Ho Chi Minh City,standard,
O002763,C000914,2026-06-18 14:54:38.159993,completed,Da Nang,standard,
O002764,C000099,2026-05-23 00:29:06.159993,completed,Ho Chi Minh City,standard,
O002765,C000284,2026-06-10 12:48:03.159993,completed,Ho Chi Minh City,standard,
O002766,C000139,2026-03-28 20:38:33.159993,completed,Hanoi,standard,
O002767,C000183,2026-04-05 02:06:07.159993,completed,Ho Chi Minh City,standard,
O002768,C000582,2026-06-01 11:27:18.159993,completed,Ho Chi Minh City,standard,
O002769,C000905,2026-05-16 10:50:55.159993,completed,Ho Chi Minh City,standard,
O002770,C000052,2026-04-24 14:33:57.159993,completed,Ho Chi Minh City,express,
O002771,C000803,2026-04-07 11:01:25.159993,completed,Ho Chi Minh City,standard,SAVEUPTO20
O002772,C000943,2026-06-11 02:07:06.159993,returned,Ho Chi Minh City,standard,
O002773,C000532,2026-05-16 19:24:06.159993,cancelled,Ho Chi Minh City,express,
O002774,C000849,2026-05-30 02:30:09.159993,cancelled,Ho Chi Minh City,express,
O002775,C000904,2026-06-21 13:45:15.159993,completed,Ho Chi Minh City,standard,
O002776,C000297,2026-06-05 07:53:47.159993,pending,Ho Chi Minh City,standard,
O002777,C000480,2026-05-24 23:39:19.159993,completed,Ho Chi Minh City,standard,
O002778,C000894,2026-06-18 10:43:17.159993,completed,Ho Chi Minh City,standard,
O002779,C000393,2026-03-15 08:09:03.159993,cancelled,Ho Chi Minh City,,
O002780,C000620,2026-02-18 00:01:31.159993,completed,Ho Chi Minh City,,
O002781,C000588,2026-06-05 17:07:44.159993,completed,Ho Chi Minh City,standard,
O002782,C000531,2026-04-23 11:32:47.159993,completed,Da Nang,standard,SAVEUPTO20
O002783,C000937,2026-02-14 01:20:29.159993,cancelled,Ho Chi Minh City,,
O002784,C000593,2026-02-09 16:44:11.159993,completed,Ho Chi Minh City,,
O002785,C000981,2026-06-19 08:43:43.159993,completed,Ho Chi Minh City,standard,
O002786,C000979,2026-06-06 14:06:05.159993,completed,Ho Chi Minh City,same_day,SAVEUPTO20
O002787,C000892,2026-05-04 09:23:18.159993,cancelled,Ho Chi Minh City,same_day,SAVEUPTO20
O002788,C000513,2026-06-06 16:43:50.159993,completed,Ho Chi Minh City,standard,
O002789,C000479,2026-05-09 08:51:20.159993,completed,Ho Chi Minh City,standard,
O002790,C000020,2026-03-16 02:28:17.159993,completed,Ho Chi Minh City,,
O002791,C000276,2026-03-21 06:06:39.159993,completed,Hanoi,,
O002792,C000470,2026-06-13 16:28:39.159993,completed,Ho Chi Minh City,express,SAVEUPTO20
O002793,C000067,2026-06-11 15:19:32.159993,completed,Ho Chi Minh City,express,
O002794,C000160,2026-05-18 19:09:18.159993,returned,Ho Chi Minh City,standard,
O002795,C000737,2026-06-07 03:39:31.159993,completed,Ho Chi Minh City,standard,
O002796,C000869,2026-06-08 02:25:16.159993,completed,Ho Chi Minh City,standard,SAVEUPTO20
O002797,C000783,2026-04-18 18:32:01.159993,completed,Bien Hoa,standard,
O002798,C000864,2026-06-01 13:11:16.159993,completed,Ho Chi Minh City,express,
O002799,C000087,2026-05-26 10:38:43.159993,completed,Da Nang,standard,SAVEUPTO20
O002800,C000013,2026-06-17 16:36:18.159993,completed,Hanoi,standard,
O002801,C000913,2026-06-16 16:27:05.159993,completed,Ho Chi Minh City,standard,
O002802,C000661,2026-04-22 08:05:55.159993,completed,Ho Chi Minh City,standard,SAVEUPTO20
O002803,C000712,2026-05-06 09:34:10.159993,completed,Ho Chi Minh City,express,SAVEUPTO20
O002804,C000276,2026-06-17 18:06:57.159993,completed,Ho Chi Minh City,express,
O002805,C000141,2026-06-19 10:13:51.159993,completed,Bien Hoa,express,
O002806,C000959,2026-06-18 04:06:27.159993,completed,Ho Chi Minh City,standard,
O002807,C000828,2026-06-09 14:24:36.159993,completed,Ho Chi Minh City,express,SAVEUPTO20
O002808,C000182,2026-04-19 04:34:39.159993,completed,Ho Chi Minh City,standard,
O002809,C000073,2026-05-15 13:37:30.159993,returned,Ho Chi Minh City,standard,
O002810,C000171,2026-03-25 17:01:44.159993,completed,Ho Chi Minh City,express,
O002811,C000925,2026-03-16 02:56:40.159993,cancelled,Ho Chi Minh City,,
O002812,C000802,2026-05-18 04:50:16.159993,completed,Ho Chi Minh City,express,SAVEUPTO20
O002813,C000960,2026-04-10 18:21:03.159993,completed,Ho Chi Minh City,standard,SAVEUPTO20
O002814,C000972,2026-03-18 07:03:36.159993,completed,Ho Chi Minh City,,
O002815,C000457,2026-04-17 08:43:43.159993,completed,Ho Chi Minh City,standard,SAVEUPTO20
O002816,C000371,2026-04-28 09:54:47.159993,completed,Ho Chi Minh City,standard,
O002817,C000208,2026-06-20 17:47:51.159993,completed,Ho Chi Minh City,same_day,SAVEUPTO20
O002818,C000790,2026-01-01 04:25:46.159993,completed,Ho Chi Minh City,,
O002819,C000516,2026-02-23 13:17:56.159993,completed,Hanoi,,
O002820,C000083,2026-02-27 21:17:32.159993,completed,Bien Hoa,,
O002821,C000478,2026-05-10 07:43:47.159993,completed,Ho Chi Minh City,same_day,
O002822,C000490,2026-06-19 07:49:06.159993,completed,Ho Chi Minh City,standard,
O002823,C000309,2026-03-11 14:31:34.159993,completed,Ho Chi Minh City,,
O002824,C000765,2026-06-11 08:49:44.159993,completed,Ho Chi Minh City,express,
O002825,C000442,2026-03-14 21:00:36.159993,pending,Ho Chi Minh City,,
O002826,C000633,2026-06-18 02:00:25.159993,completed,Can Tho,standard,SAVEUPTO20
O002827,C000796,2026-05-28 20:33:32.159993,pending,Ho Chi Minh City,express,
O002828,C000628,2026-05-31 04:48:51.159993,completed,Ho Chi Minh City,standard,
O002829,C000884,2026-02-14 15:24:21.159993,completed,Ho Chi Minh City,,
O002830,C000852,2026-05-31 19:56:39.159993,returned,Ho Chi Minh City,express,
O002831,C000604,2026-06-13 18:46:30.159993,completed,Ho Chi Minh City,express,
O002832,C000053,2026-04-14 08:28:37.159993,completed,Ho Chi Minh City,express,
O002833,C000245,2026-06-05 11:51:51.159993,completed,Bien Hoa,express,
O002834,C000103,2026-06-20 08:33:27.159993,completed,Ho Chi Minh City,standard,
O002835,C000336,2026-06-02 22:21:35.159993,completed,Ho Chi Minh City,standard,
O002836,C000723,2026-06-03 08:45:02.159993,completed,Ho Chi Minh City,standard,
O002837,C000562,2026-05-08 14:00:13.159993,completed,Ho Chi Minh City,standard,SAVEUPTO20
O002838,C000339,2026-03-25 07:13:30.159993,cancelled,Ho Chi Minh City,same_day,
O002839,C000820,2026-06-21 12:20:32.159993,completed,Ho Chi Minh City,same_day,SAVEUPTO20
O002840,C000022,2026-05-05 18:59:38.159993,returned,Ho Chi Minh City,express,
O002841,C000929,2026-04-17 09:32:58.159993,completed,Can Tho,express,
O002842,C000321,2026-03-08 20:35:07.159993,completed,Ho Chi Minh City,,
O002843,C000982,2026-05-01 21:14:34.159993,cancelled,Ho Chi Minh City,standard,
O002844,C000580,2026-05-24 02:58:02.159993,completed,Ho Chi Minh City,standard,SAVEUPTO20
O002845,C000157,2026-02-20 16:12:32.159993,completed,Ho Chi Minh City,,
O002846,C000751,2026-06-15 18:50:40.159993,cancelled,Ho Chi Minh City,standard,
O002847,C000899,2026-06-15 22:09:31.159993,completed,Hanoi,express,
O002848,C000310,2026-06-15 18:56:09.159993,cancelled,Ho Chi Minh City,standard,
O002849,C000078,2026-05-10 15:44:50.159993,completed,Ho Chi Minh City,express,
O002850,C000237,2026-04-28 22:20:13.159993,completed,Hanoi,standard,
O002851,C000472,2026-05-22 03:33:29.159993,completed,Ho Chi Minh City,standard,
O002852,C000906,2026-06-04 01:55:16.159993,completed,Ho Chi Minh City,same_day,
O002853,C000191,2026-05-26 18:05:09.159993,completed,Ho Chi Minh City,standard,
O002854,C000070,2026-03-23 20:30:09.159993,completed,Ho Chi Minh City,,
O002855,C000801,2026-02-12 18:47:39.159993,completed,Ho Chi Minh City,,
O002856,C000832,2026-03-02 08:21:53.159993,completed,Ho Chi Minh City,,
O002857,C000019,2026-05-30 16:46:09.159993,cancelled,Ho Chi Minh City,standard,
O002858,C000039,2026-04-30 22:17:54.159993,completed,Ho Chi Minh City,standard,SAVEUPTO20
O002859,C000747,2026-04-23 12:06:05.159993,cancelled,Ho Chi Minh City,standard,SAVEUPTO20
O002860,C000956,2026-06-04 17:30:50.159993,completed,Ho Chi Minh City,standard,
O002861,C000735,2026-02-28 22:12:58.159993,completed,Ho Chi Minh City,,
O002862,C000966,2026-04-20 23:57:45.159993,completed,Ho Chi Minh City,standard,
O002863,C000194,2026-04-30 12:53:56.159993,completed,Ho Chi Minh City,standard,
O002864,C000691,2026-06-21 03:13:25.159993,completed,Ho Chi Minh City,express,
O002865,C000470,2026-06-15 17:43:22.159993,completed,Ho Chi Minh City,express,
O002866,C000973,2026-05-09 04:49:19.159993,completed,Ho Chi Minh City,standard,
O002867,C000986,2026-06-10 10:30:59.159993,completed,Ho Chi Minh City,standard,
O002868,C000146,2026-06-21 06:49:51.159993,completed,Ho Chi Minh City,standard,
O002869,C000604,2026-05-23 19:00:54.159993,completed,Ho Chi Minh City,standard,
O002870,C000486,2026-02-22 18:05:31.159993,completed,Ho Chi Minh City,,
O002871,C000113,2026-04-24 22:17:41.159993,completed,Ho Chi Minh City,standard,
O002872,C000885,2026-06-05 04:30:20.159993,completed,Ho Chi Minh City,express,
O002873,C000518,2026-03-28 07:19:51.159993,completed,Ho Chi Minh City,standard,
O002874,C000912,2026-06-14 09:55:41.159993,cancelled,Ho Chi Minh City,express,
O002875,C000852,2026-06-10 22:40:03.159993,completed,Ho Chi Minh City,standard,
O002876,C000064,2026-06-19 19:58:44.159993,completed,Ho Chi Minh City,express,
O002877,C000956,2026-06-01 16:10:26.159993,completed,Can Tho,standard,
O002878,C000901,2026-05-13 23:58:08.159993,completed,Ho Chi Minh City,standard,
O002879,C000008,2026-06-14 01:39:44.159993,completed,Ho Chi Minh City,express,SAVEUPTO20
O002880,C000823,2026-04-19 17:15:11.159993,completed,Ho Chi Minh City,express,SAVEUPTO20
O002881,C000384,2026-03-18 10:07:31.159993,completed,Ho Chi Minh City,,
O002882,C000613,2026-05-24 17:46:26.159993,completed,Hanoi,standard,
O002883,C000736,2026-06-17 20:48:08.159993,completed,Ho Chi Minh City,standard,
O002884,C000398,2026-02-26 09:37:45.159993,completed,Ho Chi Minh City,,
O002885,C000228,2026-05-05 19:11:20.159993,completed,Ho Chi Minh City,standard,
O002886,C000791,2026-02-26 11:05:14.159993,completed,Ho Chi Minh City,,
O002887,C000746,2026-04-29 01:35:16.159993,completed,Da Nang,express,
O002888,C000218,2026-05-22 08:47:06.159993,pending,Ho Chi Minh City,standard,
O002889,C000478,2026-01-06 13:57:34.159993,completed,Ho Chi Minh City,,
O002890,C000786,2026-05-14 03:07:59.159993,cancelled,Ho Chi Minh City,standard,
O002891,C000717,2026-05-27 10:59:30.159993,completed,Ho Chi Minh City,standard,
O002892,C000096,2026-02-26 14:48:06.159993,completed,Ho Chi Minh City,,
O002893,C000589,2026-06-11 07:18:20.159993,completed,Ho Chi Minh City,express,
O002894,C000049,2026-05-08 10:19:31.159993,completed,Ho Chi Minh City,standard,SAVEUPTO20
O002895,C000332,2026-03-10 18:46:27.159993,completed,Ho Chi Minh City,,
O002896,C000689,2026-03-14 20:13:45.159993,completed,Ho Chi Minh City,,
O002897,C000069,2026-06-06 18:05:09.159993,completed,Ho Chi Minh City,standard,
O002898,C000787,2026-06-06 00:53:05.159993,completed,Ho Chi Minh City,express,SAVEUPTO20
O002899,C000273,2026-04-24 16:04:57.159993,pending,Hanoi,standard,
O002900,C000966,2026-05-11 20:10:24.159993,completed,Ho Chi Minh City,standard,
O002901,C000749,2026-05-17 22:21:51.159993,completed,Ho Chi Minh City,standard,
O002902,C000301,2026-03-29 15:28:09.159993,completed,Ho Chi Minh City,standard,
O002903,C000931,2026-06-19 21:54:48.159993,completed,Ho Chi Minh City,standard,
O002904,C000896,2026-06-07 02:04:01.159993,completed,Ho Chi Minh City,standard,SAVEUPTO20
O002905,C000157,2026-05-27 23:58:36.159993,completed,Ho Chi Minh City,express,
O002906,C000045,2026-03-19 16:33:45.159993,completed,Ho Chi Minh City,,
O002907,C000646,2026-05-24 21:44:35.159993,completed,Ho Chi Minh City,standard,SAVEUPTO20
O002908,C000695,2026-06-18 16:13:04.159993,completed,Ho Chi Minh City,express,
O002909,C000227,2026-05-18 10:38:04.159993,returned,Ho Chi Minh City,express,
O002910,C000775,2026-06-07 08:05:38.159993,completed,Ho Chi Minh City,standard,
O002911,C000163,2026-04-23 05:34:10.159993,completed,Ho Chi Minh City,express,
O002912,C000385,2026-02-25 08:48:09.159993,returned,Ho Chi Minh City,,
O002913,C000324,2026-06-13 09:28:48.159993,completed,Ho Chi Minh City,standard,
O002914,C000413,2026-04-07 08:25:19.159993,completed,Ho Chi Minh City,standard,
O002915,C000272,2025-12-29 16:30:12.159993,returned,Ho Chi Minh City,,
O002916,C000535,2026-04-14 07:02:05.159993,completed,Ho Chi Minh City,express,SAVEUPTO20
O002917,C000207,2026-05-18 05:31:20.159993,completed,Ho Chi Minh City,standard,
O002918,C000073,2026-05-06 13:09:51.159993,cancelled,Ho Chi Minh City,standard,
O002919,C000766,2026-06-08 02:02:10.159993,returned,Ho Chi Minh City,standard,
O002920,C000884,2026-01-30 23:46:48.159993,completed,Ho Chi Minh City,,
O002921,C000386,2026-01-21 12:59:44.159993,cancelled,Ho Chi Minh City,,
O002922,C000143,2026-04-08 21:34:01.159993,pending,Ho Chi Minh City,standard,SAVEUPTO20
O002923,C000649,2026-06-19 19:28:32.159993,completed,Ho Chi Minh City,standard,
O002924,C000769,2026-04-28 01:16:44.159993,completed,Ho Chi Minh City,standard,
O002925,C000695,2026-03-23 03:37:30.159993,completed,Ho Chi Minh City,,
O002926,C000840,2026-06-11 16:50:16.159993,completed,Ho Chi Minh City,standard,
O002927,C000616,2026-04-30 20:27:32.159993,completed,Ho Chi Minh City,express,
O002928,C000616,2026-06-16 12:18:37.159993,completed,Ho Chi Minh City,express,
O002929,C000413,2026-04-14 16:11:34.159993,completed,Ho Chi Minh City,standard,
O002930,C000995,2026-04-08 01:02:46.159993,completed,Ho Chi Minh City,standard,
O002931,C000481,2026-05-09 13:24:08.159993,completed,Ho Chi Minh City,standard,
O002932,C000659,2026-03-29 00:28:24.159993,completed,Ho Chi Minh City,express,
O002933,C000810,2026-06-21 13:50:14.159993,completed,Da Nang,standard,
O002934,C000917,2026-05-11 08:22:08.159993,completed,Bien Hoa,standard,
O002935,C000975,2026-05-13 06:21:39.159993,completed,Da Nang,express,SAVEUPTO20
O002936,C000758,2026-05-05 14:23:59.159993,cancelled,Ho Chi Minh City,express,
O002937,C000028,2026-06-05 09:25:58.159993,completed,Ho Chi Minh City,express,SAVEUPTO20
O002938,C000854,2026-02-25 13:43:38.159993,completed,Ho Chi Minh City,,
O002939,C000525,2026-04-29 22:46:44.159993,completed,Ho Chi Minh City,standard,SAVEUPTO20
O002940,C000420,2026-05-21 08:21:58.159993,completed,Ho Chi Minh City,standard,SAVEUPTO20
O002941,C000530,2026-06-10 07:39:47.159993,pending,Ho Chi Minh City,standard,
O002942,C000635,2026-03-16 13:18:18.159993,returned,Ho Chi Minh City,,
O002943,C000238,2026-04-30 19:17:12.159993,completed,Ho Chi Minh City,standard,
O002944,C000371,2026-03-28 03:45:55.159993,completed,Ho Chi Minh City,express,SAVEUPTO20
O002945,C000079,2026-04-27 12:17:48.159993,completed,Ho Chi Minh City,standard,
O002946,C000704,2026-03-01 10:49:09.159993,completed,Ho Chi Minh City,,
O002947,C000148,2026-03-10 19:15:42.159993,completed,Ho Chi Minh City,,
O002948,C000044,2026-06-09 04:13:47.159993,completed,Ho Chi Minh City,express,
O002949,C000163,2026-03-22 17:41:55.159993,completed,Ho Chi Minh City,,
O002950,C000276,2026-04-07 18:12:13.159993,completed,Ho Chi Minh City,express,
O002951,C000273,2026-05-20 08:29:35.159993,completed,Ho Chi Minh City,standard,SAVEUPTO20
O002952,C000942,2026-03-25 20:22:01.159993,completed,Ho Chi Minh City,standard,
O002953,C000889,2026-06-11 21:40:40.159993,completed,Ho Chi Minh City,express,
O002954,C000768,2026-06-21 02:10:03.159993,completed,Ho Chi Minh City,standard,
O002955,C000835,2026-06-05 12:54:05.159993,returned,Ho Chi Minh City,express,
O002956,C000410,2026-06-12 00:26:35.159993,completed,Can Tho,standard,
O002957,C000500,2026-05-24 02:03:09.159993,completed,Ho Chi Minh City,standard,
O002958,C000130,2026-04-19 23:52:11.159993,completed,Hanoi,same_day,SAVEUPTO20
O002959,C000726,2026-06-10 21:01:55.159993,completed,Ho Chi Minh City,standard,
O002960,C000537,2026-03-21 17:26:44.159993,cancelled,Ho Chi Minh City,,
O002961,C000641,2026-06-09 09:53:54.159993,pending,Can Tho,standard,SAVEUPTO20
O002962,C000936,2026-06-16 05:09:47.159993,cancelled,Ho Chi Minh City,express,
O002963,C000443,2026-04-09 15:26:20.159993,completed,Ho Chi Minh City,express,
O002964,C000650,2026-05-25 23:48:27.159993,completed,Ho Chi Minh City,standard,
O002965,C000487,2026-05-20 21:23:07.159993,completed,Ho Chi Minh City,same_day,
O002966,C000099,2026-06-18 15:05:49.159993,completed,Ho Chi Minh City,same_day,
O002967,C000972,2026-04-02 18:56:25.159993,completed,Ho Chi Minh City,standard,
O002968,C000416,2026-05-15 09:26:07.159993,completed,Bien Hoa,standard,
O002969,C000464,2026-04-14 13:16:52.159993,completed,Ho Chi Minh City,standard,
O002970,C000302,2026-06-04 15:36:40.159993,completed,Ho Chi Minh City,standard,
O002971,C000298,2026-06-04 14:50:14.159993,completed,Hanoi,express,
O002972,C000148,2026-05-22 14:07:53.159993,cancelled,Bien Hoa,standard,
O002973,C000008,2026-06-15 17:44:55.159993,returned,Ho Chi Minh City,same_day,
O002974,C000932,2026-05-19 13:40:05.159993,pending,Ho Chi Minh City,standard,
O002975,C000535,2026-04-13 15:10:24.159993,completed,Ho Chi Minh City,standard,
O002976,C000771,2026-06-21 04:05:01.159993,completed,Ho Chi Minh City,standard,
O002977,C000216,2026-05-18 23:39:25.159993,completed,Ho Chi Minh City,standard,
O002978,C000848,2026-02-05 03:47:15.159993,completed,Can Tho,,
O002979,C000573,2026-05-26 20:16:53.159993,completed,Ho Chi Minh City,express,SAVEUPTO20
O002980,C000511,2026-06-20 21:50:24.159993,pending,Ho Chi Minh City,standard,
O002981,C000042,2026-05-15 10:09:40.159993,completed,Da Nang,express,
O002982,C000335,2026-05-26 05:29:43.159993,completed,Can Tho,standard,
O002983,C000894,2026-06-21 04:14:23.159993,returned,Ho Chi Minh City,same_day,
O002984,C000738,2026-03-19 07:59:59.159993,completed,Ho Chi Minh City,,
O002985,C000006,2026-06-16 03:07:23.159993,completed,Ho Chi Minh City,standard,
O002986,C000921,2026-06-13 08:42:42.159993,completed,Ho Chi Minh City,standard,SAVEUPTO20
O002987,C000581,2026-04-27 21:37:36.159993,completed,Ho Chi Minh City,express,
O002988,C000720,2026-05-21 15:56:20.159993,completed,Ho Chi Minh City,standard,
O002989,C000306,2026-05-04 14:39:52.159993,completed,Ho Chi Minh City,standard,
O002990,C000365,2026-05-05 05:03:49.159993,completed,Can Tho,standard,
O002991,C000638,2026-06-19 17:41:59.159993,completed,Ho Chi Minh City,standard,SAVEUPTO20
O002992,C000394,2026-06-06 20:51:46.159993,completed,Hanoi,standard,SAVEUPTO20
O002993,C000480,2026-04-07 22:33:17.159993,completed,Ho Chi Minh City,standard,
O002994,C000764,2026-06-13 20:08:36.159993,completed,Ho Chi Minh City,standard,
O002995,C000791,2026-04-14 11:30:06.159993,completed,Ho Chi Minh City,standard,
O002996,C000944,2026-05-02 04:16:44.159993,completed,Da Nang,standard,
O002997,C000345,2026-06-04 21:40:49.159993,completed,Bien Hoa,standard,
O002998,C000980,2026-05-27 09:38:59.159993,returned,Ho Chi Minh City,standard,SAVEUPTO20
O002999,C000785,2026-05-31 02:58:42.159993,completed,Ho Chi Minh City,standard,
O003000,C000357,2026-06-15 04:03:57.159993,completed,Ho Chi Minh City,standard,
