order_item_id,order_id,product_id,quantity,unit_price,discount,line_total
OI000000001,O002774,P000095,10,1267.28,348.27,12324.529999999999
OI000000002,O001720,P000178,10,1190.26,154.21,11748.390000000001
OI000000003,O002195,P000270,10,380.64,25.4,3780.9999999999995
OI000000004,O001586,P000445,9,15.37,1.01,137.32
OI000000005,O001596,P000339,9,780.43,170.54,6853.33
OI000000006,O002291,P000878,7,1375.57,1.33,9627.66
OI000000007,O002119,P000660,10,722.67,124.39,7102.3099999999995
OI000000008,O002436,P000658,3,1009.91,256.36,2773.37
OI000000009,O001688,P000892,1,19.01,2.27,16.740000000000002
OI000000010,O001531,P000855,5,1185.68,2.05,5926.35
OI000000011,O001272,P000764,1,71.15,9.62,61.53000000000001
OI000000012,O002339,P000615,9,811.64,152.53,7152.2300000000005
OI000000013,O001700,P000105,7,780.41,123.21,5339.66
OI000000014,O002389,P000722,6,455.23,24.4,2706.98
OI000000015,O002330,P000499,7,253.05,45.87,1725.4800000000002
OI000000016,O001785,P000461,10,92.03,0.87,919.43
OI000000017,O000845,P000844,9,459.84,43.13,4095.4299999999994
OI000000018,O001226,P000444,1,777.75,184.9,592.85
OI000000019,O001611,P000161,2,273.91,36.45,511.37000000000006
OI000000020,O002014,P000196,1,232.25,0.99,231.26
OI000000021,O001540,P000341,9,15.39,4.4,134.10999999999999
OI000000022,O001883,P000617,7,982.53,247.09,6630.62
OI000000023,O002462,P000634,3,1987.65,496.29,5466.660000000001
OI000000024,O002521,P000206,10,1585.25,119.99,15732.51
OI000000025,O000359,P000334,6,1110.66,54.24,6609.720000000001
OI000000026,O002173,P000367,10,256.53,63.1,2502.2
OI000000027,O002818,P000616,5,1001.09,185.16,4820.29
OI000000028,O001588,P000864,9,723.69,105.37,6407.840000000001
OI000000029,O001718,P000318,4,1732.19,69.07,6859.6900000000005
OI000000030,O002893,P000294,4,676.78,47.87,2659.25
OI000000031,O001463,P000353,4,397.84,47.79,1543.57
OI000000032,O001407,P000701,6,847.69,196.78,4889.360000000001
OI000000033,O001248,P000753,8,691.62,142.12,5390.84
OI000000034,O002434,P000864,8,723.69,150.13,5639.39
OI000000035,O002304,P000145,7,2.73,0.14,18.97
OI000000036,O002596,P000182,2,1372.23,200.46,2544.0
OI000000037,O001086,P000433,5,353.66,31.34,1736.9600000000003
OI000000038,O001890,P001000,7,191.78,44.29,1298.17
OI000000039,O002534,P000177,5,256.27,70.68,1210.6699999999998
OI000000040,O000141,P000558,7,700.68,114.49,4790.2699999999995
OI000000041,O001282,P001000,3,191.78,21.47,553.87
OI000000042,O000165,P000577,2,18.66,5.1,32.22
OI000000043,O000888,P000796,9,609.16,181.04,5301.4
OI000000044,O000360,P000592,3,371.17,12.89,1100.62
OI000000045,O001251,P000599,3,308.14,67.57,856.8499999999999
OI000000046,O002107,P000985,9,749.97,31.43,6718.3
OI000000047,O001236,P000131,1,29.85,3.02,26.830000000000002
OI000000048,O000133,P000547,3,122.18,25.74,340.8
OI000000049,O001022,P000647,4,753.4,0.23,3013.37
OI000000050,O002101,P000265,8,76.77,7.39,606.77
OI000000051,O002437,P000645,3,1972.5,485.3,5432.2
OI000000052,O001260,P000469,7,927.16,101.01,6389.11
OI000000053,O002782,P000451,2,1164.33,195.91,2132.75
OI000000054,O001109,P000701,9,847.69,26.11,7603.100000000001
OI000000055,O000190,P000091,5,56.35,8.74,273.01
OI000000056,O000462,P000107,5,303.72,63.18,1455.42
OI000000057,O001663,P000557,7,37.77,5.48,258.91
OI000000058,O000320,P000182,2,1372.23,398.14,2346.32
OI000000059,O000540,P000571,7,971.97,218.36,6585.43
OI000000060,O000377,P000359,3,17.82,2.05,51.410000000000004
OI000000061,O000931,P000866,5,920.6,183.93,4419.07
OI000000062,O002334,P000317,6,409.42,85.24,2371.28
OI000000063,O002544,P000663,3,416.43,85.17,1164.12
OI000000064,O000524,P000851,7,213.39,49.15,1444.58
OI000000065,O000584,P000814,7,1318.54,64.93,9164.849999999999
OI000000066,O002130,P000297,7,144.92,2.32,1012.1199999999999
OI000000067,O000791,P000743,5,1834.29,272.86,8898.59
OI000000068,O002106,P000757,9,330.69,87.36,2888.85
OI000000069,O001313,P000410,7,1774.59,355.91,12066.22
OI000000070,O001569,P000199,9,1837.59,231.38,16306.929999999998
OI000000071,O002624,P000599,4,308.14,27.62,1204.94
OI000000072,O002882,P000482,6,720.13,1.48,4319.3
OI000000073,O002221,P000338,6,402.46,11.44,2403.3199999999997
OI000000074,O001120,P000834,8,1995.64,306.84,15658.28
OI000000075,O000520,P000877,7,1494.67,8.92,10453.77
OI000000076,O000107,P000661,4,499.43,142.95,1854.77
OI000000077,O000054,P000952,8,1174.25,21.4,9372.6
OI000000078,O001487,P000416,2,1137.53,286.12,1988.94
OI000000079,O001133,P000520,10,809.94,16.55,8082.85
OI000000080,O000608,P000484,2,768.71,110.39,1427.03
OI000000081,O000096,P000244,9,1072.6,210.94,9442.46
OI000000082,O000373,P000641,3,1031.81,14.2,3081.23
OI000000083,O000978,P000180,3,922.37,171.55,2595.56
OI000000084,O002978,P000959,7,1273.64,158.29,8757.19
OI000000085,O002775,P000740,5,222.9,37.99,1076.51
OI000000086,O001076,P000833,6,269.1,2.41,1612.19
OI000000087,O002568,P000972,1,1944.33,97.01,1847.32
OI000000088,O002077,P000552,2,682.23,147.31,1217.15
OI000000089,O002660,P000411,1,798.36,58.76,739.6
OI000000090,O000631,P000447,7,601.01,171.86,4035.2099999999996
OI000000091,O002394,P000473,7,1794.25,289.91,12269.84
OI000000092,O000041,P000325,7,76.46,11.58,523.6399999999999
OI000000093,O001191,P000365,5,47.53,6.61,231.04
OI000000094,O002925,P000646,10,1100.42,318.72,10685.480000000001
OI000000095,O002858,P000574,9,1508.02,382.31,13189.87
OI000000096,O002170,P000711,9,1217.93,225.16,10736.210000000001
OI000000097,O002835,P000667,6,301.01,62.27,1743.79
OI000000098,O002122,P000956,8,24.75,4.05,193.95
OI000000099,O002182,P000855,2,1185.68,186.88,2184.48
OI000000100,O002456,P000902,8,493.12,50.67,3894.29
OI000000101,O001526,P000865,8,678.15,19.22,5405.98
OI000000102,O000958,P000681,7,270.62,47.42,1846.92
OI000000103,O002895,P000660,7,722.67,97.45,4961.24
OI000000104,O001309,P000486,10,1162.43,266.47,11357.830000000002
OI000000105,O002441,P000582,1,982.67,228.22,754.4499999999999
OI000000106,O001125,P000131,9,29.85,1.27,267.38000000000005
OI000000107,O002285,P000739,10,172.97,12.33,1717.3700000000001
OI000000108,O002623,P000782,5,188.19,34.95,906.0
OI000000109,O001877,P000308,9,1925.87,433.35,16899.48
OI000000110,O000948,P000606,8,365.97,95.09,2832.67
OI000000111,O000812,P000656,9,1844.7,245.08,16357.22
OI000000112,O001022,P000452,1,117.57,27.17,90.39999999999999
OI000000113,O001463,P000006,8,1376.48,307.01,10704.83
OI000000114,O002253,P000817,8,586.32,97.46,4593.1
OI000000115,O002656,P000958,10,1533.89,186.52,15152.380000000001
OI000000116,O001837,P000102,9,44.65,5.64,396.21
OI000000117,O002020,P000941,8,1195.18,102.7,9458.74
OI000000118,O001591,P000655,10,107.05,1.96,1068.54
OI000000119,O002358,P000601,9,1881.3,143.23,16788.47
OI000000120,O000424,P000138,3,742.8,148.97,2079.43
OI000000121,O001093,P000525,8,1189.62,3.34,9513.619999999999
OI000000122,O001150,P000652,1,1405.91,51.91,1354.0
OI000000123,O001129,P000524,2,705.15,134.25,1276.05
OI000000124,O002698,P000139,5,1764.18,244.77,8576.13
OI000000125,O001542,P000006,9,1376.48,204.95,12183.369999999999
OI000000126,O000291,P000599,3,308.14,52.4,872.02
OI000000127,O001406,P000154,9,378.8,12.87,3396.3300000000004
OI000000128,O002437,P000341,9,15.39,2.66,135.85
OI000000129,O001392,P000526,5,461.38,48.51,2258.39
OI000000130,O002031,P000607,2,1009.71,98.53,1920.89
OI000000131,O001055,P000687,7,1421.54,371.48,9579.3
OI000000132,O000343,P000211,7,524.47,99.04,3572.25
OI000000133,O002853,P000622,4,371.41,86.08,1399.5600000000002
OI000000134,O002410,P000512,6,1305.82,339.07,7495.85
OI000000135,O000137,P000312,6,766.77,196.21,4404.41
OI000000136,O001504,P000356,4,254.34,57.67,959.69
OI000000137,O000445,P000018,5,9.09,1.95,43.5
OI000000138,O001227,P000863,5,1876.0,462.01,8917.99
OI000000139,O000070,P000236,4,631.33,135.08,2390.2400000000002
OI000000140,O001869,P000530,3,130.64,3.28,388.64
OI000000141,O000937,P000363,2,284.75,55.86,513.64
OI000000142,O000890,P000316,9,203.79,58.64,1775.4699999999998
OI000000143,O002040,P000605,5,1505.93,128.42,7401.2300000000005
OI000000144,O000229,P000743,9,1834.29,273.62,16234.99
OI000000145,O002151,P000997,10,1002.0,250.62,9769.38
OI000000146,O000701,P000866,9,920.6,251.31,8034.089999999999
OI000000147,O001849,P000526,9,461.38,134.12,4018.3
OI000000148,O000546,P000560,3,120.18,0.65,359.89000000000004
OI000000149,O000129,P000103,1,35.47,6.68,28.79
OI000000150,O001249,P000842,9,191.61,5.3,1719.1900000000003
OI000000151,O002696,P000689,10,677.0,82.48,6687.52
OI000000152,O001545,P000566,10,1883.35,197.69,18635.81
OI000000153,O000527,P000370,8,1910.96,340.39,14947.29
OI000000154,O000737,P000679,1,1280.62,280.36,1000.2599999999999
OI000000155,O002484,P000411,3,798.36,238.93,2156.15
OI000000156,O002367,P000057,10,965.3,89.4,9563.6
OI000000157,O001412,P000104,9,373.15,84.96,3273.39
OI000000158,O001090,P000117,2,278.66,16.24,541.08
OI000000159,O000521,P000726,8,928.18,241.75,7183.69
OI000000160,O001839,P000737,2,482.37,143.22,821.52
OI000000161,O002395,P000270,1,380.64,34.55,346.09
OI000000162,O002080,P000094,1,477.6,21.36,456.24
OI000000163,O000240,P000966,9,951.42,245.23,8317.55
OI000000164,O002320,P000139,5,1764.18,397.92,8422.98
OI000000165,O002778,P000851,8,213.39,50.94,1656.1799999999998
OI000000166,O000479,P000542,5,1424.41,47.25,7074.8
OI000000167,O000501,P000914,6,1300.83,125.18,7679.799999999999
OI000000168,O000929,P000860,2,729.47,67.54,1391.4
OI000000169,O002602,P000219,6,982.72,200.2,5696.12
OI000000170,O002479,P000377,4,561.23,130.39,2114.53
OI000000171,O001547,P000074,3,254.86,46.15,718.4300000000001
OI000000172,O002117,P000037,2,1590.88,322.37,2859.3900000000003
OI000000173,O000047,P000864,10,723.69,68.02,7168.88
OI000000174,O001551,P000383,3,915.96,93.45,2654.4300000000003
OI000000175,O000930,P000227,2,544.88,48.33,1041.43
OI000000176,O002736,P000526,8,461.38,70.18,3620.86
OI000000177,O000266,P000699,5,197.26,38.62,947.68
OI000000178,O000741,P000766,8,229.31,40.96,1793.52
OI000000179,O000304,P000017,9,449.39,98.73,3945.7799999999997
OI000000180,O001343,P000818,1,82.46,9.82,72.63999999999999
OI000000181,O002073,P000545,3,707.48,191.32,1931.1200000000001
OI000000182,O001466,P000484,10,768.71,207.0,7480.1
OI000000183,O001130,P000851,3,213.39,13.01,627.16
OI000000184,O000516,P000555,5,51.72,1.05,257.55
OI000000185,O002015,P000660,8,722.67,21.34,5760.0199999999995
OI000000186,O000626,P000367,5,256.53,73.89,1208.7599999999998
OI000000187,O001394,P000126,3,602.62,135.71,1672.15
OI000000188,O001900,P000791,9,210.89,59.3,1838.7099999999998
OI000000189,O002786,P000974,7,89.43,4.0,622.01
OI000000190,O000001,P000083,1,80.73,4.83,75.9
OI000000191,O000716,P000811,9,106.61,24.7,934.79
OI000000192,O001192,P000477,7,192.02,40.83,1303.3100000000002
OI000000193,O000333,P000778,7,759.17,219.33,5094.86
OI000000194,O000881,P000158,2,1994.69,313.38,3676.0
OI000000195,O000699,P000790,4,360.44,67.03,1374.73
OI000000196,O002311,P000098,8,1762.8,335.71,13766.69
OI000000197,O002668,P000827,3,326.87,89.6,891.01
OI000000198,O001330,P000934,3,509.97,13.42,1516.49
OI000000199,O000275,P000607,9,1009.71,159.5,8927.89
OI000000200,O002762,P000034,10,1185.61,349.3,11506.8
OI000000201,O000017,P000956,7,24.75,4.03,169.22
OI000000202,O002522,P000315,6,305.52,40.98,1792.1399999999999
OI000000203,O000462,P000168,2,139.17,27.09,251.24999999999997
OI000000204,O000581,P000561,3,867.09,161.15,2440.12
OI000000205,O000277,P000935,7,1094.05,323.29,7335.0599999999995
OI000000206,O002765,P000349,3,245.34,69.88,666.14
OI000000207,O002243,P000968,5,506.73,77.08,2456.57
OI000000208,O001766,P000889,5,889.74,67.76,4380.94
OI000000209,O002216,P000545,5,707.48,84.06,3453.34
OI000000210,O000352,P000941,5,1195.18,314.25,5661.650000000001
OI000000211,O000703,P000811,10,106.61,15.4,1050.6999999999998
OI000000212,O000364,P000789,2,5.28,1.19,9.370000000000001
OI000000213,O000633,P000263,1,222.37,39.38,182.99
OI000000214,O001350,P000173,5,1705.15,114.28,8411.47
OI000000215,O000505,P000035,9,611.08,20.51,5479.21
OI000000216,O001427,P000883,5,1104.69,93.47,5429.9800000000005
OI000000217,O000148,P000754,8,998.49,251.36,7736.56
OI000000218,O002939,P000092,4,547.84,138.8,2052.56
OI000000219,O001402,P000419,5,480.64,49.55,2353.6499999999996
OI000000220,O000558,P000258,10,907.59,179.51,8896.39
OI000000221,O002787,P000460,4,1891.62,566.41,7000.07
OI000000222,O000446,P000171,3,1191.32,305.56,3268.4
OI000000223,O002426,P000708,5,163.15,1.25,814.5
OI000000224,O002096,P000080,8,1094.09,242.54,8510.179999999998
OI000000225,O001133,P000783,2,1511.59,116.18,2907.0
OI000000226,O001713,P000496,7,1057.48,45.57,7356.790000000001
OI000000227,O001453,P000455,5,432.41,58.08,2103.9700000000003
OI000000228,O000416,P000883,4,1104.69,153.39,4265.37
OI000000229,O002293,P000923,6,286.61,16.07,1703.5900000000001
OI000000230,O000899,P000829,5,34.71,9.04,164.51000000000002
OI000000231,O001487,P000694,6,461.63,104.49,2665.29
OI000000232,O000685,P000569,9,65.61,8.59,581.9
OI000000233,O000761,P000170,10,808.52,116.28,7968.92
OI000000234,O001521,P000395,6,288.86,31.77,1701.39
OI000000235,O002910,P000901,6,49.1,10.15,284.45000000000005
OI000000236,O000606,P000836,2,1875.69,5.76,3745.62
OI000000237,O000950,P000842,1,191.61,30.52,161.09
OI000000238,O002183,P000311,6,1032.71,245.45,5950.81
OI000000239,O002358,P000072,7,809.43,5.04,5660.969999999999
OI000000240,O001490,P000481,8,1447.12,152.48,11424.48
OI000000241,O002712,P000815,1,15.61,0.44,15.17
OI000000242,O000230,P000453,10,167.58,9.2,1666.6000000000001
OI000000243,O001286,P000384,3,930.26,96.12,2694.66
OI000000244,O001482,P000129,8,1756.87,195.15,13859.81
OI000000245,O002633,P000113,4,1736.82,230.63,6716.65
OI000000246,O001775,P000582,5,982.67,199.61,4713.74
OI000000247,O000685,P000992,9,135.46,15.3,1203.8400000000001
OI000000248,O001526,P000870,4,1323.98,301.42,4994.5
OI000000249,O002110,P000413,10,999.73,175.23,9822.07
OI000000250,O000676,P000149,5,21.16,2.67,103.13
OI000000251,O000826,P000714,7,44.9,8.01,306.29
OI000000252,O002816,P000929,9,644.09,160.63,5636.18
OI000000253,O001344,P000385,1,1874.09,378.47,1495.62
OI000000254,O000649,P000447,10,601.01,15.23,5994.870000000001
OI000000255,O002007,P000907,3,1911.53,53.73,5680.860000000001
OI000000256,O000607,P000551,7,151.2,10.57,1047.83
OI000000257,O002573,P000685,8,1730.91,403.01,13444.27
OI000000258,O001278,P000379,2,243.16,58.38,427.94
OI000000259,O002545,P000564,10,1904.75,337.92,18709.58
OI000000260,O000952,P000719,9,1827.14,81.26,16363.000000000002
OI000000261,O000891,P000034,8,1185.61,243.67,9241.21
OI000000262,O002342,P000004,8,971.97,258.91,7516.85
OI000000263,O002906,P000514,5,919.74,254.57,4344.13
OI000000264,O000325,P000906,7,661.16,189.01,4439.11
OI000000265,O002473,P000985,4,749.97,100.84,2899.04
OI000000266,O002464,P000390,6,758.72,20.29,4532.03
OI000000267,O001972,P000121,7,1866.2,514.32,12549.08
OI000000268,O001826,P000385,3,1874.09,331.35,5290.919999999999
OI000000269,O001289,P000384,9,930.26,87.92,8284.42
OI000000270,O002456,P000473,7,1794.25,328.04,12231.71
OI000000271,O001881,P000162,5,140.8,37.27,666.73
OI000000272,O000431,P000482,6,720.13,118.08,4202.7
OI000000273,O001877,P000216,7,1516.37,337.79,10276.8
OI000000274,O001352,P000242,3,97.78,23.17,270.17
OI000000275,O001481,P000412,2,1511.32,26.54,2996.1
OI000000276,O002695,P000734,9,155.02,41.33,1353.8500000000001
OI000000277,O001920,P000494,10,1011.4,98.39,10015.61
OI000000278,O002658,P000120,8,18.57,0.91,147.65
OI000000279,O000578,P000308,8,1925.87,67.81,15339.15
OI000000280,O000941,P000251,5,253.9,53.3,1216.2
OI000000281,O000688,P000885,3,1724.8,94.34,5080.0599999999995
OI000000282,O002360,P000827,6,326.87,20.73,1940.49
OI000000283,O001488,P000158,1,1994.69,222.49,1772.2
OI000000284,O002068,P000132,5,1097.12,222.89,5262.709999999999
OI000000285,O001249,P000312,5,766.77,16.68,3817.17
OI000000286,O001182,P000205,3,1027.59,134.39,2948.3799999999997
OI000000287,O001060,P000916,3,382.73,65.42,1082.77
OI000000288,O002231,P000316,5,203.79,9.54,1009.41
OI000000289,O000099,P000419,8,480.64,110.52,3734.6
OI000000290,O001414,P000769,9,761.24,24.09,6827.07
OI000000291,O001465,P000688,1,1532.29,342.02,1190.27
OI000000292,O001050,P000280,7,896.18,59.06,6214.199999999999
OI000000293,O000879,P000184,7,127.09,1.59,888.04
OI000000294,O001115,P000528,3,1159.69,331.85,3147.2200000000003
OI000000295,O000152,P000152,6,68.04,7.15,401.09000000000003
OI000000296,O002728,P000106,1,654.84,168.92,485.9200000000001
OI000000297,O000074,P000074,7,254.86,2.76,1781.26
OI000000298,O001347,P000910,1,360.6,105.8,254.8
OI000000299,O002351,P000629,1,1677.51,321.14,1356.37
OI000000300,O000671,P000767,2,1966.38,225.78,3706.98
OI000000301,O000347,P000201,8,1143.59,18.02,9130.699999999999
OI000000302,O001835,P000836,9,1875.69,558.99,16322.22
OI000000303,O002588,P000874,4,1778.8,356.41,6758.79
OI000000304,O002804,P000478,8,459.93,55.08,3624.36
OI000000305,O002457,P000231,8,1513.28,29.21,12077.03
OI000000306,O001832,P000859,1,1721.38,164.98,1556.4
OI000000307,O001072,P000550,4,110.91,17.01,426.63
OI000000308,O002381,P000369,9,1463.28,236.71,12932.810000000001
OI000000309,O002855,P000592,8,371.17,66.33,2903.03
OI000000310,O002600,P000712,3,27.1,4.46,76.84000000000002
OI000000311,O001375,P000408,3,1670.62,79.2,4932.66
OI000000312,O002649,P000752,6,1858.86,134.61,11018.55
OI000000313,O002867,P000035,7,611.08,41.41,4236.150000000001
OI000000314,O000245,P000392,6,1336.87,36.24,7984.98
OI000000315,O001179,P000732,1,220.12,64.91,155.21
OI000000316,O001866,P000353,4,397.84,110.05,1481.31
OI000000317,O000340,P000060,4,1525.07,151.07,5949.21
OI000000318,O002373,P000651,3,799.02,159.81,2237.25
OI000000319,O002855,P000194,9,1736.61,104.47,15525.02
OI000000320,O001860,P000344,6,217.3,45.49,1258.3100000000002
OI000000321,O002492,P000550,4,110.91,5.12,438.52
OI000000322,O002270,P000993,1,827.63,141.34,686.29
OI000000323,O000577,P000375,7,1711.54,82.65,11898.13
OI000000324,O002016,P000084,9,398.93,28.14,3562.23
OI000000325,O001720,P000882,8,540.45,17.28,4306.320000000001
OI000000326,O001239,P000197,2,374.57,75.61,673.53
OI000000327,O000083,P000658,1,1009.91,194.12,815.79
OI000000328,O002739,P000354,3,770.78,209.74,2102.6000000000004
OI000000329,O002539,P000337,1,794.19,106.15,688.0400000000001
OI000000330,O001172,P000237,3,1622.17,170.01,4696.5
OI000000331,O002461,P000312,9,766.77,78.74,6822.1900000000005
OI000000332,O002222,P000453,4,167.58,10.84,659.48
OI000000333,O002895,P000538,4,1885.34,411.55,7129.8099999999995
OI000000334,O000867,P000406,1,139.86,2.17,137.69000000000003
OI000000335,O001975,P000312,8,766.77,90.48,6043.68
OI000000336,O001253,P000388,1,833.48,83.18,750.3
OI000000337,O000477,P000302,9,1661.73,229.6,14725.97
OI000000338,O002332,P000348,10,1313.62,298.99,12837.21
OI000000339,O002565,P000765,9,1330.0,341.51,11628.49
OI000000340,O002559,P000779,9,1324.14,39.35,11877.91
OI000000341,O000635,P000801,1,373.91,18.79,355.12
OI000000342,O000642,P000847,6,197.07,45.7,1136.72
OI000000343,O002179,P000030,1,1474.37,191.79,1282.58
OI000000344,O002984,P000051,8,805.96,5.29,6442.39
OI000000345,O000486,P000432,8,1865.88,193.17,14733.87
OI000000346,O000429,P000359,8,17.82,3.67,138.89000000000001
OI000000347,O002363,P000564,10,1904.75,263.94,18783.56
OI000000348,O002368,P000499,1,253.05,29.87,223.18
OI000000349,O002546,P000912,2,1468.14,309.54,2626.7400000000002
OI000000350,O001312,P000451,9,1164.33,191.78,10287.189999999999
OI000000351,O000774,P000631,8,1717.28,298.64,13439.6
OI000000352,O001500,P000265,1,76.77,16.58,60.19
OI000000353,O000924,P000739,2,172.97,36.53,309.40999999999997
OI000000354,O001906,P000408,5,1670.62,285.12,8067.979999999999
OI000000355,O001835,P000217,4,1403.4,254.34,5359.26
OI000000356,O001247,P000213,9,1329.61,163.49,11803.0
OI000000357,O002258,P000673,2,500.63,91.48,909.78
OI000000358,O002987,P000412,8,1511.32,410.89,11679.67
OI000000359,O002717,P000867,4,1286.29,37.04,5108.12
OI000000360,O001050,P000713,1,1793.11,402.16,1390.9499999999998
OI000000361,O002042,P000865,1,678.15,43.93,634.22
OI000000362,O000282,P000134,2,1280.87,27.39,2534.35
OI000000363,O001392,P000507,3,1029.09,12.72,3074.5499999999997
OI000000364,O002664,P000968,2,506.73,18.77,994.69
OI000000365,O002633,P000608,6,1748.7,336.8,10155.400000000001
OI000000366,O000948,P000712,3,27.1,5.88,75.42000000000002
OI000000367,O001450,P000554,10,1891.17,169.79,18741.91
OI000000368,O002994,P000056,4,1443.17,104.3,5668.38
OI000000369,O002782,P000976,9,1278.46,249.85,11256.289999999999
OI000000370,O002685,P000466,3,182.23,30.81,515.88
OI000000371,O002993,P000167,2,465.82,13.66,917.98
OI000000372,O000859,P000434,9,230.55,39.02,2035.9300000000003
OI000000373,O002439,P000696,9,1613.76,342.13,14181.710000000001
OI000000374,O001888,P000871,3,26.45,4.47,74.88
OI000000375,O001397,P000222,9,395.06,108.41,3447.13
OI000000376,O002806,P000072,10,809.43,8.6,8085.699999999999
OI000000377,O000469,P000120,6,18.57,4.68,106.74000000000001
OI000000378,O000025,P000247,6,1979.0,382.55,11491.45
OI000000379,O000276,P000254,2,972.14,70.8,1873.48
OI000000380,O001702,P000867,4,1286.29,47.63,5097.53
OI000000381,O000814,P000101,7,106.37,7.93,736.6600000000001
OI000000382,O002408,P000082,5,384.31,33.51,1888.04
OI000000383,O002331,P000692,5,1094.93,252.36,5222.290000000001
OI000000384,O000265,P000895,4,487.63,21.3,1929.22
OI000000385,O001900,P000351,2,498.38,121.39,875.37
OI000000386,O001522,P000981,3,1764.41,3.18,5290.05
OI000000387,O001461,P000449,6,595.59,7.92,3565.62
OI000000388,O001535,P000217,9,1403.4,161.67,12468.93
OI000000389,O002241,P000827,5,326.87,90.61,1543.74
OI000000390,O002742,P000770,6,1272.05,351.16,7281.139999999999
OI000000391,O002374,P000113,10,1736.82,64.66,17303.54
OI000000392,O002908,P000559,2,444.5,4.42,884.58
OI000000393,O001644,P000833,10,269.1,61.68,2629.32
OI000000394,O000269,P000865,3,678.15,23.21,2011.2399999999998
OI000000395,O000523,P000105,4,780.41,220.98,2900.66
OI000000396,O000060,P000878,1,1375.57,93.42,1282.1499999999999
OI000000397,O002026,P000237,9,1622.17,279.69,14319.84
OI000000398,O001392,P000112,7,1915.88,266.23,13144.93
OI000000399,O001778,P000960,3,11.21,2.12,31.51
OI000000400,O001499,P000979,9,1379.64,132.56,12284.2
OI000000401,O001665,P000538,3,1885.34,411.99,5244.03
OI000000402,O000596,P000456,8,1611.1,375.55,12513.25
OI000000403,O000886,P000234,6,1658.18,284.35,9664.73
OI000000404,O002275,P000897,10,1561.8,410.17,15207.83
OI000000405,O002064,P000874,5,1778.8,32.36,8861.64
OI000000406,O000715,P000809,3,64.16,6.81,185.67
OI000000407,O002201,P000411,4,798.36,109.6,3083.84
OI000000408,O002336,P000204,2,375.65,8.45,742.8499999999999
OI000000409,O000128,P000640,2,389.41,34.94,743.8800000000001
OI000000410,O000599,P000372,6,1047.95,173.09,6114.610000000001
OI000000411,O001606,P000203,4,372.51,54.03,1436.01
OI000000412,O002646,P000378,10,381.87,80.31,3738.39
OI000000413,O002239,P000244,3,1072.6,168.87,3048.93
OI000000414,O000374,P000562,8,578.74,121.82,4508.1
OI000000415,O000861,P000537,5,1276.32,171.66,6209.94
OI000000416,O001941,P000348,5,1313.62,249.31,6318.789999999999
OI000000417,O000318,P000190,1,560.65,128.08,432.56999999999994
OI000000418,O001418,P000342,6,942.36,48.06,5606.099999999999
OI000000419,O001479,P000998,8,1771.97,346.54,13829.22
OI000000420,O000514,P000256,8,91.68,20.78,712.6600000000001
OI000000421,O002545,P000097,6,1499.25,254.7,8740.8
OI000000422,O000634,P000997,5,1002.0,96.48,4913.52
OI000000423,O001134,P000851,7,213.39,28.68,1465.05
OI000000424,O001861,P000731,7,448.45,125.78,3013.37
OI000000425,O000876,P000173,8,1705.15,191.42,13449.78
OI000000426,O001892,P000559,6,444.5,56.81,2610.19
OI000000427,O000155,P000353,3,397.84,8.19,1185.33
OI000000428,O002098,P000811,2,106.61,0.88,212.34
OI000000429,O001601,P000258,3,907.59,117.3,2605.47
OI000000430,O002390,P000498,9,1597.19,315.8,14058.910000000002
OI000000431,O001341,P000838,10,1035.16,85.59,10266.01
OI000000432,O002672,P000487,3,1467.14,43.62,4357.8
OI000000433,O000116,P000750,6,765.43,136.71,4455.87
OI000000434,O002959,P000349,1,245.34,72.14,173.2
OI000000435,O001448,P000449,6,595.59,171.33,3402.21
OI000000436,O002732,P000547,8,122.18,8.14,969.3000000000001
OI000000437,O001281,P000856,10,791.93,221.94,7697.36
OI000000438,O002828,P000431,3,1519.75,270.37,4288.88
OI000000439,O001721,P000380,6,1674.15,121.11,9923.79
OI000000440,O001738,P000765,10,1330.0,156.4,13143.6
OI000000441,O002151,P000170,6,808.52,136.83,4714.29
OI000000442,O001326,P000672,10,574.61,130.85,5615.25
OI000000443,O000690,P000538,3,1885.34,393.87,5262.15
OI000000444,O002936,P000216,5,1516.37,307.6,7274.249999999999
OI000000445,O000359,P000409,1,256.31,45.29,211.02
OI000000446,O000634,P000815,1,15.61,3.36,12.25
OI000000447,O001445,P000157,7,1411.2,209.77,9668.63
OI000000448,O000490,P000001,3,708.94,175.85,1950.9700000000003
OI000000449,O002818,P000912,9,1468.14,256.91,12956.35
OI000000450,O001937,P000634,3,1987.65,111.04,5851.910000000001
OI000000451,O001040,P000581,8,498.49,81.8,3906.12
OI000000452,O002994,P000665,3,1713.81,64.22,5077.21
OI000000453,O001607,P000716,6,223.06,4.51,1333.8500000000001
OI000000454,O001977,P000450,9,793.14,109.12,7029.14
OI000000455,O001873,P000644,8,189.11,17.95,1494.93
OI000000456,O002585,P000587,2,896.13,47.71,1744.55
OI000000457,O000300,P000500,1,1471.06,104.5,1366.56
OI000000458,O001870,P000175,8,524.31,129.1,4065.3799999999997
OI000000459,O001465,P000930,5,1105.71,244.15,5284.400000000001
OI000000460,O001490,P000679,2,1280.62,331.04,2230.2
OI000000461,O002973,P000371,8,438.52,115.03,3393.1299999999997
OI000000462,O000166,P000226,4,661.78,52.56,2594.56
OI000000463,O001772,P000746,1,577.19,119.27,457.9200000000001
OI000000464,O001248,P000089,4,1258.98,7.74,5028.18
OI000000465,O000930,P000845,2,1606.54,195.79,3017.29
OI000000466,O001373,P000105,10,780.41,185.92,7618.179999999999
OI000000467,O001620,P000926,1,1091.53,269.16,822.3699999999999
OI000000468,O000047,P000802,7,1573.02,319.17,10691.97
OI000000469,O001507,P000005,6,1877.25,11.38,11252.12
OI000000470,O002402,P000325,2,76.46,16.2,136.72
OI000000471,O000374,P000907,7,1911.53,368.65,13012.06
OI000000472,O001289,P000229,7,1312.83,82.93,9106.88
OI000000473,O000978,P000424,5,875.88,90.78,4288.62
OI000000474,O002305,P000293,6,1434.85,24.24,8584.859999999999
OI000000475,O000953,P000031,2,559.35,136.17,982.5300000000001
OI000000476,O001992,P000800,6,1455.26,11.47,8720.09
OI000000477,O000033,P000646,6,1100.42,24.0,6578.52
OI000000478,O001780,P000567,8,233.93,8.53,1862.91
OI000000479,O002705,P000448,9,163.42,44.82,1425.96
OI000000480,O000889,P000047,1,233.35,9.26,224.09
OI000000481,O000610,P000027,6,541.67,93.04,3156.9799999999996
OI000000482,O002971,P000708,6,163.15,39.39,939.5100000000001
OI000000483,O000286,P000793,1,299.32,41.59,257.73
OI000000484,O000396,P000098,9,1762.8,321.73,15543.47
OI000000485,O000024,P000684,2,1874.6,216.11,3533.0899999999997
OI000000486,O001871,P000227,7,544.88,101.71,3712.45
OI000000487,O002626,P000742,6,319.51,8.6,1908.46
OI000000488,O000760,P000418,2,246.0,16.6,475.4
OI000000489,O002375,P000081,6,113.79,21.89,660.85
OI000000490,O001385,P000227,9,544.88,153.09,4750.83
OI000000491,O002488,P000726,3,928.18,40.04,2744.5
OI000000492,O001100,P000616,4,1001.09,72.98,3931.38
OI000000493,O001818,P000292,3,234.11,68.47,633.86
OI000000494,O002203,P000079,1,475.92,1.34,474.58000000000004
OI000000495,O002711,P000896,7,61.98,11.24,422.61999999999995
OI000000496,O000901,P000990,8,375.59,29.82,2974.8999999999996
OI000000497,O002005,P000273,4,1666.56,338.12,6328.12
OI000000498,O002837,P000340,5,338.38,46.54,1645.3600000000001
OI000000499,O002707,P000360,3,1818.99,214.51,5242.46
OI000000500,O000677,P000618,1,1231.99,70.63,1161.3600000000001
OI000000501,O002259,P000664,7,58.71,8.02,402.95000000000005
OI000000502,O000062,P000557,1,37.77,7.91,29.860000000000003
OI000000503,O000563,P000645,3,1972.5,44.69,5872.81
OI000000504,O000199,P000053,4,918.6,165.01,3509.3900000000003
OI000000505,O000055,P000575,10,81.85,0.29,818.21
OI000000506,O002415,P000985,6,749.97,172.54,4327.28
OI000000507,O001122,P000492,2,1144.18,198.22,2090.1400000000003
OI000000508,O000398,P000221,6,829.56,84.34,4893.0199999999995
OI000000509,O000256,P000732,10,220.12,34.52,2166.68
OI000000510,O000107,P000503,7,460.81,52.75,3172.92
OI000000511,O002949,P000079,6,475.92,137.48,2718.04
OI000000512,O001565,P000350,10,190.6,25.3,1880.7
OI000000513,O002533,P000878,2,1375.57,7.43,2743.71
OI000000514,O001451,P000359,8,17.82,2.31,140.25
OI000000515,O002381,P000007,3,405.69,77.05,1140.02
OI000000516,O002572,P000167,5,465.82,115.06,2214.04
OI000000517,O000306,P000611,3,512.0,119.87,1416.13
OI000000518,O001441,P000610,10,1977.72,349.08,19428.12
OI000000519,O002060,P000348,9,1313.62,206.63,11615.949999999999
OI000000520,O001847,P000392,5,1336.87,215.87,6468.48
OI000000521,O001237,P000227,3,544.88,47.53,1587.11
OI000000522,O001621,P000561,3,867.09,37.65,2563.62
OI000000523,O000686,P000634,9,1987.65,485.38,17403.47
OI000000524,O001231,P000765,7,1330.0,22.49,9287.51
OI000000525,O000975,P000447,6,601.01,169.26,3436.8
OI000000526,O000713,P000761,5,198.42,8.3,983.8
OI000000527,O000116,P000341,2,15.39,2.63,28.150000000000002
OI000000528,O001111,P000372,3,1047.95,126.14,3017.7100000000005
OI000000529,O002468,P000633,1,1471.94,210.89,1261.0500000000002
OI000000530,O001909,P000314,6,1319.43,117.82,7798.76
OI000000531,O002295,P000089,6,1258.98,170.94,7382.9400000000005
OI000000532,O001791,P000607,10,1009.71,1.35,10095.75
OI000000533,O001450,P000412,2,1511.32,63.76,2958.8799999999997
OI000000534,O000494,P000671,4,301.49,7.2,1198.76
OI000000535,O002947,P000478,3,459.93,35.28,1344.51
OI000000536,O000359,P000840,6,51.08,6.65,299.83000000000004
OI000000537,O001413,P000463,1,1051.21,164.22,886.99
OI000000538,O002944,P000715,4,297.93,52.35,1139.3700000000001
OI000000539,O000386,P000120,1,18.57,2.5,16.07
OI000000540,O002505,P000112,2,1915.88,382.84,3448.92
OI000000541,O001079,P000364,8,622.58,173.31,4807.33
OI000000542,O000798,P000828,2,1077.5,62.93,2092.07
OI000000543,O001633,P000601,7,1881.3,38.45,13130.65
OI000000544,O001480,P000582,9,982.67,54.97,8789.06
OI000000545,O002175,P000131,6,29.85,1.93,177.17000000000002
OI000000546,O000006,P000607,1,1009.71,10.37,999.34
OI000000547,O002034,P000393,1,39.16,4.34,34.81999999999999
OI000000548,O000535,P000590,7,1278.55,189.46,8760.390000000001
OI000000549,O002148,P000155,10,1456.93,130.21,14439.090000000002
OI000000550,O000365,P000640,1,389.41,51.92,337.49
OI000000551,O000597,P000354,4,770.78,178.85,2904.27
OI000000552,O000169,P000158,9,1994.69,228.79,17723.42
OI000000553,O002306,P000219,1,982.72,106.29,876.4300000000001
OI000000554,O000211,P000064,5,1406.61,166.4,6866.65
OI000000555,O002422,P000299,3,933.61,116.79,2684.04
OI000000556,O001435,P000189,10,1389.24,121.46,13770.94
OI000000557,O001914,P000847,2,197.07,8.01,386.13
OI000000558,O000665,P000977,9,1140.0,91.31,10168.69
OI000000559,O001248,P000942,2,846.42,176.6,1516.24
OI000000560,O000041,P000826,1,623.78,145.89,477.89
OI000000561,O002767,P000665,5,1713.81,21.12,8547.929999999998
OI000000562,O002324,P000047,5,233.35,33.66,1133.09
OI000000563,O001483,P000176,3,1380.48,48.87,4092.5700000000006
OI000000564,O001368,P000042,10,1689.48,177.57,16717.23
OI000000565,O001707,P000573,4,21.71,6.1,80.74000000000001
OI000000566,O001350,P000212,2,1355.24,4.89,2705.59
OI000000567,O002280,P000457,10,968.45,43.2,9641.3
OI000000568,O001059,P000304,4,1518.34,132.48,5940.88
OI000000569,O000325,P000329,6,475.33,110.5,2741.48
OI000000570,O002457,P000990,6,375.59,58.06,2195.48
OI000000571,O002093,P000991,10,859.29,206.12,8386.779999999999
OI000000572,O000496,P000398,7,490.78,5.97,3429.4900000000002
OI000000573,O000121,P000711,3,1217.93,11.67,3642.12
OI000000574,O001444,P000016,5,839.54,82.44,4115.26
OI000000575,O002719,P000217,10,1403.4,262.5,13771.5
OI000000576,O002834,P000754,3,998.49,137.34,2858.13
OI000000577,O001455,P000117,8,278.66,18.37,2210.9100000000003
OI000000578,O002957,P000084,8,398.93,91.73,3099.71
OI000000579,O000328,P000835,10,1852.55,79.25,18446.25
OI000000580,O000437,P000384,3,930.26,50.53,2740.2499999999995
OI000000581,O002481,P000990,6,375.59,73.55,2179.99
OI000000582,O000008,P000664,7,58.71,0.28,410.69000000000005
OI000000583,O001410,P000919,8,678.3,102.88,5323.5199999999995
OI000000584,O002649,P000396,8,72.3,14.02,564.38
OI000000585,O001503,P000235,9,1886.98,145.58,16837.239999999998
OI000000586,O002886,P000943,1,1140.36,251.09,889.2699999999999
OI000000587,O002688,P000790,4,360.44,16.15,1425.61
OI000000588,O001800,P000954,10,1799.27,16.01,17976.690000000002
OI000000589,O001229,P000695,6,354.3,49.25,2076.55
OI000000590,O002007,P000192,2,1167.53,199.38,2135.68
OI000000591,O002589,P000080,10,1094.09,305.86,10635.039999999999
OI000000592,O001936,P000288,4,997.91,216.25,3775.39
OI000000593,O001122,P000941,1,1195.18,159.76,1035.42
OI000000594,O001714,P000091,4,56.35,1.65,223.75
OI000000595,O001937,P000299,7,933.61,83.94,6451.330000000001
OI000000596,O002450,P000605,5,1505.93,12.61,7517.040000000001
OI000000597,O002059,P000973,4,1012.91,79.13,3972.5099999999998
OI000000598,O001007,P000549,5,1789.52,358.57,8589.03
OI000000599,O001199,P000529,3,923.0,198.85,2570.15
OI000000600,O002901,P000941,8,1195.18,88.36,9473.08
OI000000601,O001667,P000649,4,1663.88,472.95,6182.570000000001
OI000000602,O002756,P000454,4,884.28,178.14,3358.98
OI000000603,O000174,P000698,7,982.47,178.07,6699.22
OI000000604,O000453,P000201,4,1143.59,142.46,4431.9
OI000000605,O002436,P000822,2,533.63,133.54,933.72
OI000000606,O001663,P000689,10,677.0,9.36,6760.64
OI000000607,O001768,P000513,5,268.03,76.3,1263.85
OI000000608,O001896,P000866,9,920.6,68.66,8216.74
OI000000609,O000327,P000651,1,799.02,192.69,606.3299999999999
OI000000610,O000975,P000694,7,461.63,9.83,3221.58
OI000000611,O000345,P000857,8,1910.95,146.61,15140.99
OI000000612,O001902,P000608,6,1748.7,15.71,10476.490000000002
OI000000613,O002291,P000409,1,256.31,28.81,227.5
OI000000614,O001552,P000800,2,1455.26,27.22,2883.3
OI000000615,O000549,P000025,1,206.32,38.97,167.35
OI000000616,O001206,P000081,9,113.79,4.18,1019.9300000000002
OI000000617,O000309,P000515,6,153.98,29.09,894.7899999999998
OI000000618,O002318,P000973,5,1012.91,233.01,4831.54
OI000000619,O000013,P000153,2,1133.43,59.33,2207.53
OI000000620,O000429,P000759,10,80.17,21.63,780.07
OI000000621,O002377,P000221,9,829.56,92.3,7373.739999999999
OI000000622,O001527,P000743,5,1834.29,181.22,8990.230000000001
OI000000623,O001116,P000570,3,1069.19,306.07,2901.5
OI000000624,O000786,P000499,3,253.05,24.3,734.8500000000001
OI000000625,O000479,P000871,4,26.45,5.08,100.72
OI000000626,O000910,P000571,3,971.97,167.27,2748.64
OI000000627,O001029,P000463,4,1051.21,63.6,4141.24
OI000000628,O001890,P000916,6,382.73,89.68,2206.7000000000003
OI000000629,O000451,P000073,7,18.7,0.3,130.6
OI000000630,O000840,P000935,8,1094.05,120.47,8631.93
OI000000631,O001946,P000825,3,1816.12,375.96,5072.4
OI000000632,O001881,P000490,8,184.85,44.09,1434.71
OI000000633,O000475,P000159,8,761.6,133.26,5959.54
OI000000634,O002742,P000300,4,47.94,13.75,178.01
OI000000635,O001440,P000583,1,835.47,194.43,641.04
OI000000636,O002146,P000613,4,405.81,55.52,1567.72
OI000000637,O002307,P000364,5,622.58,8.91,3103.9900000000002
OI000000638,O000769,P000665,4,1713.81,40.73,6814.51
OI000000639,O000737,P000702,4,1444.85,63.62,5715.78
OI000000640,O002913,P000047,9,233.35,18.36,2081.79
OI000000641,O001023,P000175,6,524.31,113.59,3032.2699999999995
OI000000642,O000685,P000170,10,808.52,108.35,7976.849999999999
OI000000643,O002051,P000909,7,679.7,189.26,4568.64
OI000000644,O001957,P000569,6,65.61,15.31,378.34999999999997
OI000000645,O000823,P000377,7,561.23,85.34,3843.27
OI000000646,O000237,P000148,3,1228.6,69.5,3616.2999999999997
OI000000647,O002934,P000923,5,286.61,32.03,1401.0200000000002
OI000000648,O001428,P000404,2,39.18,1.17,77.19
OI000000649,O000761,P000391,2,1505.24,202.88,2807.6
OI000000650,O000158,P000267,2,1814.36,297.93,3330.79
OI000000651,O000415,P000300,3,47.94,11.54,132.28
OI000000652,O002388,P000945,10,1287.86,377.85,12500.749999999998
OI000000653,O001685,P000047,2,233.35,52.41,414.28999999999996
OI000000654,O001740,P000646,7,1100.42,21.67,7681.27
OI000000655,O002093,P000059,9,150.35,16.39,1336.7599999999998
OI000000656,O000418,P000609,3,822.73,98.01,2370.18
OI000000657,O000156,P000963,7,344.78,34.33,2379.13
OI000000658,O000053,P000746,9,577.19,126.55,5068.160000000001
OI000000659,O002302,P000924,1,723.54,125.78,597.76
OI000000660,O000632,P000203,6,372.51,94.03,2141.0299999999997
OI000000661,O002288,P000608,9,1748.7,68.46,15669.840000000002
OI000000662,O000625,P000880,4,1367.88,148.93,5322.59
OI000000663,O000483,P000658,3,1009.91,9.34,3020.39
OI000000664,O002357,P000574,4,1508.02,423.94,5608.14
OI000000665,O001263,P000987,3,665.36,56.62,1939.46
OI000000666,O000979,P000579,1,1237.77,331.88,905.89
OI000000667,O000240,P000215,7,1358.6,257.53,9252.669999999998
OI000000668,O000081,P000697,4,1507.6,402.49,5627.91
OI000000669,O000119,P000761,7,198.42,18.19,1370.7499999999998
OI000000670,O001608,P000174,5,3.71,0.2,18.35
OI000000671,O000430,P000345,2,606.24,95.4,1117.08
OI000000672,O000356,P000981,7,1764.41,265.75,12085.12
OI000000673,O002706,P000175,4,524.31,19.32,2077.9199999999996
OI000000674,O001442,P000249,5,1700.31,166.12,8335.429999999998
OI000000675,O002149,P000912,1,1468.14,431.8,1036.3400000000001
OI000000676,O002509,P000327,9,1741.17,133.58,15536.95
OI000000677,O000343,P000306,7,131.12,22.97,894.87
OI000000678,O000846,P000992,9,135.46,35.2,1183.94
OI000000679,O002332,P000348,8,1313.62,250.31,10258.65
OI000000680,O002637,P000080,2,1094.09,100.44,2087.74
OI000000681,O001377,P000848,6,1568.72,0.44,9411.88
OI000000682,O000704,P000478,9,459.93,127.4,4011.97
OI000000683,O001877,P000282,4,1298.18,71.51,5121.21
OI000000684,O002041,P000709,6,1469.08,416.98,8397.5
OI000000685,O000947,P000457,7,968.45,179.62,6599.530000000001
OI000000686,O001536,P000121,6,1866.2,286.57,10910.630000000001
OI000000687,O000073,P000824,9,1754.59,361.92,15429.39
OI000000688,O001466,P000965,8,549.05,113.82,4278.58
OI000000689,O000268,P000174,1,3.71,0.51,3.2
OI000000690,O000865,P000646,7,1100.42,191.63,7511.31
OI000000691,O002736,P000694,9,461.63,46.46,4108.21
OI000000692,O001841,P000648,6,1706.26,134.99,10102.57
OI000000693,O000912,P000643,7,1834.47,1.45,12839.84
OI000000694,O000507,P000191,1,1898.07,87.4,1810.6699999999998
OI000000695,O002200,P000478,10,459.93,14.23,4585.070000000001
OI000000696,O001259,P000990,5,375.59,4.92,1873.0299999999997
OI000000697,O002641,P000437,6,1649.68,225.57,9672.51
OI000000698,O001545,P000764,8,71.15,12.52,556.6800000000001
OI000000699,O001739,P000375,4,1711.54,229.83,6616.33
OI000000700,O001475,P000713,7,1793.11,478.19,12073.579999999998
OI000000701,O002083,P000346,2,1842.42,166.41,3518.4300000000003
OI000000702,O000116,P000725,4,1732.02,229.62,6698.46
OI000000703,O000143,P000674,10,1151.2,27.64,11484.36
OI000000704,O002115,P000927,3,1640.75,316.56,4605.69
OI000000705,O001568,P000800,4,1455.26,6.24,5814.8
OI000000706,O001605,P000679,5,1280.62,84.5,6318.599999999999
OI000000707,O000337,P000557,4,37.77,8.72,142.36
OI000000708,O000227,P000679,5,1280.62,345.87,6057.23
OI000000709,O001579,P000896,10,61.98,12.81,606.99
OI000000710,O002635,P000880,9,1367.88,5.75,12305.170000000002
OI000000711,O000906,P000448,3,163.42,2.32,487.94
OI000000712,O002625,P000219,2,982.72,93.65,1871.79
OI000000713,O000487,P000555,9,51.72,15.15,450.33000000000004
OI000000714,O000469,P000472,8,264.67,66.05,2051.31
OI000000715,O000793,P000821,10,1723.72,451.37,16785.83
OI000000716,O000627,P000170,9,808.52,112.7,7163.9800000000005
OI000000717,O002054,P000107,3,303.72,47.62,863.5400000000001
OI000000718,O001730,P000947,8,737.22,107.46,5790.3
OI000000719,O000553,P000196,5,232.25,65.61,1095.64
OI000000720,O001995,P000085,9,311.52,16.16,2787.52
OI000000721,O000823,P000443,5,1408.17,203.69,6837.160000000001
OI000000722,O002610,P000516,8,60.89,11.75,475.37
OI000000723,O000759,P000327,4,1741.17,166.59,6798.09
OI000000724,O002000,P000201,2,1143.59,342.95,1944.2299999999998
OI000000725,O000099,P000873,10,646.85,66.04,6402.46
OI000000726,O002366,P000518,5,304.09,76.3,1444.1499999999999
OI000000727,O001294,P000003,1,353.8,102.73,251.07
OI000000728,O001850,P000871,3,26.45,0.48,78.86999999999999
OI000000729,O002459,P000777,6,1885.84,330.85,10984.189999999999
OI000000730,O002971,P000936,2,585.84,50.85,1120.8300000000002
OI000000731,O002992,P000062,7,512.56,11.7,3576.22
OI000000732,O002660,P000747,2,427.5,74.06,780.94
OI000000733,O001586,P000512,1,1305.82,226.73,1079.09
OI000000734,O002164,P000961,5,260.86,31.88,1272.42
OI000000735,O000638,P000158,1,1994.69,304.84,1689.8500000000001
OI000000736,O001346,P000241,4,1279.61,99.74,5018.7
OI000000737,O002330,P000775,3,1026.72,191.41,2888.75
OI000000738,O000180,P000443,3,1408.17,12.12,4212.39
OI000000739,O000848,P000029,2,1194.26,37.01,2351.5099999999998
OI000000740,O001146,P000377,6,561.23,82.21,3285.17
OI000000741,O000064,P000625,2,226.17,24.12,428.21999999999997
OI000000742,O000342,P000259,8,1864.34,472.92,14441.8
OI000000743,O001824,P000638,4,303.17,37.13,1175.55
OI000000744,O002115,P000930,9,1105.71,221.62,9729.769999999999
OI000000745,O001522,P000595,3,1528.15,362.63,4221.820000000001
OI000000746,O000279,P000718,7,1719.5,182.73,11853.77
OI000000747,O002862,P000830,2,1444.33,365.87,2522.79
OI000000748,O002762,P000703,1,1588.79,399.63,1189.1599999999999
OI000000749,O000780,P000466,2,182.23,30.87,333.59
OI000000750,O000880,P000250,10,191.78,15.21,1902.59
OI000000751,O000399,P000371,10,438.52,123.13,4262.07
OI000000752,O002060,P000463,5,1051.21,22.79,5233.26
OI000000753,O001506,P000357,5,1755.07,336.99,8438.36
OI000000754,O000235,P000217,5,1403.4,364.39,6652.61
OI000000755,O002334,P000351,4,498.38,30.43,1963.09
OI000000756,O001462,P000441,3,1536.52,259.36,4350.2
OI000000757,O001530,P000163,1,214.31,34.71,179.6
OI000000758,O000157,P000346,9,1842.42,34.25,16547.53
OI000000759,O001973,P000520,5,809.94,159.39,3890.3100000000004
OI000000760,O000719,P000717,2,85.48,9.72,161.24
OI000000761,O000595,P000210,7,849.87,28.18,5920.91
OI000000762,O001403,P000643,1,1834.47,390.63,1443.8400000000001
OI000000763,O002025,P000710,1,1371.3,70.33,1300.97
OI000000764,O002553,P000218,5,1997.53,535.55,9452.1
OI000000765,O001640,P000952,2,1174.25,83.17,2265.33
OI000000766,O002028,P000116,4,623.48,25.0,2468.92
OI000000767,O001376,P000638,8,303.17,37.64,2387.7200000000003
OI000000768,O001108,P000817,3,586.32,23.7,1735.26
OI000000769,O002934,P000491,4,873.76,187.61,3307.43
OI000000770,O000347,P000430,6,32.92,0.13,197.39000000000001
OI000000771,O002572,P000543,1,1560.53,69.89,1490.6399999999999
OI000000772,O002972,P000906,1,661.16,53.64,607.52
OI000000773,O000712,P000918,7,284.36,66.39,1924.1299999999999
OI000000774,O002361,P000222,2,395.06,36.21,753.91
OI000000775,O001252,P000026,7,1337.21,264.66,9095.810000000001
OI000000776,O002212,P000026,4,1337.21,362.17,4986.67
OI000000777,O000916,P000692,8,1094.93,179.43,8580.01
OI000000778,O002223,P000520,8,809.94,221.08,6258.4400000000005
OI000000779,O000501,P000806,4,271.25,31.13,1053.87
OI000000780,O001575,P000623,1,5.35,1.22,4.13
OI000000781,O002940,P000164,4,1534.92,322.1,5817.58
OI000000782,O000804,P000706,8,1978.74,230.38,15599.54
OI000000783,O000192,P000623,6,5.35,0.92,31.179999999999993
OI000000784,O000448,P000092,8,547.84,63.0,4319.72
OI000000785,O000850,P000114,10,133.13,11.55,1319.75
OI000000786,O002259,P000365,5,47.53,8.92,228.73000000000002
OI000000787,O001280,P000946,1,1945.74,351.66,1594.08
OI000000788,O002430,P000245,9,430.92,26.61,3851.67
OI000000789,O001263,P000114,10,133.13,13.14,1318.1599999999999
OI000000790,O000009,P000619,6,1009.05,180.8,5873.499999999999
OI000000791,O002225,P000168,9,139.17,14.77,1237.76
OI000000792,O000393,P000964,5,160.72,44.78,758.82
OI000000793,O000316,P000346,2,1842.42,50.57,3634.27
OI000000794,O002760,P000580,10,1016.39,193.05,9970.85
OI000000795,O002224,P000930,10,1105.71,64.41,10992.69
OI000000796,O002686,P000903,7,1205.79,316.22,8124.309999999999
OI000000797,O000724,P000182,1,1372.23,267.12,1105.1100000000001
OI000000798,O001469,P000872,6,1307.54,365.23,7480.01
OI000000799,O000790,P000452,10,117.57,32.51,1143.1899999999998
OI000000800,O000066,P000273,10,1666.56,295.9,16369.699999999999
OI000000801,O001697,P000470,2,505.16,102.25,908.07
OI000000802,O002545,P000050,3,563.1,148.16,1541.14
OI000000803,O002590,P000435,7,31.91,0.76,222.61
OI000000804,O001203,P000074,8,254.86,29.88,2009.0
OI000000805,O000205,P000582,4,982.67,19.96,3910.72
OI000000806,O001675,P000718,1,1719.5,385.34,1334.16
OI000000807,O000283,P000416,3,1137.53,309.94,3102.65
OI000000808,O001883,P000390,3,758.72,165.43,2110.73
OI000000809,O000499,P000050,5,563.1,162.86,2652.64
OI000000810,O001213,P000549,1,1789.52,235.92,1553.6
OI000000811,O002239,P000862,6,1783.07,106.92,10591.5
OI000000812,O002587,P000515,8,153.98,7.49,1224.35
OI000000813,O001855,P000779,9,1324.14,183.73,11733.53
OI000000814,O001004,P000099,8,1700.25,197.8,13404.2
OI000000815,O002147,P000330,8,321.48,20.92,2550.92
OI000000816,O002027,P000194,10,1736.61,500.44,16865.66
OI000000817,O002914,P000971,7,444.87,44.62,3069.4700000000003
OI000000818,O002682,P000857,5,1910.95,330.89,9223.86
OI000000819,O002748,P000813,4,156.58,22.52,603.8000000000001
OI000000820,O002745,P000999,3,1761.88,307.9,4977.740000000001
OI000000821,O002499,P000330,8,321.48,89.12,2482.7200000000003
OI000000822,O000159,P000405,6,316.12,15.18,1881.54
OI000000823,O002705,P000954,9,1799.27,1.93,16191.5
OI000000824,O000225,P000069,2,810.99,223.74,1398.24
OI000000825,O001459,P000843,3,304.52,34.25,879.31
OI000000826,O000120,P000158,3,1994.69,115.77,5868.299999999999
OI000000827,O001090,P000859,1,1721.38,175.87,1545.5100000000002
OI000000828,O000139,P000254,7,972.14,1.67,6803.3099999999995
OI000000829,O001580,P000218,2,1997.53,562.29,3432.77
OI000000830,O002415,P000535,4,691.04,93.58,2670.58
OI000000831,O000345,P000705,1,335.71,19.49,316.21999999999997
OI000000832,O002006,P000981,2,1764.41,108.77,3420.05
OI000000833,O002894,P000097,7,1499.25,113.93,10380.82
OI000000834,O002838,P000127,8,94.06,3.97,748.51
OI000000835,O001360,P000331,10,1444.86,51.61,14396.989999999998
OI000000836,O002656,P000093,5,1669.16,356.28,7989.520000000001
OI000000837,O000712,P000341,1,15.39,1.63,13.760000000000002
OI000000838,O001678,P000674,1,1151.2,31.68,1119.52
OI000000839,O002907,P000462,3,1819.98,66.35,5393.59
OI000000840,O000366,P000247,9,1979.0,52.99,17758.01
OI000000841,O002765,P000884,8,592.0,4.92,4731.08
OI000000842,O001439,P000646,10,1100.42,202.37,10801.83
OI000000843,O001900,P000645,10,1972.5,88.97,19636.03
OI000000844,O002301,P000521,5,1007.35,122.08,4914.67
OI000000845,O000470,P000736,7,365.23,64.43,2492.1800000000003
OI000000846,O000345,P000115,8,37.57,8.82,291.74
OI000000847,O000657,P000890,10,347.96,14.46,3465.14
OI000000848,O002157,P000200,8,1368.99,346.9,10605.02
OI000000849,O000885,P000448,6,163.42,46.04,934.48
OI000000850,O000613,P000488,5,1839.36,123.84,9072.96
OI000000851,O000183,P000646,8,1100.42,225.22,8578.140000000001
OI000000852,O002670,P000905,6,354.74,87.39,2041.05
OI000000853,O001105,P000007,8,405.69,53.63,3191.89
OI000000854,O000573,P000847,10,197.07,1.47,1969.2299999999998
OI000000855,O000836,P000034,4,1185.61,308.06,4434.379999999999
OI000000856,O002507,P000198,1,1826.72,326.39,1500.33
OI000000857,O002251,P000211,1,524.47,148.2,376.27000000000004
OI000000858,O000324,P000045,10,1873.28,19.46,18713.34
OI000000859,O000753,P000246,4,818.96,225.56,3050.28
OI000000860,O001966,P000943,4,1140.36,44.12,4517.32
OI000000861,O001409,P000254,9,972.14,278.29,8470.97
OI000000862,O000115,P000855,8,1185.68,293.66,9191.78
OI000000863,O000687,P000120,1,18.57,1.3,17.27
OI000000864,O001988,P000773,2,929.87,260.69,1599.05
OI000000865,O000373,P000557,8,37.77,4.74,297.42
OI000000866,O002099,P000664,7,58.71,2.73,408.24
OI000000867,O002222,P000485,7,941.85,223.17,6369.78
OI000000868,O002482,P000483,7,779.77,197.61,5260.78
OI000000869,O001548,P000923,3,286.61,73.58,786.25
OI000000870,O002212,P000197,3,374.57,16.06,1107.65
OI000000871,O002264,P000309,9,1158.95,206.22,10224.330000000002
OI000000872,O002760,P000089,9,1258.98,235.69,11095.13
OI000000873,O002131,P000636,3,269.04,33.76,773.3600000000001
OI000000874,O000603,P000872,8,1307.54,23.22,10437.1
OI000000875,O000776,P000158,2,1994.69,526.0,3463.38
OI000000876,O002647,P000180,8,922.37,69.8,7309.16
OI000000877,O002905,P000552,7,682.23,18.76,4756.85
OI000000878,O001735,P000677,9,939.01,180.08,8271.01
OI000000879,O001575,P000837,4,1155.87,70.18,4553.299999999999
OI000000880,O002120,P000671,8,301.49,4.13,2407.79
OI000000881,O001849,P000118,7,1067.21,21.02,7449.45
OI000000882,O001216,P000706,7,1978.74,136.99,13714.19
OI000000883,O001345,P000122,8,1945.52,253.27,15310.89
OI000000884,O001068,P000840,6,51.08,12.32,294.16
OI000000885,O000096,P000168,5,139.17,17.16,678.6899999999999
OI000000886,O002308,P000385,10,1874.09,224.46,18516.44
OI000000887,O002711,P000761,5,198.42,0.98,991.1199999999999
OI000000888,O002125,P000837,6,1155.87,285.57,6649.65
OI000000889,O002362,P000620,10,1248.68,178.46,12308.340000000002
OI000000890,O001043,P000290,1,271.21,22.93,248.27999999999997
OI000000891,O002461,P000540,5,531.52,16.12,2641.48
OI000000892,O000600,P000268,2,796.4,236.06,1356.74
OI000000893,O001272,P000550,9,110.91,3.1,995.0899999999999
OI000000894,O002250,P000598,1,649.92,82.86,567.06
OI000000895,O000634,P000487,4,1467.14,201.62,5666.9400000000005
OI000000896,O000862,P000074,4,254.86,43.79,975.6500000000001
OI000000897,O001553,P000317,3,409.42,64.32,1163.94
OI000000898,O000450,P000708,6,163.15,40.94,937.96
OI000000899,O000683,P000663,2,416.43,104.98,727.88
OI000000900,O002789,P000173,9,1705.15,134.61,15211.74
OI000000901,O000422,P000771,10,1098.48,32.8,10952.0
OI000000902,O001526,P000557,1,37.77,1.15,36.620000000000005
OI000000903,O001031,P000577,6,18.66,3.82,108.14000000000001
OI000000904,O000944,P000820,2,440.62,99.5,781.74
OI000000905,O001003,P000751,2,408.73,91.5,725.96
OI000000906,O000036,P000998,3,1771.97,348.02,4967.889999999999
OI000000907,O000221,P000411,2,798.36,0.09,1596.63
OI000000908,O000686,P000995,2,952.7,138.6,1766.8000000000002
OI000000909,O001718,P000393,7,39.16,7.3,266.82
OI000000910,O000739,P000190,3,560.65,76.07,1605.8799999999999
OI000000911,O000118,P000134,4,1280.87,209.33,4914.15
OI000000912,O000939,P000365,8,47.53,8.53,371.71000000000004
OI000000913,O000185,P000858,3,1053.91,209.47,2952.2600000000007
OI000000914,O002439,P000546,5,1154.69,43.59,5729.860000000001
OI000000915,O001768,P000930,1,1105.71,155.96,949.75
OI000000916,O000902,P000722,4,455.23,67.89,1753.03
OI000000917,O002007,P000800,1,1455.26,34.05,1421.21
OI000000918,O001638,P000256,5,91.68,19.18,439.22
OI000000919,O000776,P000266,9,1275.51,334.38,11145.210000000001
OI000000920,O002502,P000293,2,1434.85,346.28,2523.42
OI000000921,O002770,P000978,7,618.23,41.04,4286.570000000001
OI000000922,O001953,P000148,1,1228.6,85.65,1142.9499999999998
OI000000923,O002541,P000252,8,197.08,22.5,1554.14
OI000000924,O000467,P000359,10,17.82,5.17,173.03
OI000000925,O000244,P000613,4,405.81,14.07,1609.17
OI000000926,O001782,P000087,1,437.07,101.67,335.4
OI000000927,O000166,P000633,9,1471.94,49.7,13197.76
OI000000928,O002203,P000753,2,691.62,25.47,1357.77
OI000000929,O000387,P000999,1,1761.88,452.77,1309.1100000000001
OI000000930,O001315,P000959,1,1273.64,187.97,1085.67
OI000000931,O000106,P000508,6,882.84,192.54,5104.5
OI000000932,O002790,P000858,9,1053.91,149.4,9335.79
OI000000933,O002933,P000959,10,1273.64,151.0,12585.400000000001
OI000000934,O001929,P000803,3,282.39,56.75,790.42
OI000000935,O001413,P000783,4,1511.59,410.13,5636.23
OI000000936,O001911,P000595,2,1528.15,97.16,2959.1400000000003
OI000000937,O000503,P000946,1,1945.74,327.38,1618.3600000000001
OI000000938,O002329,P000724,6,444.71,40.71,2627.5499999999997
OI000000939,O001143,P000654,9,755.13,214.13,6582.04
OI000000940,O002156,P000554,9,1891.17,219.05,16801.48
OI000000941,O001387,P000148,7,1228.6,57.69,8542.509999999998
OI000000942,O002105,P000648,10,1706.26,322.22,16740.379999999997
OI000000943,O001414,P000392,1,1336.87,180.71,1156.1599999999999
OI000000944,O001305,P000464,8,1269.9,150.97,10008.230000000001
OI000000945,O000019,P000294,1,676.78,141.86,534.92
OI000000946,O001816,P000971,9,444.87,102.66,3901.17
OI000000947,O000653,P000325,3,76.46,10.52,218.85999999999999
OI000000948,O001891,P000314,6,1319.43,246.85,7669.73
OI000000949,O000310,P000831,1,1512.11,453.12,1058.9899999999998
OI000000950,O000234,P000060,9,1525.07,304.18,13421.449999999999
OI000000951,O002915,P000138,7,742.8,222.48,4977.12
OI000000952,O001288,P000215,10,1358.6,235.06,13350.94
OI000000953,O002891,P000879,9,1178.98,326.54,10284.279999999999
OI000000954,O002171,P000276,9,135.17,34.11,1182.42
OI000000955,O002565,P000295,1,813.42,50.88,762.54
OI000000956,O002152,P000618,1,1231.99,263.89,968.1
OI000000957,O000627,P000488,1,1839.36,431.52,1407.84
OI000000958,O000811,P000525,8,1189.62,98.73,9418.23
OI000000959,O002312,P000844,4,459.84,44.29,1795.07
OI000000960,O002126,P000348,8,1313.62,334.33,10174.63
OI000000961,O002196,P000879,3,1178.98,164.27,3372.67
OI000000962,O001599,P000079,10,475.92,68.95,4690.25
OI000000963,O002839,P000367,5,256.53,62.17,1220.4799999999998
OI000000964,O002417,P000843,3,304.52,52.88,860.68
OI000000965,O002391,P000965,5,549.05,58.43,2686.82
OI000000966,O002647,P000874,6,1778.8,223.87,10448.929999999998
OI000000967,O001585,P000069,6,810.99,185.39,4680.55
OI000000968,O001454,P000331,10,1444.86,402.44,14046.159999999998
OI000000969,O001084,P000141,2,1728.79,445.92,3011.66
OI000000970,O001768,P000404,3,39.18,7.01,110.52999999999999
OI000000971,O000071,P000602,5,668.37,56.73,3285.12
OI000000972,O002663,P000536,8,470.49,62.07,3701.85
OI000000973,O002471,P000133,3,1130.53,63.37,3328.2200000000003
OI000000974,O001850,P000792,1,108.82,31.11,77.71
OI000000975,O001837,P000350,6,190.6,36.62,1106.98
OI000000976,O001246,P000938,10,788.58,100.79,7785.01
OI000000977,O000284,P000121,3,1866.2,318.43,5280.17
OI000000978,O002264,P000273,4,1666.56,312.98,6353.26
OI000000979,O002455,P000576,5,1838.36,318.25,8873.55
OI000000980,O001569,P000522,6,939.16,246.8,5388.16
OI000000981,O002007,P000520,3,809.94,85.5,2344.32
OI000000982,O002281,P000640,7,389.41,12.85,2713.0200000000004
OI000000983,O001563,P000790,8,360.44,7.11,2876.41
OI000000984,O002763,P000999,6,1761.88,226.63,10344.650000000001
OI000000985,O001650,P000159,1,761.6,199.77,561.83
OI000000986,O002198,P000138,8,742.8,222.48,5719.92
OI000000987,O000914,P000075,8,1725.0,199.29,13600.71
OI000000988,O000390,P000576,6,1838.36,421.21,10608.95
OI000000989,O002109,P000906,6,661.16,140.99,3825.9700000000003
OI000000990,O002060,P000818,10,82.46,1.13,823.4699999999999
OI000000991,O001985,P000553,1,1099.35,168.75,930.5999999999999
OI000000992,O001781,P000226,6,661.78,3.36,3967.3199999999997
OI000000993,O001952,P000236,5,631.33,28.84,3127.81
OI000000994,O002918,P000395,1,288.86,34.83,254.03000000000003
OI000000995,O001750,P000419,6,480.64,21.8,2862.04
OI000000996,O002151,P000389,6,639.01,47.08,3786.98
OI000000997,O001960,P000805,5,43.34,8.12,208.58
OI000000998,O002134,P000740,4,222.9,6.65,884.95
OI000000999,O000216,P000979,9,1379.64,265.1,12151.66
OI000001000,O002289,P000116,4,623.48,92.04,2401.88
OI000001001,O000296,P000063,10,211.84,33.1,2085.3
OI000001002,O002474,P000783,8,1511.59,359.47,11733.25
OI000001003,O001176,P000054,2,1664.6,490.99,2838.21
OI000001004,O000190,P000320,5,1011.98,203.36,4856.54
OI000001005,O000514,P000528,1,1159.69,288.32,871.3700000000001
OI000001006,O000917,P000294,8,676.78,120.21,5294.03
OI000001007,O000065,P000309,7,1158.95,48.67,8063.9800000000005
OI000001008,O002513,P000273,9,1666.56,417.44,14581.599999999999
OI000001009,O001954,P000343,8,1869.22,245.26,14708.5
OI000001010,O001654,P000576,4,1838.36,274.09,7079.349999999999
OI000001011,O001372,P000143,8,898.04,94.92,7089.4
OI000001012,O001636,P000017,6,449.39,33.73,2662.61
OI000001013,O002988,P000450,8,793.14,232.63,6112.49
OI000001014,O001955,P000522,6,939.16,21.1,5613.86
OI000001015,O000496,P000451,5,1164.33,117.87,5703.78
OI000001016,O001100,P000475,3,769.99,48.0,2261.9700000000003
OI000001017,O000734,P000070,8,1035.7,106.56,8179.04
OI000001018,O000624,P000556,8,542.14,73.61,4263.51
OI000001019,O001207,P000723,4,1384.13,219.87,5316.650000000001
OI000001020,O001627,P000529,6,923.0,107.42,5430.58
OI000001021,O000016,P000121,3,1866.2,478.34,5120.26
OI000001022,O002167,P000710,10,1371.3,295.89,13417.11
OI000001023,O000117,P000165,2,1110.52,122.91,2098.13
OI000001024,O002400,P000780,10,930.67,74.34,9232.359999999999
OI000001025,O000233,P000903,2,1205.79,264.64,2146.94
OI000001026,O000040,P000659,1,181.9,47.56,134.34
OI000001027,O001895,P000744,7,824.67,178.09,5594.599999999999
OI000001028,O001030,P000114,4,133.13,14.46,518.06
OI000001029,O002539,P000309,6,1158.95,37.19,6916.510000000001
OI000001030,O002214,P000255,3,1148.08,197.86,3246.3799999999997
OI000001031,O001355,P000348,2,1313.62,9.76,2617.4799999999996
OI000001032,O000093,P000025,5,206.32,36.55,995.05
OI000001033,O002077,P000883,2,1104.69,18.72,2190.6600000000003
OI000001034,O002771,P000742,10,319.51,36.68,3158.42
OI000001035,O002580,P000369,8,1463.28,390.88,11315.36
OI000001036,O002606,P000394,8,1813.72,77.64,14432.12
OI000001037,O000191,P000955,6,1153.35,60.2,6859.9
OI000001038,O002601,P000417,7,460.04,15.86,3204.42
OI000001039,O000515,P000835,2,1852.55,82.22,3622.88
OI000001040,O000353,P000211,5,524.47,85.39,2536.9600000000005
OI000001041,O001935,P000468,4,1513.53,26.38,6027.74
OI000001042,O002592,P000644,6,189.11,31.06,1103.6000000000001
OI000001043,O000002,P000085,3,311.52,88.72,845.8399999999999
OI000001044,O002808,P000136,6,1094.77,191.24,6377.38
OI000001045,O002754,P000018,10,9.09,0.57,90.33000000000001
OI000001046,O001900,P000677,7,939.01,259.29,6313.78
OI000001047,O002330,P000301,6,869.74,169.52,5048.92
OI000001048,O002493,P000662,7,1396.89,226.47,9551.760000000002
OI000001049,O002406,P000106,7,654.84,161.16,4422.72
OI000001050,O001648,P000113,1,1736.82,344.23,1392.59
OI000001051,O002083,P000335,6,225.93,19.86,1335.72
OI000001052,O001153,P000624,10,401.33,63.39,3949.91
OI000001053,O000385,P000891,10,1668.5,303.9,16381.1
OI000001054,O002098,P000725,3,1732.02,146.05,5050.009999999999
OI000001055,O002597,P000327,3,1741.17,511.26,4712.25
OI000001056,O000608,P000493,2,1855.43,196.71,3514.15
OI000001057,O002493,P000798,10,257.74,12.31,2565.09
OI000001058,O002581,P000374,2,500.89,60.32,941.4599999999999
OI000001059,O000153,P000244,2,1072.6,40.17,2105.0299999999997
OI000001060,O002615,P000628,7,251.53,2.38,1758.33
OI000001061,O000933,P000412,10,1511.32,418.43,14694.769999999999
OI000001062,O002469,P000805,7,43.34,2.39,300.99
OI000001063,O001647,P000758,2,20.98,1.09,40.87
OI000001064,O001376,P000975,6,197.12,49.22,1133.5
OI000001065,O001747,P000558,4,700.68,95.63,2707.0899999999997
OI000001066,O000883,P000514,3,919.74,140.46,2618.76
OI000001067,O001862,P000391,6,1505.24,158.6,8872.84
OI000001068,O002877,P000515,3,153.98,34.93,427.00999999999993
OI000001069,O000941,P000984,9,116.44,18.56,1029.4
OI000001070,O000964,P000227,5,544.88,106.31,2618.09
OI000001071,O001965,P000964,7,160.72,5.93,1119.11
OI000001072,O000254,P000798,3,257.74,68.19,705.03
OI000001073,O000590,P000150,2,1591.64,416.18,2767.1000000000004
OI000001074,O001816,P000611,1,512.0,135.45,376.55
OI000001075,O000620,P000811,8,106.61,16.93,835.95
OI000001076,O001542,P000174,10,3.71,1.1,36.0
OI000001077,O001990,P000636,4,269.04,47.17,1028.99
OI000001078,O001585,P000590,4,1278.55,43.84,5070.36
OI000001079,O000298,P000991,8,859.29,234.5,6639.82
OI000001080,O002608,P000703,5,1588.79,218.85,7725.099999999999
OI000001081,O002979,P000852,6,1388.94,164.92,8168.719999999999
OI000001082,O000141,P000709,4,1469.08,160.38,5715.94
OI000001083,O001883,P000597,7,1891.26,308.9,12929.92
OI000001084,O001815,P000808,9,254.28,74.03,2214.49
OI000001085,O000821,P000065,1,509.27,148.51,360.76
OI000001086,O002095,P000672,8,574.61,19.8,4577.08
OI000001087,O001344,P000180,8,922.37,271.52,7107.4400000000005
OI000001088,O002437,P000731,5,448.45,23.69,2218.56
OI000001089,O002333,P000753,5,691.62,62.08,3396.02
OI000001090,O001336,P000028,8,1328.0,46.59,10577.41
OI000001091,O000268,P000983,9,813.84,209.15,7115.410000000001
OI000001092,O001338,P000312,10,766.77,3.58,7664.12
OI000001093,O002460,P000098,9,1762.8,387.06,15478.14
OI000001094,O000177,P000769,4,761.24,109.41,2935.55
OI000001095,O002017,P000891,4,1668.5,258.05,6415.95
OI000001096,O000024,P000635,1,794.9,226.58,568.3199999999999
OI000001097,O001325,P000506,9,281.96,44.86,2492.7799999999997
OI000001098,O002351,P001000,4,191.78,37.02,730.1
OI000001099,O002709,P000733,5,393.68,41.27,1927.13
OI000001100,O001142,P000667,6,301.01,49.54,1756.52
OI000001101,O002494,P000094,7,477.6,33.57,3309.63
OI000001102,O000337,P000524,5,705.15,124.85,3400.9
OI000001103,O001248,P000973,2,1012.91,132.59,1893.23
OI000001104,O000009,P000447,8,601.01,5.8,4802.28
OI000001105,O000183,P000430,2,32.92,6.57,59.27
OI000001106,O000308,P000830,3,1444.33,37.21,4295.78
OI000001107,O000783,P000782,1,188.19,14.89,173.3
OI000001108,O001385,P000358,4,500.38,24.84,1976.68
OI000001109,O000374,P000174,7,3.71,0.85,25.119999999999997
OI000001110,O000709,P000463,6,1051.21,44.41,6262.85
OI000001111,O001892,P000385,9,1874.09,525.66,16341.149999999998
OI000001112,O002756,P000300,2,47.94,3.32,92.56
OI000001113,O001275,P000742,9,319.51,7.09,2868.5
OI000001114,O002181,P000258,1,907.59,78.77,828.82
OI000001115,O002590,P000009,7,1829.84,132.64,12676.24
OI000001116,O000019,P000816,5,1126.29,239.06,5392.389999999999
OI000001117,O001381,P000622,4,371.41,35.72,1449.92
OI000001118,O002133,P000255,3,1148.08,119.94,3324.2999999999997
OI000001119,O002441,P000833,4,269.1,20.57,1055.8300000000002
OI000001120,O000735,P000728,9,1285.83,275.34,11297.13
OI000001121,O002961,P000391,2,1505.24,189.03,2821.45
OI000001122,O000823,P000978,9,618.23,49.39,5514.679999999999
OI000001123,O000481,P000444,3,777.75,89.26,2243.99
OI000001124,O002896,P000731,5,448.45,47.32,2194.93
OI000001125,O000885,P000442,1,120.29,25.83,94.46000000000001
OI000001126,O000862,P000710,9,1371.3,314.82,12026.88
OI000001127,O000767,P000493,6,1855.43,159.96,10972.62
OI000001128,O000656,P000913,3,1745.3,517.19,4718.709999999999
OI000001129,O001430,P000656,4,1844.7,389.6,6989.2
OI000001130,O000537,P000975,3,197.12,55.38,535.98
OI000001131,O001542,P000989,10,871.35,201.67,8511.83
OI000001132,O000368,P000682,9,1446.05,258.98,12755.47
OI000001133,O000213,P000810,10,6.44,1.78,62.620000000000005
OI000001134,O002780,P000851,10,213.39,46.92,2086.9799999999996
OI000001135,O001926,P000264,4,336.58,43.27,1303.05
OI000001136,O000343,P000146,5,710.88,107.88,3446.52
OI000001137,O002669,P000126,2,602.62,172.99,1032.25
OI000001138,O001091,P000608,5,1748.7,73.99,8669.51
OI000001139,O000706,P000420,3,1735.81,78.25,5129.18
OI000001140,O001463,P000926,2,1091.53,101.63,2081.43
OI000001141,O000464,P000463,2,1051.21,313.62,1788.8000000000002
OI000001142,O001626,P000082,2,384.31,40.78,727.84
OI000001143,O002992,P000614,3,1211.22,111.5,3522.16
OI000001144,O000552,P000263,10,222.37,26.23,2197.47
OI000001145,O002503,P000638,8,303.17,57.13,2368.23
OI000001146,O000096,P000826,9,623.78,91.35,5522.669999999999
OI000001147,O002988,P000797,10,1511.81,66.38,15051.72
OI000001148,O000760,P000584,6,1474.96,314.62,8535.14
OI000001149,O002384,P000166,8,1189.26,221.05,9293.03
OI000001150,O002581,P000733,10,393.68,90.2,3846.6000000000004
OI000001151,O000249,P000508,6,882.84,258.79,5038.25
OI000001152,O000699,P000291,2,1717.2,235.84,3198.56
OI000001153,O001649,P000869,7,279.78,80.34,1878.12
OI000001154,O001088,P000534,5,1699.3,143.9,8352.6
OI000001155,O002054,P000420,8,1735.81,414.41,13472.07
OI000001156,O000623,P000198,10,1826.72,442.76,17824.440000000002
OI000001157,O002097,P000239,9,1699.59,97.26,15199.05
OI000001158,O000309,P000718,3,1719.5,143.3,5015.2
OI000001159,O001131,P000082,1,384.31,107.19,277.12
OI000001160,O000382,P000288,10,997.91,95.03,9884.07
OI000001161,O000930,P000772,10,545.84,88.84,5369.56
OI000001162,O000718,P000487,7,1467.14,241.88,10028.100000000002
OI000001163,O001395,P000520,2,809.94,133.54,1486.3400000000001
OI000001164,O001385,P000956,1,24.75,6.11,18.64
OI000001165,O000883,P000759,2,80.17,4.24,156.1
OI000001166,O000041,P000794,1,415.67,2.37,413.3
OI000001167,O002759,P000050,5,563.1,153.03,2662.47
OI000001168,O000250,P000547,9,122.18,6.63,1092.99
OI000001169,O000386,P000953,8,452.68,47.41,3574.03
OI000001170,O000063,P000936,10,585.84,27.55,5830.85
OI000001171,O002126,P000421,9,1469.57,245.35,12980.779999999999
OI000001172,O000328,P000566,6,1883.35,389.78,10910.319999999998
OI000001173,O000705,P000355,2,1953.77,467.55,3439.99
OI000001174,O001287,P000614,4,1211.22,23.69,4821.1900000000005
OI000001175,O000219,P000217,8,1403.4,106.77,11120.43
OI000001176,O000113,P000800,4,1455.26,404.94,5416.1
OI000001177,O001230,P000433,4,353.66,30.87,1383.7700000000002
OI000001178,O002906,P000147,6,45.28,12.13,259.55
OI000001179,O000878,P000783,4,1511.59,39.69,6006.67
OI000001180,O001780,P000025,8,206.32,31.3,1619.26
OI000001181,O002120,P000746,8,577.19,51.79,4565.7300000000005
OI000001182,O002782,P000381,4,539.13,39.83,2116.69
OI000001183,O001171,P000249,1,1700.31,439.46,1260.85
OI000001184,O000622,P000319,9,1662.56,234.23,14728.81
OI000001185,O000985,P000004,10,971.97,246.54,9473.16
OI000001186,O002063,P000737,3,482.37,58.02,1389.0900000000001
OI000001187,O001678,P000733,8,393.68,110.59,3038.85
OI000001188,O002795,P000196,9,232.25,30.74,2059.51
OI000001189,O000711,P000276,8,135.17,28.37,1052.99
OI000001190,O002359,P000392,6,1336.87,46.98,7974.24
OI000001191,O000813,P000973,2,1012.91,215.71,1810.11
OI000001192,O001121,P000005,1,1877.25,132.77,1744.48
OI000001193,O000998,P000288,6,997.91,76.04,5911.42
OI000001194,O002458,P000088,10,316.13,79.14,3082.1600000000003
OI000001195,O001697,P000716,8,223.06,58.03,1726.45
OI000001196,O001325,P000904,10,483.23,134.44,4697.860000000001
OI000001197,O000994,P000288,4,997.91,132.3,3859.3399999999997
OI000001198,O002294,P000549,8,1789.52,401.57,13914.59
OI000001199,O002745,P000669,7,709.86,17.43,4951.59
OI000001200,O000315,P000243,1,297.92,33.47,264.45000000000005
OI000001201,O001962,P000762,6,1859.39,478.54,10677.8
OI000001202,O002071,P000618,8,1231.99,36.16,9819.76
OI000001203,O002169,P000766,2,229.31,24.15,434.47
OI000001204,O002235,P000753,10,691.62,96.06,6820.139999999999
OI000001205,O001144,P000247,10,1979.0,282.71,19507.29
OI000001206,O002328,P000503,3,460.81,49.06,1333.3700000000001
OI000001207,O002403,P000504,2,1701.63,441.66,2961.6000000000004
OI000001208,O002006,P000357,6,1755.07,86.87,10443.55
OI000001209,O001747,P000690,2,294.63,1.56,587.7
OI000001210,O000297,P000499,7,253.05,4.8,1766.5500000000002
OI000001211,O000430,P000716,9,223.06,54.83,1952.71
OI000001212,O002261,P000669,2,709.86,162.41,1257.31
OI000001213,O001496,P000956,6,24.75,2.67,145.83
OI000001214,O002777,P000394,7,1813.72,525.39,12170.650000000001
OI000001215,O001047,P000612,3,120.35,1.93,359.11999999999995
OI000001216,O002994,P000519,8,1435.63,230.73,11254.310000000001
OI000001217,O001879,P000594,3,1038.1,159.09,2955.2099999999996
OI000001218,O002816,P000958,6,1533.89,368.91,8834.43
OI000001219,O001770,P000476,6,119.95,9.3,710.4000000000001
OI000001220,O001934,P000893,8,156.29,44.83,1205.49
OI000001221,O001843,P000363,1,284.75,77.86,206.89
OI000001222,O001012,P000446,7,1640.14,225.62,11255.36
OI000001223,O002360,P000149,9,21.16,5.06,185.38
OI000001224,O002407,P000377,9,561.23,41.29,5009.78
OI000001225,O002587,P000644,3,189.11,47.24,520.09
OI000001226,O001724,P000364,9,622.58,126.52,5476.7
OI000001227,O000015,P000386,3,242.92,34.74,694.02
OI000001228,O002208,P000928,3,1542.52,419.57,4207.99
OI000001229,O001329,P000755,9,439.64,131.62,3825.14
OI000001230,O000022,P000293,3,1434.85,313.54,3991.0099999999993
OI000001231,O000660,P000503,10,460.81,47.38,4560.72
OI000001232,O002514,P000064,9,1406.61,156.59,12502.9
OI000001233,O000019,P000832,6,197.18,46.75,1136.33
OI000001234,O002520,P000029,9,1194.26,76.86,10671.48
OI000001235,O001341,P000032,10,671.75,147.18,6570.32
OI000001236,O000613,P000078,4,1648.51,220.72,6373.32
OI000001237,O000853,P000704,2,431.83,65.88,797.78
OI000001238,O001478,P000918,6,284.36,50.06,1656.1000000000001
OI000001239,O000931,P000800,7,1455.26,286.29,9900.529999999999
OI000001240,O002870,P000998,5,1771.97,150.41,8709.44
OI000001241,O001168,P000739,6,172.97,48.15,989.67
OI000001242,O000489,P000971,6,444.87,115.76,2553.46
OI000001243,O000094,P000300,8,47.94,4.82,378.7
OI000001244,O000257,P000951,3,85.6,4.68,252.11999999999995
OI000001245,O002012,P000679,2,1280.62,372.12,2189.12
OI000001246,O000063,P000466,2,182.23,30.63,333.83
OI000001247,O001048,P000712,3,27.1,4.33,76.97000000000001
OI000001248,O002597,P000557,5,37.77,4.93,183.92000000000002
OI000001249,O002218,P000268,6,796.4,5.72,4772.679999999999
OI000001250,O002902,P000580,7,1016.39,71.53,7043.2
OI000001251,O001901,P000910,2,360.6,25.18,696.0200000000001
OI000001252,O002552,P000633,8,1471.94,418.64,11356.880000000001
OI000001253,O000927,P000008,7,1423.64,338.86,9626.62
OI000001254,O002807,P000126,2,602.62,51.09,1154.15
OI000001255,O001293,P000615,5,811.64,32.07,4026.1299999999997
OI000001256,O000601,P000902,5,493.12,86.23,2379.37
OI000001257,O001581,P000326,6,1654.72,179.13,9749.19
OI000001258,O001126,P000377,5,561.23,69.42,2736.73
OI000001259,O000604,P000897,7,1561.8,383.64,10548.960000000001
OI000001260,O000956,P000475,2,769.99,130.55,1409.43
OI000001261,O002981,P000488,8,1839.36,162.51,14552.369999999999
OI000001262,O001494,P000290,10,271.21,36.51,2675.5899999999997
OI000001263,O002876,P000889,1,889.74,237.93,651.81
OI000001264,O000275,P000323,7,964.93,177.65,6576.86
OI000001265,O001973,P000062,5,512.56,62.54,2500.2599999999998
OI000001266,O001455,P000067,1,624.13,30.04,594.09
OI000001267,O002718,P000959,10,1273.64,288.88,12447.520000000002
OI000001268,O001263,P000082,3,384.31,27.2,1125.73
OI000001269,O000129,P000916,10,382.73,50.82,3776.48
OI000001270,O000544,P000638,4,303.17,67.66,1145.02
OI000001271,O002167,P000832,4,197.18,52.51,736.21
OI000001272,O000091,P000940,9,122.74,35.76,1068.8999999999999
OI000001273,O000650,P000914,4,1300.83,154.06,5049.259999999999
OI000001274,O001488,P000278,3,315.76,85.58,861.6999999999999
OI000001275,O001473,P000157,1,1411.2,344.17,1067.03
OI000001276,O000315,P000494,7,1011.4,222.39,6857.41
OI000001277,O001397,P000076,5,1993.18,522.39,9443.51
OI000001278,O002577,P000615,5,811.64,82.9,3975.2999999999997
OI000001279,O001950,P000414,9,131.02,16.79,1162.39
OI000001280,O001952,P000403,9,1448.48,344.28,12692.039999999999
OI000001281,O000107,P000161,1,273.91,2.39,271.52000000000004
OI000001282,O002611,P000792,3,108.82,5.47,320.98999999999995
OI000001283,O001252,P000727,2,692.57,22.73,1362.41
OI000001284,O002083,P000308,1,1925.87,17.78,1908.09
OI000001285,O000639,P000652,9,1405.91,388.33,12264.86
OI000001286,O001028,P000637,10,816.43,171.13,7993.169999999999
OI000001287,O000873,P000797,9,1511.81,221.89,13384.4
OI000001288,O001786,P000030,1,1474.37,167.35,1307.02
OI000001289,O002222,P000289,5,1937.94,414.48,9275.220000000001
OI000001290,O002392,P000990,10,375.59,87.25,3668.6499999999996
OI000001291,O000615,P000201,5,1143.59,138.74,5579.21
OI000001292,O000887,P000125,10,563.96,0.63,5638.97
OI000001293,O001557,P000826,5,623.78,173.3,2945.5999999999995
OI000001294,O001215,P000767,10,1966.38,460.89,19202.910000000003
OI000001295,O001485,P000416,8,1137.53,234.33,8865.91
OI000001296,O000707,P000442,9,120.29,22.31,1060.3000000000002
OI000001297,O000071,P000676,1,91.61,5.84,85.77
OI000001298,O002644,P000750,8,765.43,35.99,6087.45
OI000001299,O002322,P000646,6,1100.42,195.02,6407.5
OI000001300,O002713,P000515,10,153.98,11.89,1527.9099999999999
OI000001301,O001055,P000161,9,273.91,44.52,2420.67
OI000001302,O002413,P000868,4,1467.0,197.25,5670.75
OI000001303,O001265,P000823,2,760.05,220.36,1299.7399999999998
OI000001304,O002799,P000964,7,160.72,16.5,1108.54
OI000001305,O000720,P000726,7,928.18,207.45,6289.8099999999995
OI000001306,O001023,P000214,6,24.93,1.63,147.95
OI000001307,O002329,P000155,3,1456.93,254.39,4116.4
OI000001308,O001659,P000605,4,1505.93,79.88,5943.84
OI000001309,O002002,P000791,6,210.89,25.93,1239.4099999999999
OI000001310,O002189,P000356,9,254.34,13.06,2276.0
OI000001311,O002508,P000492,5,1144.18,278.05,5442.85
OI000001312,O002683,P000666,6,928.08,254.24,5314.240000000001
OI000001313,O001566,P000170,8,808.52,71.54,6396.62
OI000001314,O000351,P000755,4,439.64,43.72,1714.84
OI000001315,O002221,P000029,1,1194.26,2.88,1191.3799999999999
OI000001316,O001221,P000833,2,269.1,17.86,520.34
OI000001317,O001755,P000162,3,140.8,4.88,417.52000000000004
OI000001318,O000662,P000697,9,1507.6,306.82,13261.58
OI000001319,O001645,P000775,9,1026.72,177.02,9063.46
OI000001320,O002577,P000653,3,140.61,15.14,406.69000000000005
OI000001321,O000166,P000939,1,1542.39,21.65,1520.74
OI000001322,O002897,P000936,9,585.84,107.73,5164.830000000001
OI000001323,O002652,P000436,2,1726.17,78.15,3374.19
OI000001324,O002671,P000828,9,1077.5,7.7,9689.8
OI000001325,O001410,P000355,10,1953.77,440.31,19097.39
OI000001326,O001778,P000896,2,61.98,4.37,119.58999999999999
OI000001327,O002261,P000832,8,197.18,31.25,1546.19
OI000001328,O002610,P000024,2,66.96,8.11,125.80999999999999
OI000001329,O002947,P000860,10,729.47,198.01,7096.6900000000005
OI000001330,O001713,P000198,4,1826.72,326.05,6980.83
OI000001331,O000178,P000374,2,500.89,29.52,972.26
OI000001332,O002063,P000276,5,135.17,11.9,663.9499999999999
OI000001333,O002057,P000508,4,882.84,197.4,3333.96
OI000001334,O001178,P000653,3,140.61,22.39,399.44000000000005
OI000001335,O002925,P000079,6,475.92,72.38,2783.14
OI000001336,O001433,P000215,3,1358.6,389.47,3686.33
OI000001337,O000592,P000605,7,1505.93,299.2,10242.31
OI000001338,O000553,P000745,10,1928.84,270.43,19017.969999999998
OI000001339,O001311,P000783,2,1511.59,194.38,2828.7999999999997
OI000001340,O001081,P000777,6,1885.84,52.63,11262.41
OI000001341,O002336,P000134,1,1280.87,220.66,1060.2099999999998
OI000001342,O001979,P000874,3,1778.8,48.41,5287.99
OI000001343,O002838,P000759,6,80.17,11.19,469.83
OI000001344,O002027,P000656,6,1844.7,407.28,10660.92
OI000001345,O002527,P000291,8,1717.2,185.8,13551.800000000001
OI000001346,O001964,P000484,10,768.71,17.07,7670.030000000001
OI000001347,O002237,P000918,1,284.36,60.38,223.98000000000002
OI000001348,O000875,P000448,9,163.42,25.22,1445.56
OI000001349,O000220,P000730,9,1322.13,316.37,11582.800000000001
OI000001350,O000124,P000136,8,1094.77,219.24,8538.92
OI000001351,O002030,P000050,4,563.1,87.05,2165.35
OI000001352,O001260,P000149,6,21.16,1.76,125.2
OI000001353,O000388,P000638,5,303.17,48.74,1467.1100000000001
OI000001354,O002634,P000828,7,1077.5,101.56,7440.94
OI000001355,O001615,P000704,7,431.83,58.29,2964.52
OI000001356,O000205,P000984,8,116.44,19.2,912.3199999999999
OI000001357,O002693,P000720,3,121.26,3.94,359.84000000000003
OI000001358,O000462,P000207,6,1903.85,552.48,10870.619999999999
OI000001359,O000329,P000250,9,191.78,57.09,1668.93
OI000001360,O000590,P000963,2,344.78,51.4,638.16
OI000001361,O001014,P000515,10,153.98,32.38,1507.4199999999998
OI000001362,O002467,P000069,6,810.99,140.57,4725.370000000001
OI000001363,O002912,P000299,10,933.61,272.33,9063.77
OI000001364,O001586,P000483,4,779.77,233.47,2885.61
OI000001365,O001778,P000777,4,1885.84,524.75,7018.61
OI000001366,O000938,P000236,4,631.33,170.92,2354.4
OI000001367,O002698,P000013,3,627.66,188.24,1694.74
OI000001368,O000493,P000749,9,193.78,24.87,1719.15
OI000001369,O000518,P000425,10,416.72,86.9,4080.3000000000006
OI000001370,O000169,P000781,3,220.22,59.79,600.87
OI000001371,O002710,P000297,1,144.92,19.29,125.63
OI000001372,O000039,P000064,7,1406.61,295.05,9551.22
OI000001373,O002372,P000700,3,1213.44,127.51,3512.81
OI000001374,O002964,P000835,10,1852.55,320.15,18205.35
OI000001375,O000756,P000333,9,1755.03,153.65,15641.62
OI000001376,O002163,P000661,1,499.43,110.32,389.11
OI000001377,O000115,P000105,6,780.41,54.21,4628.25
OI000001378,O002332,P000098,1,1762.8,523.63,1239.17
OI000001379,O001492,P000055,4,1701.66,286.87,6519.77
OI000001380,O002208,P000818,7,82.46,0.78,576.4399999999999
OI000001381,O001661,P000378,2,381.87,9.85,753.89
OI000001382,O002550,P000496,5,1057.48,298.38,4989.0199999999995
OI000001383,O000731,P000043,8,1704.4,286.22,13348.980000000001
OI000001384,O001715,P000971,9,444.87,68.36,3935.47
OI000001385,O002974,P000664,7,58.71,4.36,406.61
OI000001386,O000959,P000910,2,360.6,91.14,630.0600000000001
OI000001387,O000987,P000070,7,1035.7,225.63,7024.27
OI000001388,O000965,P000040,6,556.9,119.0,3222.3999999999996
OI000001389,O001673,P000213,10,1329.61,154.09,13142.009999999998
OI000001390,O002437,P000428,6,745.37,190.07,4282.150000000001
OI000001391,O002360,P000823,10,760.05,164.63,7435.87
OI000001392,O001529,P000162,4,140.8,19.77,543.4300000000001
OI000001393,O001956,P000508,6,882.84,239.28,5057.76
OI000001394,O002493,P000676,7,91.61,14.87,626.4
OI000001395,O001155,P000575,2,81.85,12.17,151.53
OI000001396,O001712,P000770,7,1272.05,115.05,8789.300000000001
OI000001397,O002158,P000176,4,1380.48,405.78,5116.14
OI000001398,O002246,P000399,9,441.58,119.24,3854.98
OI000001399,O000421,P000812,4,1705.52,434.7,6387.38
OI000001400,O000100,P000794,3,415.67,78.66,1168.35
OI000001401,O002632,P000186,5,148.72,31.66,711.94
OI000001402,O000782,P000219,2,982.72,129.79,1835.65
OI000001403,O002777,P000699,8,197.26,14.72,1563.36
OI000001404,O000841,P000300,10,47.94,4.82,474.58
OI000001405,O001794,P000077,9,118.6,28.15,1039.2499999999998
OI000001406,O002426,P000235,2,1886.98,49.94,3724.02
OI000001407,O000246,P000498,5,1597.19,274.46,7711.490000000001
OI000001408,O002422,P000948,9,961.55,122.01,8531.939999999999
OI000001409,O000444,P000048,2,494.03,0.08,987.9799999999999
OI000001410,O002183,P000039,2,998.6,69.15,1928.05
OI000001411,O001125,P000873,3,646.85,139.09,1801.4600000000003
OI000001412,O000620,P000634,6,1987.65,44.66,11881.240000000002
OI000001413,O000730,P000085,3,311.52,70.67,863.89
OI000001414,O001835,P000779,7,1324.14,293.85,8975.130000000001
OI000001415,O000361,P000297,10,144.92,32.21,1416.9899999999998
OI000001416,O001067,P000722,4,455.23,18.58,1802.3400000000001
OI000001417,O000754,P000679,3,1280.62,168.14,3673.72
OI000001418,O001213,P000759,8,80.17,8.97,632.39
OI000001419,O002007,P000529,6,923.0,79.17,5458.83
OI000001420,O002804,P000570,1,1069.19,44.08,1025.1100000000001
OI000001421,O002708,P000343,5,1869.22,262.03,9084.07
OI000001422,O001095,P000652,10,1405.91,88.83,13970.27
OI000001423,O000841,P000038,3,851.35,20.26,2533.79
OI000001424,O001999,P000631,5,1717.28,57.39,8529.01
OI000001425,O001362,P000151,3,711.98,105.65,2030.29
OI000001426,O000604,P000554,6,1891.17,164.11,11182.91
OI000001427,O000319,P000338,8,402.46,45.37,3174.31
OI000001428,O002300,P000747,6,427.5,91.03,2473.97
OI000001429,O001211,P000181,1,794.31,89.03,705.28
OI000001430,O001807,P000373,5,947.7,102.35,4636.15
OI000001431,O002674,P000993,2,827.63,39.5,1615.76
OI000001432,O001804,P000764,2,71.15,17.43,124.87
OI000001433,O002026,P000048,7,494.03,40.91,3417.3
OI000001434,O001445,P000517,10,255.91,69.64,2489.46
OI000001435,O000064,P000460,5,1891.62,545.15,8912.949999999999
OI000001436,O002752,P000104,6,373.15,72.01,2166.8899999999994
OI000001437,O002412,P000731,2,448.45,45.06,851.8399999999999
OI000001438,O002370,P000376,8,1068.19,149.85,8395.67
OI000001439,O002644,P000109,10,91.86,1.69,916.91
OI000001440,O000659,P000877,1,1494.67,113.16,1381.51
OI000001441,O000543,P000950,7,414.19,92.78,2806.5499999999997
OI000001442,O001730,P000607,3,1009.71,5.26,3023.87
OI000001443,O002401,P000401,1,531.37,67.08,464.29
OI000001444,O000679,P000258,9,907.59,40.63,8127.68
OI000001445,O000033,P000626,2,1056.06,131.94,1980.1799999999998
OI000001446,O000154,P000188,3,1044.04,23.93,3108.19
OI000001447,O002341,P000698,3,982.47,78.67,2868.74
OI000001448,O002350,P000626,9,1056.06,5.13,9499.41
OI000001449,O002920,P000358,6,500.38,118.61,2883.6699999999996
OI000001450,O001450,P000095,4,1267.28,214.47,4854.65
OI000001451,O001411,P000539,2,173.59,2.14,345.04
OI000001452,O001054,P000406,6,139.86,14.34,824.82
OI000001453,O000781,P000294,9,676.78,107.43,5983.589999999999
OI000001454,O002059,P000700,8,1213.44,304.61,9402.91
OI000001455,O000189,P000965,8,549.05,14.61,4377.79
OI000001456,O000472,P000471,2,278.32,40.99,515.65
OI000001457,O000398,P000061,6,1202.79,294.73,6922.01
OI000001458,O000714,P000281,4,1799.35,62.46,7134.94
OI000001459,O001352,P000856,9,791.93,94.02,7033.349999999999
OI000001460,O001531,P000397,5,1296.06,316.35,6163.949999999999
OI000001461,O001482,P000230,8,626.37,156.41,4854.55
OI000001462,O001847,P000948,9,961.55,272.08,8381.869999999999
OI000001463,O002180,P000069,3,810.99,186.87,2246.1000000000004
OI000001464,O001919,P000552,10,682.23,204.59,6617.71
OI000001465,O001693,P000429,10,1810.58,223.68,17882.12
OI000001466,O001988,P000054,8,1664.6,28.08,13288.72
OI000001467,O000832,P000898,9,86.67,5.22,774.81
OI000001468,O002442,P000151,10,711.98,36.4,7083.400000000001
OI000001469,O000233,P000291,8,1717.2,501.53,13236.07
OI000001470,O001563,P000270,7,380.64,102.68,2561.8
OI000001471,O001058,P000816,7,1126.29,254.0,7630.03
OI000001472,O001012,P000993,3,827.63,158.92,2323.97
OI000001473,O001862,P000149,10,21.16,3.98,207.62
OI000001474,O002644,P000760,6,1031.49,29.1,6159.84
OI000001475,O002968,P000011,10,20.96,1.78,207.82000000000002
OI000001476,O000265,P000411,6,798.36,225.21,4564.95
OI000001477,O000233,P000172,5,598.48,12.45,2979.9500000000003
OI000001478,O001705,P000609,5,822.73,27.9,4085.7499999999995
OI000001479,O002203,P000798,6,257.74,41.16,1505.28
OI000001480,O001085,P000232,3,71.84,17.6,197.92000000000002
OI000001481,O001588,P000227,10,544.88,153.52,5295.28
OI000001482,O002915,P000499,10,253.05,71.93,2458.57
OI000001483,O002801,P000446,10,1640.14,150.06,16251.340000000002
OI000001484,O002613,P000548,9,1041.61,311.18,9063.31
OI000001485,O002412,P000485,2,941.85,5.35,1878.3500000000001
OI000001486,O000475,P000418,7,246.0,40.39,1681.61
OI000001487,O002153,P000136,2,1094.77,156.34,2033.2
OI000001488,O000625,P000440,5,1196.88,301.67,5682.7300000000005
OI000001489,O002075,P000782,9,188.19,40.03,1653.68
OI000001490,O002866,P000211,5,524.47,53.26,2569.09
OI000001491,O001233,P000698,8,982.47,137.83,7721.93
OI000001492,O000755,P000544,9,1583.93,326.15,13929.220000000001
OI000001493,O001042,P000709,2,1469.08,257.35,2680.81
OI000001494,O001672,P000528,3,1159.69,317.83,3161.2400000000002
OI000001495,O002709,P000250,9,191.78,8.07,1717.95
OI000001496,O001661,P000824,8,1754.59,24.69,14012.029999999999
OI000001497,O001394,P000047,10,233.35,64.44,2269.06
OI000001498,O000483,P000223,8,1597.96,449.43,12334.25
OI000001499,O002475,P000273,1,1666.56,254.18,1412.3799999999999
OI000001500,O001968,P000634,5,1987.65,543.88,9394.37
OI000001501,O000444,P000456,5,1611.1,367.02,7688.48
OI000001502,O002737,P000005,4,1877.25,73.99,7435.01
OI000001503,O002910,P000617,8,982.53,166.45,7693.79
OI000001504,O002862,P000905,8,354.74,63.1,2774.82
OI000001505,O002492,P000628,5,251.53,33.9,1223.75
OI000001506,O000367,P000900,6,1752.18,408.3,10104.78
OI000001507,O000362,P000119,10,1333.68,21.91,13314.890000000001
OI000001508,O001604,P000884,1,592.0,163.09,428.90999999999997
OI000001509,O001988,P000768,5,552.93,49.46,2715.1899999999996
OI000001510,O001364,P000905,2,354.74,90.85,618.63
OI000001511,O002681,P000283,9,920.82,101.12,8186.260000000001
OI000001512,O000323,P000564,1,1904.75,85.82,1818.93
OI000001513,O001198,P000099,2,1700.25,63.72,3336.78
OI000001514,O000620,P000702,4,1444.85,149.52,5629.879999999999
OI000001515,O001448,P000344,7,217.3,33.3,1487.8000000000002
OI000001516,O000175,P000804,7,935.51,56.9,6491.67
OI000001517,O002708,P000814,2,1318.54,184.18,2452.9
OI000001518,O000797,P000106,1,654.84,91.56,563.28
OI000001519,O000302,P000723,5,1384.13,390.04,6530.610000000001
OI000001520,O002566,P000197,6,374.57,53.97,2193.4500000000003
OI000001521,O002034,P000963,2,344.78,76.75,612.81
OI000001522,O001649,P000332,2,1943.63,188.93,3698.3300000000004
OI000001523,O000701,P000585,5,1330.02,6.54,6643.56
OI000001524,O002841,P000874,6,1778.8,399.51,10273.289999999999
OI000001525,O001069,P000067,6,624.13,183.5,3561.2799999999997
OI000001526,O002288,P000789,1,5.28,1.5,3.7800000000000002
OI000001527,O002261,P000254,6,972.14,134.06,5698.78
OI000001528,O001360,P000232,5,71.84,18.32,340.88000000000005
OI000001529,O002983,P000415,8,723.99,134.52,5657.4
OI000001530,O000285,P000336,9,1022.87,108.67,9097.16
OI000001531,O000156,P000901,5,49.1,9.92,235.58
OI000001532,O000577,P000816,9,1126.29,56.44,10080.17
OI000001533,O001391,P000666,4,928.08,66.21,3646.11
OI000001534,O001690,P000084,5,398.93,19.45,1975.2
OI000001535,O002051,P000244,1,1072.6,22.29,1050.31
OI000001536,O001713,P000342,10,942.36,248.9,9174.7
OI000001537,O002487,P000586,7,33.73,0.67,235.44
OI000001538,O000164,P000277,6,134.75,14.43,794.07
OI000001539,O001099,P000345,2,606.24,25.79,1186.69
OI000001540,O000220,P000357,7,1755.07,54.93,12230.56
OI000001541,O001264,P000397,9,1296.06,19.03,11645.509999999998
OI000001542,O002608,P000226,3,661.78,25.56,1959.78
OI000001543,O001869,P000519,6,1435.63,336.88,8276.900000000001
OI000001544,O001615,P000806,9,271.25,13.69,2427.56
OI000001545,O002598,P000473,3,1794.25,201.67,5181.08
OI000001546,O000453,P000666,1,928.08,82.54,845.5400000000001
OI000001547,O000627,P000973,9,1012.91,184.3,8931.890000000001
OI000001548,O001644,P000573,3,21.71,5.33,59.8
OI000001549,O001451,P000188,1,1044.04,303.83,740.21
OI000001550,O002024,P000922,5,1803.24,405.33,8610.87
OI000001551,O000320,P000848,9,1568.72,100.23,14018.25
OI000001552,O002023,P000072,7,809.43,90.06,5575.949999999999
OI000001553,O002388,P000990,9,375.59,5.47,3374.84
OI000001554,O000832,P000446,3,1640.14,209.41,4711.01
OI000001555,O001371,P000490,1,184.85,24.56,160.29
OI000001556,O000031,P000664,10,58.71,4.99,582.11
OI000001557,O001131,P000615,2,811.64,45.87,1577.41
OI000001558,O002215,P000441,5,1536.52,251.67,7430.93
OI000001559,O002196,P000719,1,1827.14,58.57,1768.5700000000002
OI000001560,O001097,P000408,5,1670.62,228.29,8124.809999999999
OI000001561,O000413,P000140,1,982.04,267.94,714.0999999999999
OI000001562,O000045,P000626,8,1056.06,194.32,8254.16
OI000001563,O001580,P000583,6,835.47,75.58,4937.24
OI000001564,O001258,P000923,4,286.61,44.02,1102.42
OI000001565,O002213,P000825,5,1816.12,323.59,8757.009999999998
OI000001566,O002150,P000904,5,483.23,46.99,2369.1600000000003
OI000001567,O002060,P000777,1,1885.84,443.09,1442.75
OI000001568,O001522,P000467,8,847.94,21.03,6762.490000000001
OI000001569,O001154,P000692,3,1094.93,162.8,3121.99
OI000001570,O002806,P000829,5,34.71,8.13,165.42000000000002
OI000001571,O001825,P000118,10,1067.21,25.74,10646.36
OI000001572,O000712,P000478,8,459.93,9.41,3670.03
OI000001573,O001264,P000560,1,120.18,33.87,86.31
OI000001574,O001237,P000784,8,157.64,37.13,1223.9899999999998
OI000001575,O002097,P000738,7,767.97,32.92,5342.87
OI000001576,O001472,P000907,3,1911.53,310.21,5424.38
OI000001577,O001074,P000001,6,708.94,98.71,4154.93
OI000001578,O002170,P000240,5,796.09,97.71,3882.7400000000002
OI000001579,O000495,P000877,6,1494.67,265.6,8702.42
OI000001580,O001951,P000223,7,1597.96,68.98,11116.740000000002
OI000001581,O002396,P000355,10,1953.77,542.56,18995.14
OI000001582,O000997,P000264,2,336.58,20.77,652.39
OI000001583,O002083,P000681,7,270.62,5.63,1888.71
OI000001584,O000796,P000444,10,777.75,64.3,7713.2
OI000001585,O002664,P000589,8,286.46,57.62,2234.06
OI000001586,O001250,P000709,7,1469.08,378.33,9905.23
OI000001587,O002879,P000178,3,1190.26,339.54,3231.24
OI000001588,O000412,P000013,8,627.66,179.52,4841.759999999999
OI000001589,O000861,P000631,7,1717.28,354.06,11666.9
OI000001590,O001918,P000027,10,541.67,30.85,5385.849999999999
OI000001591,O001896,P000944,10,161.9,28.9,1590.1
OI000001592,O000305,P000024,7,66.96,20.02,448.7
OI000001593,O000871,P000689,6,677.0,193.25,3868.75
OI000001594,O001899,P000549,10,1789.52,213.33,17681.87
OI000001595,O000149,P000896,8,61.98,10.2,485.64
OI000001596,O000727,P000375,2,1711.54,325.76,3097.3199999999997
OI000001597,O000021,P000480,1,694.35,164.52,529.83
OI000001598,O002397,P000093,6,1669.16,42.48,9972.480000000001
OI000001599,O000348,P000981,3,1764.41,245.94,5047.290000000001
OI000001600,O002529,P000915,2,788.11,54.79,1521.43
OI000001601,O002724,P000629,1,1677.51,154.06,1523.45
OI000001602,O001250,P000783,1,1511.59,80.31,1431.28
OI000001603,O000587,P000176,1,1380.48,206.25,1174.23
OI000001604,O000318,P000888,7,217.17,1.37,1518.82
OI000001605,O002319,P000824,8,1754.59,293.3,13743.42
OI000001606,O000799,P000815,2,15.61,3.37,27.849999999999998
OI000001607,O002449,P000251,2,253.9,27.44,480.36
OI000001608,O000166,P000242,3,97.78,10.16,283.18
OI000001609,O002855,P000883,10,1104.69,156.07,10890.830000000002
OI000001610,O002218,P000374,8,500.89,12.3,3994.8199999999997
OI000001611,O001999,P000662,1,1396.89,222.05,1174.8400000000001
OI000001612,O002435,P000141,2,1728.79,121.27,3336.31
OI000001613,O002731,P000383,4,915.96,48.38,3615.46
OI000001614,O002952,P000476,6,119.95,35.82,683.88
OI000001615,O001955,P000167,9,465.82,41.56,4150.82
OI000001616,O000518,P000133,8,1130.53,160.04,8884.199999999999
OI000001617,O001528,P000078,2,1648.51,351.33,2945.69
OI000001618,O002741,P000462,6,1819.98,288.29,10631.59
OI000001619,O000951,P000784,2,157.64,18.76,296.52
OI000001620,O000323,P000027,5,541.67,40.06,2668.29
OI000001621,O002669,P000087,6,437.07,49.16,2573.26
OI000001622,O000236,P000708,3,163.15,9.55,479.90000000000003
OI000001623,O001241,P000350,6,190.6,43.95,1099.6499999999999
OI000001624,O000414,P000677,9,939.01,166.26,8284.83
OI000001625,O002688,P000159,8,761.6,108.96,5983.84
OI000001626,O000857,P000100,7,487.73,2.39,3411.7200000000003
OI000001627,O001558,P000168,6,139.17,28.05,806.97
OI000001628,O000390,P000890,10,347.96,99.92,3379.68
OI000001629,O002413,P000292,3,234.11,44.4,657.9300000000001
OI000001630,O001232,P000099,10,1700.25,387.45,16615.05
OI000001631,O002744,P000438,3,1368.96,330.28,3776.6000000000004
OI000001632,O002451,P000509,4,69.55,3.22,274.97999999999996
OI000001633,O000141,P000900,2,1752.18,229.4,3274.96
OI000001634,O000019,P000896,1,61.98,4.22,57.76
OI000001635,O001738,P000420,1,1735.81,291.96,1443.85
OI000001636,O002541,P000635,6,794.9,146.9,4622.5
OI000001637,O001375,P000417,5,460.04,114.27,2185.9300000000003
OI000001638,O002811,P000514,8,919.74,251.75,7106.17
OI000001639,O000022,P000346,2,1842.42,183.41,3501.4300000000003
OI000001640,O000160,P000650,9,330.37,34.06,2939.27
OI000001641,O002298,P000137,5,1305.73,128.75,6399.9
OI000001642,O000432,P000421,8,1469.57,306.63,11449.93
OI000001643,O001315,P000269,10,976.7,13.59,9753.41
OI000001644,O001916,P000281,9,1799.35,188.87,16005.279999999999
OI000001645,O001822,P000543,2,1560.53,383.56,2737.5
OI000001646,O000651,P000752,5,1858.86,421.19,8873.109999999999
OI000001647,O002493,P000663,9,416.43,49.76,3698.1099999999997
OI000001648,O001467,P000789,10,5.28,0.99,51.81
OI000001649,O001598,P000751,8,408.73,25.42,3244.42
OI000001650,O001332,P000823,6,760.05,227.73,4332.57
OI000001651,O002466,P000487,9,1467.14,192.54,13011.72
OI000001652,O000405,P000960,8,11.21,2.9,86.78
OI000001653,O002887,P000151,4,711.98,167.9,2680.02
OI000001654,O001115,P000335,8,225.93,35.25,1772.19
OI000001655,O000801,P000778,7,759.17,82.85,5231.339999999999
OI000001656,O001479,P000411,1,798.36,22.78,775.58
OI000001657,O000308,P000091,5,56.35,5.77,275.98
OI000001658,O002988,P000890,7,347.96,36.4,2399.3199999999997
OI000001659,O000299,P000902,9,493.12,88.33,4349.75
OI000001660,O001140,P000593,8,823.83,117.6,6473.04
OI000001661,O000790,P000105,2,780.41,94.73,1466.09
OI000001662,O002279,P000051,5,805.96,30.27,3999.53
OI000001663,O000389,P000078,3,1648.51,340.28,4605.25
OI000001664,O000484,P000285,5,124.41,15.56,606.49
OI000001665,O002021,P000300,4,47.94,4.94,186.82
OI000001666,O002840,P000423,3,1170.54,225.09,3286.5299999999997
OI000001667,O000510,P000196,10,232.25,22.23,2300.27
OI000001668,O000320,P000504,8,1701.63,200.41,13412.630000000001
OI000001669,O000929,P000951,3,85.6,8.83,247.96999999999994
OI000001670,O001358,P000655,10,107.05,13.16,1057.34
OI000001671,O000723,P000348,4,1313.62,294.92,4959.5599999999995
OI000001672,O002102,P000666,4,928.08,262.67,3449.65
OI000001673,O002763,P000613,4,405.81,56.3,1566.94
OI000001674,O001242,P000041,2,834.66,245.59,1423.73
OI000001675,O000683,P000237,5,1622.17,14.02,8096.83
OI000001676,O002608,P000638,3,303.17,43.2,866.31
OI000001677,O001778,P000209,10,240.61,19.07,2387.03
OI000001678,O001482,P000644,8,189.11,20.72,1492.16
OI000001679,O002962,P000495,5,299.25,20.64,1475.61
OI000001680,O001962,P000817,5,586.32,95.69,2835.9100000000003
OI000001681,O002135,P000043,1,1704.4,470.09,1234.3100000000002
OI000001682,O000590,P000034,5,1185.61,341.71,5586.339999999999
OI000001683,O002605,P000674,10,1151.2,193.97,11318.03
OI000001684,O002626,P000571,5,971.97,54.24,4805.610000000001
OI000001685,O002301,P000600,10,1070.06,98.13,10602.47
OI000001686,O002872,P000225,9,810.98,114.65,7184.17
OI000001687,O001641,P000535,8,691.04,163.08,5365.24
OI000001688,O000256,P000751,9,408.73,1.87,3676.7000000000003
OI000001689,O001246,P000370,7,1910.96,491.56,12885.160000000002
OI000001690,O001131,P000968,7,506.73,78.27,3468.84
OI000001691,O001035,P000518,3,304.09,30.16,882.11
OI000001692,O001148,P000731,5,448.45,0.51,2241.74
OI000001693,O001296,P000898,10,86.67,9.48,857.22
OI000001694,O000961,P000189,10,1389.24,182.2,13710.199999999999
OI000001695,O001346,P000960,5,11.21,2.82,53.230000000000004
OI000001696,O000758,P000090,1,911.3,252.04,659.26
OI000001697,O000230,P000548,5,1041.61,177.18,5030.869999999999
OI000001698,O002599,P000121,8,1866.2,124.91,14804.69
OI000001699,O001274,P000538,6,1885.34,436.81,10875.23
OI000001700,O000675,P000822,8,533.63,113.43,4155.61
OI000001701,O002039,P000451,8,1164.33,226.67,9087.97
OI000001702,O002616,P000605,2,1505.93,220.87,2790.9900000000002
OI000001703,O002934,P000053,10,918.6,103.7,9082.3
OI000001704,O000337,P000591,2,1452.79,122.72,2782.86
OI000001705,O001401,P000904,7,483.23,21.35,3361.26
OI000001706,O001681,P000009,9,1829.84,436.55,16032.009999999998
OI000001707,O001999,P000148,5,1228.6,187.02,5955.98
OI000001708,O000704,P000057,6,965.3,83.66,5708.139999999999
OI000001709,O000551,P000756,5,1075.19,317.46,5058.490000000001
OI000001710,O000178,P000371,8,438.52,40.91,3467.25
OI000001711,O000581,P000895,2,487.63,26.51,948.75
OI000001712,O002851,P000032,4,671.75,50.09,2636.91
OI000001713,O001580,P000305,10,37.98,3.18,376.61999999999995
OI000001714,O001818,P000224,4,1528.69,311.18,5803.58
OI000001715,O001897,P000280,5,896.18,117.13,4363.7699999999995
OI000001716,O001501,P000646,3,1100.42,219.32,3081.94
OI000001717,O000026,P000724,9,444.71,34.18,3968.21
OI000001718,O000711,P000638,1,303.17,82.45,220.72000000000003
OI000001719,O000900,P000101,9,106.37,28.74,928.59
OI000001720,O000187,P000675,8,953.37,279.31,7347.65
OI000001721,O000455,P000647,9,753.4,109.49,6671.11
OI000001722,O002826,P000191,2,1898.07,155.06,3641.08
OI000001723,O000854,P000948,10,961.55,61.71,9553.79
OI000001724,O001277,P000212,2,1355.24,335.41,2375.07
OI000001725,O002624,P000850,7,672.56,151.79,4556.13
OI000001726,O000576,P000407,6,1856.65,420.51,10719.390000000001
OI000001727,O001961,P000338,8,402.46,7.6,3212.08
OI000001728,O001286,P000653,6,140.61,29.79,813.8700000000001
OI000001729,O000640,P000615,3,811.64,141.35,2293.57
OI000001730,O000319,P000377,2,561.23,162.24,960.22
OI000001731,O000265,P000399,4,441.58,79.32,1687.0
OI000001732,O002155,P000236,3,631.33,159.41,1734.5800000000002
OI000001733,O002365,P000023,6,1958.73,536.32,11216.060000000001
OI000001734,O001955,P000512,1,1305.82,390.47,915.3499999999999
OI000001735,O001778,P000670,4,937.31,239.65,3509.5899999999997
OI000001736,O001124,P000091,4,56.35,1.8,223.6
OI000001737,O002747,P000240,4,796.09,197.03,2987.33
OI000001738,O001050,P000204,10,375.65,55.07,3701.43
OI000001739,O001253,P000719,10,1827.14,81.58,18189.82
OI000001740,O000367,P000269,9,976.7,144.71,8645.590000000002
OI000001741,O002973,P000831,3,1512.11,159.73,4376.6
OI000001742,O000286,P000705,10,335.71,5.25,3351.85
OI000001743,O001848,P000974,8,89.43,6.63,708.8100000000001
OI000001744,O001523,P000813,9,156.58,14.97,1394.25
OI000001745,O000898,P000469,8,927.16,132.84,7284.44
OI000001746,O000187,P000079,3,475.92,22.24,1405.52
OI000001747,O001893,P000921,3,285.0,42.84,812.16
OI000001748,O001947,P000653,2,140.61,19.79,261.43
OI000001749,O002753,P000128,10,538.17,65.53,5316.17
OI000001750,O000468,P000624,8,401.33,28.45,3182.19
OI000001751,O002158,P000999,9,1761.88,252.79,15604.130000000001
OI000001752,O000060,P000096,5,372.33,74.54,1787.11
OI000001753,O001833,P000696,4,1613.76,24.01,6431.03
OI000001754,O002771,P000407,6,1856.65,365.15,10774.750000000002
OI000001755,O001881,P000115,7,37.57,5.32,257.67
OI000001756,O001503,P000250,3,191.78,9.08,566.26
OI000001757,O001870,P000886,10,714.21,196.45,6945.650000000001
OI000001758,O000152,P000782,10,188.19,34.0,1847.9
OI000001759,O001186,P000848,1,1568.72,394.9,1173.8200000000002
OI000001760,O000211,P000622,5,371.41,48.14,1808.91
OI000001761,O002785,P000175,10,524.31,104.85,5138.249999999999
OI000001762,O001130,P000882,10,540.45,137.19,5267.31
OI000001763,O001654,P000874,9,1778.8,309.81,15699.39
OI000001764,O000855,P000550,2,110.91,10.08,211.73999999999998
OI000001765,O000542,P000743,1,1834.29,108.69,1725.6
OI000001766,O001256,P000816,4,1126.29,94.9,4410.26
OI000001767,O000401,P000784,6,157.64,8.96,936.8799999999999
OI000001768,O001948,P000137,6,1305.73,176.84,7657.54
OI000001769,O000220,P000450,4,793.14,131.78,3040.7799999999997
OI000001770,O000134,P000395,6,288.86,49.08,1684.0800000000002
OI000001771,O001669,P000004,7,971.97,47.57,6756.22
OI000001772,O001413,P000184,2,127.09,25.83,228.35000000000002
OI000001773,O002534,P000007,5,405.69,70.87,1957.58
OI000001774,O000111,P000145,2,2.73,0.47,4.99
OI000001775,O002807,P000437,3,1649.68,231.72,4717.32
OI000001776,O000336,P000683,7,84.74,9.8,583.38
OI000001777,O000981,P000903,7,1205.79,163.59,8276.939999999999
OI000001778,O002061,P000368,1,24.19,3.48,20.71
OI000001779,O000486,P000113,7,1736.82,239.09,11918.65
OI000001780,O002689,P000001,8,708.94,128.94,5542.580000000001
OI000001781,O002512,P000795,6,664.38,172.27,3814.0099999999998
OI000001782,O001490,P000855,1,1185.68,96.76,1088.92
OI000001783,O001230,P000625,10,226.17,66.46,2195.24
OI000001784,O001143,P000075,5,1725.0,253.05,8371.95
OI000001785,O001999,P000678,8,144.37,16.18,1138.78
OI000001786,O001592,P000084,7,398.93,70.64,2721.8700000000003
OI000001787,O001669,P000490,6,184.85,26.89,1082.2099999999998
OI000001788,O001679,P000166,5,1189.26,93.89,5852.41
OI000001789,O001486,P000418,10,246.0,8.81,2451.19
OI000001790,O001536,P000971,5,444.87,30.57,2193.7799999999997
OI000001791,O000276,P000793,8,299.32,49.77,2344.79
OI000001792,O001085,P000937,3,1807.84,226.98,5196.54
OI000001793,O002745,P000243,5,297.92,14.02,1475.5800000000002
OI000001794,O002147,P000778,10,759.17,206.78,7384.92
OI000001795,O001917,P000277,5,134.75,34.28,639.47
OI000001796,O000576,P000382,1,1397.07,4.9,1392.1699999999998
OI000001797,O000363,P000593,3,823.83,53.43,2418.0600000000004
OI000001798,O000767,P000323,6,964.93,238.76,5550.82
OI000001799,O002441,P000651,6,799.02,226.72,4567.4
OI000001800,O001104,P000756,6,1075.19,318.32,6132.820000000001
OI000001801,O001287,P000075,3,1725.0,129.91,5045.09
OI000001802,O002414,P000762,6,1859.39,466.61,10689.73
OI000001803,O000402,P000452,10,117.57,1.61,1174.09
OI000001804,O002456,P000966,1,951.42,42.85,908.5699999999999
OI000001805,O000639,P000293,8,1434.85,428.27,11050.529999999999
OI000001806,O002103,P000811,4,106.61,3.42,423.02
OI000001807,O001991,P000188,5,1044.04,312.45,4907.75
OI000001808,O002615,P000065,3,509.27,75.51,1452.3
OI000001809,O000367,P000692,4,1094.93,255.43,4124.29
OI000001810,O002574,P000728,8,1285.83,50.2,10236.439999999999
OI000001811,O001355,P000143,1,898.04,22.83,875.2099999999999
OI000001812,O000114,P000979,4,1379.64,59.41,5459.150000000001
OI000001813,O002161,P000731,1,448.45,83.63,364.82
OI000001814,O000891,P000804,5,935.51,158.07,4519.4800000000005
OI000001815,O001661,P000341,3,15.39,4.48,41.69
OI000001816,O002786,P000752,8,1858.86,53.48,14817.4
OI000001817,O002242,P000556,4,542.14,25.04,2143.52
OI000001818,O001769,P000582,6,982.67,228.78,5667.24
OI000001819,O001767,P000736,2,365.23,35.58,694.88
OI000001820,O000561,P000565,8,684.28,132.79,5341.45
OI000001821,O001573,P000524,7,705.15,177.82,4758.2300000000005
OI000001822,O002790,P000259,2,1864.34,306.45,3422.23
OI000001823,O001397,P000152,4,68.04,5.36,266.8
OI000001824,O002761,P000451,8,1164.33,8.98,9305.66
OI000001825,O000131,P000378,7,381.87,22.74,2650.3500000000004
OI000001826,O001635,P000104,9,373.15,14.52,3343.83
OI000001827,O001306,P000633,5,1471.94,143.66,7216.040000000001
OI000001828,O001093,P000579,5,1237.77,326.01,5862.84
OI000001829,O001033,P000062,1,512.56,109.88,402.67999999999995
OI000001830,O001232,P000454,4,884.28,245.77,3291.35
OI000001831,O002100,P000844,6,459.84,128.64,2630.4
OI000001832,O000384,P000481,5,1447.12,275.09,6960.509999999999
OI000001833,O001078,P000852,10,1388.94,151.86,13737.54
OI000001834,O000666,P000109,6,91.86,15.22,535.9399999999999
OI000001835,O000316,P000065,4,509.27,114.03,1923.05
OI000001836,O002781,P000891,10,1668.5,86.3,16598.7
OI000001837,O000078,P000548,9,1041.61,1.45,9373.039999999999
OI000001838,O002702,P000658,5,1009.91,208.84,4840.71
OI000001839,O001686,P000642,1,777.27,119.18,658.0899999999999
OI000001840,O000241,P000119,1,1333.68,84.02,1249.66
OI000001841,O000482,P000726,3,928.18,48.55,2735.99
OI000001842,O001966,P000014,1,583.15,121.31,461.84
OI000001843,O001732,P000588,5,558.58,29.56,2763.34
OI000001844,O000859,P000947,10,737.22,11.49,7360.710000000001
OI000001845,O000930,P000422,4,973.57,122.81,3771.4700000000003
OI000001846,O001411,P000365,3,47.53,10.97,131.62
OI000001847,O002385,P000972,3,1944.33,147.32,5685.67
OI000001848,O002967,P000735,5,1898.21,341.98,9149.07
OI000001849,O000662,P000940,8,122.74,25.18,956.74
OI000001850,O002936,P000092,2,547.84,115.61,980.07
OI000001851,O001784,P000789,3,5.28,1.16,14.68
OI000001852,O001759,P000947,10,737.22,28.3,7343.900000000001
OI000001853,O000680,P000013,6,627.66,147.18,3618.78
OI000001854,O000100,P000498,1,1597.19,423.4,1173.79
OI000001855,O002224,P000205,3,1027.59,294.24,2788.5299999999997
OI000001856,O000900,P000871,4,26.45,7.65,98.14999999999999
OI000001857,O000747,P000191,6,1898.07,260.91,11127.51
OI000001858,O002968,P000087,3,437.07,64.17,1247.04
OI000001859,O000416,P000056,10,1443.17,297.62,14134.08
OI000001860,O000277,P000512,8,1305.82,259.27,10187.289999999999
OI000001861,O001556,P000262,8,736.56,125.82,5766.66
OI000001862,O001231,P000109,3,91.86,8.61,266.96999999999997
OI000001863,O002594,P000695,10,354.3,38.5,3504.5
OI000001864,O001816,P000933,3,1264.94,213.81,3581.01
OI000001865,O001312,P000232,7,71.84,19.96,482.92
OI000001866,O001235,P000654,6,755.13,196.39,4334.389999999999
OI000001867,O001708,P000555,7,51.72,14.55,347.48999999999995
OI000001868,O002974,P000456,5,1611.1,269.03,7786.47
OI000001869,O000308,P000361,8,944.24,38.27,7515.65
OI000001870,O001342,P000779,8,1324.14,332.84,10260.28
OI000001871,O001738,P000954,7,1799.27,61.36,12533.529999999999
OI000001872,O002188,P000452,5,117.57,5.67,582.18
OI000001873,O000887,P000205,8,1027.59,288.0,7932.719999999999
OI000001874,O000842,P000583,4,835.47,109.03,3232.85
OI000001875,O002996,P000513,3,268.03,41.55,762.54
OI000001876,O000735,P000992,5,135.46,11.26,666.0400000000001
OI000001877,O002376,P000785,10,188.57,23.99,1861.7099999999998
OI000001878,O001881,P000898,10,86.67,0.12,866.58
OI000001879,O000357,P000337,1,794.19,102.34,691.85
OI000001880,O002562,P000360,7,1818.99,114.18,12618.75
OI000001881,O002115,P000987,5,665.36,41.78,3285.02
OI000001882,O001905,P000418,4,246.0,50.52,933.48
OI000001883,O000120,P000120,5,18.57,3.41,89.44
OI000001884,O000747,P000495,8,299.25,72.67,2321.33
OI000001885,O000566,P000441,6,1536.52,1.5,9217.619999999999
OI000001886,O002098,P000112,6,1915.88,50.25,11445.03
OI000001887,O000368,P000542,3,1424.41,47.95,4225.280000000001
OI000001888,O002838,P000407,1,1856.65,84.41,1772.24
OI000001889,O002218,P000802,8,1573.02,31.57,12552.59
OI000001890,O000240,P000661,4,499.43,64.53,1933.19
OI000001891,O002547,P000084,3,398.93,26.47,1170.32
OI000001892,O000277,P000376,3,1068.19,17.44,3187.13
OI000001893,O002011,P000907,5,1911.53,501.93,9055.72
OI000001894,O002042,P000109,1,91.86,20.43,71.43
OI000001895,O000938,P000922,7,1803.24,325.1,12297.58
OI000001896,O002521,P000393,8,39.16,8.57,304.71
OI000001897,O002125,P000778,3,759.17,70.07,2207.4399999999996
OI000001898,O001296,P000029,7,1194.26,308.22,8051.599999999999
OI000001899,O002911,P000128,7,538.17,53.53,3713.6599999999994
OI000001900,O001372,P000573,2,21.71,4.04,39.38
OI000001901,O000517,P000071,7,1107.76,169.96,7584.36
OI000001902,O000467,P000019,10,896.65,243.4,8723.1
OI000001903,O001151,P000674,3,1151.2,238.98,3214.6200000000003
OI000001904,O000905,P000138,6,742.8,60.38,4396.419999999999
OI000001905,O000604,P000966,2,951.42,31.59,1871.25
OI000001906,O002785,P000562,5,578.74,27.06,2866.64
OI000001907,O001256,P000098,7,1762.8,83.47,12256.130000000001
OI000001908,O000051,P000488,6,1839.36,321.77,10714.39
OI000001909,O002469,P000885,2,1724.8,100.84,3348.7599999999998
OI000001910,O002594,P000846,1,896.44,47.79,848.6500000000001
OI000001911,O002311,P000376,8,1068.19,101.78,8443.74
OI000001912,O000801,P000427,3,1266.29,173.94,3624.93
OI000001913,O001758,P000231,1,1513.28,401.59,1111.69
OI000001914,O002809,P000837,1,1155.87,94.83,1061.04
OI000001915,O001354,P000073,10,18.7,0.21,186.79
OI000001916,O001710,P000507,6,1029.09,190.65,5983.889999999999
OI000001917,O002193,P000507,3,1029.09,210.72,2876.5499999999997
OI000001918,O000929,P000279,5,948.41,44.95,4697.1
OI000001919,O000080,P000671,3,301.49,25.91,878.5600000000001
OI000001920,O002318,P000222,1,395.06,104.19,290.87
OI000001921,O000576,P000149,6,21.16,6.04,120.92
OI000001922,O001513,P000404,5,39.18,7.63,188.27
OI000001923,O002381,P000168,9,139.17,12.84,1239.69
OI000001924,O000251,P000315,2,305.52,26.75,584.29
OI000001925,O002053,P000512,5,1305.82,251.92,6277.179999999999
OI000001926,O002745,P000323,5,964.93,257.18,4567.469999999999
OI000001927,O000098,P000431,8,1519.75,69.28,12088.72
OI000001928,O000327,P000826,1,623.78,153.58,470.19999999999993
OI000001929,O000267,P000866,8,920.6,72.33,7292.47
OI000001930,O001826,P000296,3,742.88,24.27,2204.37
OI000001931,O002879,P000238,5,815.39,162.12,3914.83
OI000001932,O000241,P000107,8,303.72,64.15,2365.61
OI000001933,O000499,P000252,7,197.08,47.21,1332.3500000000001
OI000001934,O002959,P000985,3,749.97,48.47,2201.44
OI000001935,O002158,P000350,4,190.6,12.46,749.9399999999999
OI000001936,O001219,P000864,7,723.69,89.34,4976.49
OI000001937,O002038,P000255,5,1148.08,160.43,5579.969999999999
OI000001938,O000243,P000585,4,1330.02,272.73,5047.35
OI000001939,O001180,P000105,8,780.41,88.11,6155.17
OI000001940,O000361,P000214,5,24.93,4.79,119.86
OI000001941,O000924,P000709,7,1469.08,142.13,10141.43
OI000001942,O002488,P000898,9,86.67,23.95,756.0799999999999
OI000001943,O000309,P000995,5,952.7,130.96,4632.54
OI000001944,O001948,P000450,4,793.14,80.23,3092.33
OI000001945,O001021,P000250,9,191.78,24.9,1701.12
OI000001946,O001021,P000642,8,777.27,194.01,6024.15
OI000001947,O002881,P000925,7,1630.6,339.48,11074.72
OI000001948,O000376,P000522,8,939.16,44.39,7468.889999999999
OI000001949,O000882,P000153,2,1133.43,213.33,2053.53
OI000001950,O000220,P000161,1,273.91,58.0,215.91000000000003
OI000001951,O001292,P000231,3,1513.28,87.25,4452.59
OI000001952,O000864,P000071,7,1107.76,215.42,7538.9
OI000001953,O002039,P000976,5,1278.46,354.31,6037.99
OI000001954,O000489,P000997,5,1002.0,59.31,4950.69
OI000001955,O001531,P000671,1,301.49,5.68,295.81
OI000001956,O000606,P000420,4,1735.81,250.99,6692.25
OI000001957,O000846,P000220,10,1661.8,222.19,16395.81
OI000001958,O000028,P000623,5,5.35,1.53,25.22
OI000001959,O000684,P000164,10,1534.92,427.38,14921.820000000002
OI000001960,O001206,P000148,7,1228.6,60.81,8539.39
OI000001961,O002497,P000903,4,1205.79,129.12,4694.04
OI000001962,O000721,P000712,9,27.1,6.49,237.41
OI000001963,O002496,P000211,7,524.47,103.31,3567.98
OI000001964,O002256,P000968,3,506.73,93.54,1426.65
OI000001965,O001592,P000042,8,1689.48,239.39,13276.45
OI000001966,O002412,P000588,2,558.58,94.5,1022.6600000000001
OI000001967,O001319,P000208,4,877.76,146.82,3364.22
OI000001968,O000518,P000170,2,808.52,46.77,1570.27
OI000001969,O002429,P000531,9,512.68,87.71,4526.41
OI000001970,O001206,P000620,10,1248.68,337.37,12149.43
OI000001971,O002403,P000484,8,768.71,186.64,5963.04
OI000001972,O001792,P000210,7,849.87,11.19,5937.900000000001
OI000001973,O000463,P000118,5,1067.21,272.55,5063.5
OI000001974,O000740,P000859,3,1721.38,345.49,4818.650000000001
OI000001975,O000746,P000819,1,462.02,85.61,376.40999999999997
OI000001976,O001411,P000483,2,779.77,14.82,1544.72
OI000001977,O000963,P000256,6,91.68,10.98,539.1
OI000001978,O001482,P000054,1,1664.6,221.71,1442.8899999999999
OI000001979,O001286,P000810,6,6.44,0.4,38.24
OI000001980,O001414,P000337,10,794.19,58.35,7883.55
OI000001981,O002153,P000430,9,32.92,8.13,288.15000000000003
OI000001982,O002772,P000083,9,80.73,7.3,719.2700000000001
OI000001983,O002806,P000215,10,1358.6,357.92,13228.08
OI000001984,O001432,P000941,9,1195.18,134.11,10622.51
OI000001985,O002391,P000629,4,1677.51,233.67,6476.37
OI000001986,O000690,P000166,6,1189.26,149.07,6986.49
OI000001987,O000255,P000399,9,441.58,9.04,3965.18
OI000001988,O002911,P000091,10,56.35,7.24,556.26
OI000001989,O000493,P000007,2,405.69,80.24,731.14
OI000001990,O001399,P000251,3,253.9,49.46,712.24
OI000001991,O000606,P000490,7,184.85,38.14,1255.81
OI000001992,O002248,P000693,1,748.02,99.71,648.31
OI000001993,O001715,P000751,6,408.73,13.87,2438.51
OI000001994,O002905,P000666,3,928.08,43.97,2740.2700000000004
OI000001995,O002318,P000894,7,1387.22,49.28,9661.26
OI000001996,O001408,P000021,4,1233.2,341.54,4591.26
OI000001997,O001297,P000010,8,503.17,24.95,4000.4100000000003
OI000001998,O001128,P000789,5,5.28,0.65,25.750000000000004
OI000001999,O001217,P000180,8,922.37,177.1,7201.86
OI000002000,O001422,P000545,6,707.48,174.23,4070.65
OI000002001,O000082,P000398,5,490.78,130.76,2323.1399999999994
OI000002002,O002415,P000116,8,623.48,123.95,4863.89
OI000002003,O001146,P000185,5,643.85,125.88,3093.37
OI000002004,O000315,P000566,3,1883.35,162.92,5487.129999999999
OI000002005,O000071,P000121,6,1866.2,300.54,10896.66
OI000002006,O001258,P000767,10,1966.38,436.73,19227.070000000003
OI000002007,O002853,P000203,2,372.51,45.78,699.24
OI000002008,O001928,P000406,8,139.86,11.42,1107.46
OI000002009,O002155,P000513,3,268.03,50.28,753.81
OI000002010,O000438,P000436,4,1726.17,13.18,6891.5
OI000002011,O000286,P000887,2,1876.63,151.59,3601.67
OI000002012,O000563,P000470,7,505.16,60.42,3475.7000000000003
OI000002013,O002909,P000053,2,918.6,20.72,1816.48
OI000002014,O001677,P000540,8,531.52,21.49,4230.67
OI000002015,O001596,P000703,3,1588.79,437.71,4328.66
OI000002016,O000128,P000673,10,500.63,13.06,4993.24
OI000002017,O002799,P000571,6,971.97,73.15,5758.67
OI000002018,O001132,P000183,6,1753.7,203.9,10318.300000000001
OI000002019,O001936,P000441,4,1536.52,146.77,5999.3099999999995
OI000002020,O000904,P000042,10,1689.48,266.2,16628.6
OI000002021,O001683,P000842,10,191.61,15.98,1900.1200000000001
OI000002022,O001669,P000931,3,128.64,1.93,383.98999999999995
OI000002023,O002498,P000820,10,440.62,126.6,4279.599999999999
OI000002024,O000750,P000677,10,939.01,205.26,9184.84
OI000002025,O002825,P000847,7,197.07,48.93,1330.56
OI000002026,O001330,P000259,1,1864.34,215.48,1648.86
OI000002027,O001214,P000007,7,405.69,11.97,2827.86
OI000002028,O001317,P000879,8,1178.98,114.65,9317.19
OI000002029,O000482,P000509,6,69.55,11.7,405.59999999999997
OI000002030,O001127,P000972,4,1944.33,378.12,7399.2
OI000002031,O001637,P000568,9,953.56,267.01,8315.029999999999
OI000002032,O001130,P000090,10,911.3,10.78,9102.22
OI000002033,O002804,P000654,4,755.13,121.44,2899.08
OI000002034,O000906,P000956,7,24.75,0.09,173.16
OI000002035,O002755,P000990,7,375.59,104.53,2524.5999999999995
OI000002036,O002378,P000135,8,1752.72,326.12,13695.64
OI000002037,O002534,P000586,8,33.73,0.56,269.28
OI000002038,O002229,P000682,7,1446.05,376.29,9746.06
OI000002039,O000609,P000349,6,245.34,30.86,1441.18
OI000002040,O000693,P000486,3,1162.43,16.57,3470.72
OI000002041,O002849,P000489,10,1314.0,185.94,12954.06
OI000002042,O000252,P000248,6,372.05,66.59,2165.71
OI000002043,O000430,P000991,1,859.29,179.55,679.74
OI000002044,O002068,P000608,5,1748.7,296.03,8447.47
OI000002045,O001632,P000239,9,1699.59,412.64,14883.67
OI000002046,O000342,P000451,6,1164.33,189.21,6796.7699999999995
OI000002047,O001688,P000700,10,1213.44,340.14,11794.260000000002
OI000002048,O001134,P000814,9,1318.54,3.74,11863.12
OI000002049,O000103,P000314,3,1319.43,238.59,3719.7
OI000002050,O002377,P000922,9,1803.24,534.39,15694.77
OI000002051,O002239,P000919,1,678.3,40.53,637.77
OI000002052,O000670,P000397,2,1296.06,317.68,2274.44
OI000002053,O002196,P000185,1,643.85,60.22,583.63
OI000002054,O002736,P000393,1,39.16,1.5,37.66
OI000002055,O001841,P000566,3,1883.35,441.55,5208.499999999999
OI000002056,O001704,P000297,8,144.92,21.18,1138.1799999999998
OI000002057,O002428,P000664,2,58.71,11.99,105.43
OI000002058,O000423,P000036,10,434.19,0.17,4341.73
OI000002059,O001161,P000644,7,189.11,40.88,1282.8899999999999
OI000002060,O001253,P000742,3,319.51,90.56,867.97
OI000002061,O002435,P000123,9,1233.06,184.11,10913.429999999998
OI000002062,O000468,P000606,6,365.97,43.69,2152.13
OI000002063,O000473,P000428,10,745.37,9.42,7444.28
OI000002064,O001840,P000175,6,524.31,37.75,3108.1099999999997
OI000002065,O002863,P000849,2,1059.2,297.56,1820.8400000000001
OI000002066,O002554,P000426,2,462.37,104.96,819.78
OI000002067,O001336,P000205,7,1027.59,38.66,7154.469999999999
OI000002068,O002745,P000388,10,833.48,109.69,8225.109999999999
OI000002069,O001875,P000066,9,1208.64,216.72,10661.04
OI000002070,O001651,P000241,7,1279.61,220.17,8737.099999999999
OI000002071,O001418,P000372,4,1047.95,236.81,3954.9900000000002
OI000002072,O002290,P000601,5,1881.3,305.33,9101.17
OI000002073,O000394,P000607,6,1009.71,141.21,5917.05
OI000002074,O001427,P000685,9,1730.91,432.19,15146.0
OI000002075,O002400,P000636,8,269.04,0.3,2152.02
OI000002076,O001003,P000879,4,1178.98,312.1,4403.82
OI000002077,O001165,P000335,10,225.93,32.34,2226.96
OI000002078,O000368,P000505,9,1800.61,313.57,15891.92
OI000002079,O001490,P000375,3,1711.54,328.92,4805.7
OI000002080,O001524,P000832,5,197.18,7.58,978.32
OI000002081,O001935,P000250,10,191.78,8.77,1909.03
OI000002082,O001089,P000315,7,305.52,87.99,2050.65
OI000002083,O001556,P000299,6,933.61,48.76,5552.9
OI000002084,O000262,P000690,6,294.63,48.54,1719.24
OI000002085,O000459,P000520,2,809.94,60.8,1559.0800000000002
OI000002086,O000266,P000603,5,1296.91,233.57,6250.9800000000005
OI000002087,O002174,P000272,6,1893.6,163.46,11198.14
OI000002088,O001376,P000173,7,1705.15,178.11,11757.94
OI000002089,O000786,P000304,2,1518.34,380.26,2656.42
OI000002090,O000036,P000037,9,1590.88,19.6,14298.320000000002
OI000002091,O000372,P000772,5,545.84,44.18,2685.0200000000004
OI000002092,O002452,P000201,9,1143.59,34.22,10258.09
OI000002093,O000414,P000464,5,1269.9,6.1,6343.4
OI000002094,O000526,P000383,8,915.96,178.21,7149.47
OI000002095,O000255,P000805,2,43.34,4.4,82.28
OI000002096,O001616,P000109,1,91.86,22.28,69.58
OI000002097,O002206,P000182,2,1372.23,95.18,2649.28
OI000002098,O000638,P000549,10,1789.52,344.73,17550.47
OI000002099,O002875,P000876,4,1082.38,267.59,4061.9300000000003
OI000002100,O002264,P000398,8,490.78,41.6,3884.64
OI000002101,O000076,P000196,4,232.25,49.12,879.88
OI000002102,O002889,P000767,1,1966.38,122.99,1843.39
OI000002103,O002330,P000227,4,544.88,140.59,2038.93
OI000002104,O000529,P000008,9,1423.64,351.55,12461.210000000001
OI000002105,O000178,P000917,10,549.32,1.02,5492.18
OI000002106,O001606,P000875,4,1163.14,313.2,4339.360000000001
OI000002107,O000519,P000660,9,722.67,160.42,6343.61
OI000002108,O001493,P000643,4,1834.47,443.37,6894.51
OI000002109,O000025,P000093,8,1669.16,436.06,12917.220000000001
OI000002110,O000307,P000238,1,815.39,92.56,722.8299999999999
OI000002111,O002963,P000778,5,759.17,32.86,3762.99
OI000002112,O001491,P000680,8,962.16,22.24,7675.04
OI000002113,O002977,P000882,3,540.45,51.74,1569.6100000000001
OI000002114,O000810,P000257,10,1644.63,301.3,16145.000000000004
OI000002115,O000262,P000466,3,182.23,31.6,515.0899999999999
OI000002116,O001204,P000707,8,1431.91,214.0,11241.28
OI000002117,O002774,P000655,9,107.05,1.43,962.02
OI000002118,O001424,P000131,6,29.85,7.87,171.23000000000002
OI000002119,O002197,P000651,5,799.02,230.6,3764.5
OI000002120,O001360,P000209,6,240.61,49.51,1394.15
OI000002121,O001795,P000875,1,1163.14,316.99,846.1500000000001
OI000002122,O002730,P000848,2,1568.72,371.86,2765.58
OI000002123,O000791,P000142,6,1364.85,208.72,7980.379999999999
OI000002124,O001662,P000304,1,1518.34,195.13,1323.21
OI000002125,O000063,P000345,7,606.24,31.85,4211.83
OI000002126,O001885,P000475,3,769.99,143.89,2166.0800000000004
OI000002127,O000108,P000428,5,745.37,157.15,3569.7
OI000002128,O001448,P000929,10,644.09,176.95,6263.950000000001
OI000002129,O001857,P000553,6,1099.35,217.76,6378.339999999999
OI000002130,O002277,P000025,6,206.32,39.15,1198.77
OI000002131,O002885,P000636,10,269.04,53.76,2636.64
OI000002132,O000301,P000617,7,982.53,59.65,6818.06
OI000002133,O002008,P000809,6,64.16,14.83,370.13
OI000002134,O002817,P000424,2,875.88,25.52,1726.24
OI000002135,O001205,P000336,3,1022.87,104.01,2964.6
OI000002136,O001236,P000254,10,972.14,269.2,9452.199999999999
OI000002137,O002045,P000580,2,1016.39,200.09,1832.69
OI000002138,O001918,P000296,6,742.88,143.28,4314.0
OI000002139,O000199,P000310,6,1948.09,471.55,11216.99
OI000002140,O002494,P000245,4,430.92,103.79,1619.89
OI000002141,O002999,P000123,10,1233.06,236.55,12094.05
OI000002142,O000569,P000009,9,1829.84,18.05,16450.51
OI000002143,O001841,P000631,9,1717.28,245.23,15210.29
OI000002144,O002223,P000753,1,691.62,177.55,514.0699999999999
OI000002145,O002560,P000829,7,34.71,9.52,233.45
OI000002146,O002688,P000347,8,689.1,160.06,5352.74
OI000002147,O000854,P000648,4,1706.26,54.06,6770.98
OI000002148,O002499,P000131,2,29.85,1.38,58.32
OI000002149,O000104,P000932,6,848.21,132.66,4956.6
OI000002150,O002757,P000179,3,1746.85,470.86,4769.69
OI000002151,O002637,P000338,8,402.46,89.48,3130.2
OI000002152,O001866,P000127,9,94.06,2.47,844.0699999999999
OI000002153,O002864,P000777,8,1885.84,477.18,14609.539999999999
OI000002154,O002584,P000644,5,189.11,15.16,930.3900000000001
OI000002155,O001129,P000097,2,1499.25,74.31,2924.19
OI000002156,O001849,P000026,1,1337.21,22.63,1314.58
OI000002157,O002619,P000953,10,452.68,6.97,4519.83
OI000002158,O001934,P000342,4,942.36,160.84,3608.6
OI000002159,O000548,P000997,5,1002.0,228.53,4781.47
OI000002160,O001051,P000285,10,124.41,7.6,1236.5
OI000002161,O000124,P000581,5,498.49,96.75,2395.7
OI000002162,O000609,P000950,7,414.19,63.43,2835.9
OI000002163,O000027,P000984,3,116.44,29.25,320.07
OI000002164,O000173,P000779,6,1324.14,62.81,7882.03
OI000002165,O000401,P000526,4,461.38,1.75,1843.77
OI000002166,O002825,P000219,1,982.72,180.4,802.32
OI000002167,O000525,P000890,9,347.96,68.61,3063.0299999999997
OI000002168,O002869,P000101,2,106.37,1.47,211.27
OI000002169,O000166,P000689,6,677.0,154.11,3907.89
OI000002170,O000871,P000772,8,545.84,15.92,4350.8
OI000002171,O001762,P000213,1,1329.61,38.16,1291.4499999999998
OI000002172,O002824,P000081,10,113.79,21.45,1116.45
OI000002173,O001630,P000602,2,668.37,11.86,1324.88
OI000002174,O002176,P000388,1,833.48,134.06,699.4200000000001
OI000002175,O000091,P000180,3,922.37,42.57,2724.54
OI000002176,O000384,P000998,1,1771.97,257.0,1514.97
OI000002177,O001261,P000712,10,27.1,1.96,269.04
OI000002178,O000169,P000200,5,1368.99,265.22,6579.73
OI000002179,O000384,P000532,7,1097.79,279.71,7404.82
OI000002180,O002504,P000709,9,1469.08,37.9,13183.82
OI000002181,O001997,P000610,8,1977.72,229.61,15592.15
OI000002182,O001648,P000619,2,1009.05,30.07,1988.03
OI000002183,O000328,P000281,9,1799.35,536.69,15657.46
OI000002184,O002367,P000977,5,1140.0,210.09,5489.91
OI000002185,O002790,P000161,2,273.91,81.74,466.08000000000004
OI000002186,O001344,P000240,1,796.09,49.17,746.9200000000001
OI000002187,O000175,P000543,3,1560.53,34.64,4646.95
OI000002188,O001297,P000088,6,316.13,21.81,1874.97
OI000002189,O002205,P000475,1,769.99,38.7,731.29
OI000002190,O002314,P000852,8,1388.94,8.39,11103.130000000001
OI000002191,O002134,P000126,2,602.62,56.7,1148.54
OI000002192,O002595,P000049,7,1839.93,135.96,12743.550000000001
OI000002193,O002401,P000055,2,1701.66,333.89,3069.4300000000003
OI000002194,O000071,P000718,2,1719.5,179.27,3259.73
OI000002195,O002247,P000021,7,1233.2,259.71,8372.69
OI000002196,O002124,P000820,2,440.62,79.87,801.37
OI000002197,O000841,P000713,10,1793.11,99.75,17831.35
OI000002198,O001270,P000783,7,1511.59,225.1,10356.029999999999
OI000002199,O001757,P000891,9,1668.5,95.34,14921.16
OI000002200,O000133,P000110,1,1933.44,408.73,1524.71
OI000002201,O000969,P000095,5,1267.28,225.05,6111.349999999999
OI000002202,O000141,P000945,6,1287.86,341.32,7385.84
OI000002203,O002012,P000188,4,1044.04,184.77,3991.39
OI000002204,O000085,P000274,3,58.35,2.33,172.72
OI000002205,O001205,P000831,7,1512.11,367.97,10216.8
OI000002206,O002765,P000015,6,1818.5,512.44,10398.56
OI000002207,O001164,P000714,10,44.9,3.05,445.95
OI000002208,O002269,P000229,7,1312.83,286.61,8903.199999999999
OI000002209,O001613,P000416,8,1137.53,25.34,9074.9
OI000002210,O001094,P000876,2,1082.38,309.27,1855.4900000000002
OI000002211,O001953,P000265,8,76.77,13.26,600.9
OI000002212,O000228,P000776,1,980.91,107.05,873.86
OI000002213,O000772,P000564,6,1904.75,21.12,11407.38
OI000002214,O000890,P000368,8,24.19,6.71,186.81
OI000002215,O002408,P000623,4,5.35,1.1,20.299999999999997
OI000002216,O002613,P000668,8,1135.87,280.17,8806.789999999999
OI000002217,O000575,P000392,8,1336.87,374.64,10320.32
OI000002218,O001775,P000172,4,598.48,132.58,2261.34
OI000002219,O001680,P000226,4,661.78,61.2,2585.92
OI000002220,O001408,P000738,1,767.97,225.88,542.09
OI000002221,O001706,P000152,9,68.04,3.95,608.41
OI000002222,O002240,P000684,10,1874.6,409.29,18336.71
OI000002223,O000851,P000852,7,1388.94,316.27,9406.31
OI000002224,O000087,P000247,2,1979.0,501.97,3456.0299999999997
OI000002225,O002429,P000385,3,1874.09,14.68,5607.589999999999
OI000002226,O001150,P000208,5,877.76,209.95,4178.85
OI000002227,O000245,P000346,9,1842.42,471.13,16110.65
OI000002228,O001377,P000986,3,504.36,130.48,1382.6
OI000002229,O000090,P000427,5,1266.29,367.39,5964.0599999999995
OI000002230,O001506,P000188,10,1044.04,57.33,10383.07
OI000002231,O002698,P000666,7,928.08,250.49,6246.070000000001
OI000002232,O001178,P000678,8,144.37,9.27,1145.69
OI000002233,O002374,P000076,4,1993.18,382.45,7590.27
OI000002234,O000581,P000826,5,623.78,15.86,3103.0399999999995
OI000002235,O002018,P000010,3,503.17,83.86,1425.65
OI000002236,O000684,P000499,9,253.05,70.08,2207.3700000000003
OI000002237,O002962,P000013,4,627.66,12.03,2498.6099999999997
OI000002238,O001892,P000057,1,965.3,36.12,929.18
OI000002239,O002930,P000768,7,552.93,69.34,3801.1699999999996
OI000002240,O002205,P000737,6,482.37,50.31,2843.9100000000003
OI000002241,O001684,P000129,2,1756.87,160.57,3353.1699999999996
OI000002242,O002388,P000703,7,1588.79,53.95,11067.579999999998
OI000002243,O001122,P000572,3,873.06,218.83,2400.35
OI000002244,O000425,P000041,7,834.66,104.02,5738.599999999999
OI000002245,O002187,P000875,5,1163.14,87.72,5727.9800000000005
OI000002246,O001979,P000261,6,1772.1,394.56,10238.039999999999
OI000002247,O002144,P000908,4,336.6,81.59,1264.8100000000002
OI000002248,O002487,P000570,3,1069.19,78.6,3128.9700000000003
OI000002249,O001164,P000462,9,1819.98,385.55,15994.27
OI000002250,O002018,P000115,4,37.57,5.21,145.07
OI000002251,O001624,P000338,3,402.46,83.08,1124.3
OI000002252,O000470,P000963,3,344.78,78.48,955.8599999999999
OI000002253,O001039,P000448,3,163.42,42.04,448.21999999999997
OI000002254,O000575,P000460,4,1891.62,48.57,7517.91
OI000002255,O001353,P000815,8,15.61,1.57,123.31
OI000002256,O002021,P000740,3,222.9,55.85,612.85
OI000002257,O000426,P000048,10,494.03,85.12,4855.179999999999
OI000002258,O000370,P000403,2,1448.48,193.14,2703.82
OI000002259,O001339,P000026,2,1337.21,311.2,2363.2200000000003
OI000002260,O001241,P000289,2,1937.94,529.49,3346.3900000000003
OI000002261,O000992,P000853,9,1677.26,175.63,14919.710000000001
OI000002262,O001035,P000958,1,1533.89,169.86,1364.0300000000002
OI000002263,O002342,P000053,7,918.6,260.93,6169.2699999999995
OI000002264,O001142,P000148,8,1228.6,142.19,9686.609999999999
OI000002265,O000045,P000751,4,408.73,1.01,1633.91
OI000002266,O000198,P000448,10,163.42,1.42,1632.7799999999997
OI000002267,O001611,P000665,10,1713.81,425.05,16713.05
OI000002268,O002910,P000921,3,285.0,57.56,797.44
OI000002269,O002373,P000028,3,1328.0,167.53,3816.47
OI000002270,O000225,P000361,8,944.24,276.85,7277.07
OI000002271,O001951,P000548,9,1041.61,214.87,9159.619999999999
OI000002272,O000492,P000723,3,1384.13,335.46,3816.9300000000003
OI000002273,O002455,P000945,8,1287.86,12.85,10290.029999999999
OI000002274,O002393,P000935,6,1094.05,17.0,6547.299999999999
OI000002275,O000243,P000130,4,21.09,4.9,79.46
OI000002276,O000076,P000974,6,89.43,4.36,532.22
OI000002277,O000202,P000374,1,500.89,92.7,408.19
OI000002278,O000887,P000116,3,623.48,21.08,1849.3600000000001
OI000002279,O000636,P000104,5,373.15,80.17,1785.58
OI000002280,O000146,P000377,8,561.23,109.21,4380.63
OI000002281,O002528,P000049,3,1839.93,373.81,5145.98
OI000002282,O001161,P000261,1,1772.1,180.02,1592.08
OI000002283,O000654,P000515,8,153.98,37.1,1194.74
OI000002284,O002222,P000210,1,849.87,189.96,659.91
OI000002285,O002121,P000344,6,217.3,51.31,1252.4900000000002
OI000002286,O002269,P000202,4,1657.89,233.19,6398.370000000001
OI000002287,O002850,P000922,5,1803.24,92.07,8924.130000000001
OI000002288,O000928,P000504,2,1701.63,28.24,3375.0200000000004
OI000002289,O001788,P000747,7,427.5,64.19,2928.31
OI000002290,O002714,P000392,6,1336.87,378.08,7643.139999999999
OI000002291,O000457,P000562,7,578.74,9.1,4042.0800000000004
OI000002292,O002974,P000058,1,1167.45,45.77,1121.68
OI000002293,O002100,P000328,2,151.76,37.93,265.59
OI000002294,O001782,P000670,7,937.31,211.81,6349.36
OI000002295,O002071,P000818,10,82.46,8.54,816.06
OI000002296,O002140,P000921,6,285.0,79.39,1630.61
OI000002297,O001902,P000616,8,1001.09,185.71,7823.01
OI000002298,O002104,P000725,9,1732.02,181.64,15406.54
OI000002299,O000374,P000521,4,1007.35,52.77,3976.63
OI000002300,O001895,P000716,4,223.06,9.95,882.29
OI000002301,O000589,P000979,4,1379.64,340.2,5178.360000000001
OI000002302,O000481,P000687,4,1421.54,418.4,5267.76
OI000002303,O002117,P000356,5,254.34,24.9,1246.8
OI000002304,O000917,P000302,6,1661.73,494.61,9475.77
OI000002305,O001732,P000066,4,1208.64,155.25,4679.31
OI000002306,O000865,P000551,6,151.2,29.15,878.05
OI000002307,O001657,P000708,9,163.15,19.38,1448.97
OI000002308,O001487,P000372,1,1047.95,92.09,955.86
OI000002309,O002320,P000993,2,827.63,231.84,1423.42
OI000002310,O001970,P000332,7,1943.63,173.21,13432.2
OI000002311,O000924,P000494,3,1011.4,72.05,2962.1499999999996
OI000002312,O002264,P000668,4,1135.87,126.63,4416.849999999999
OI000002313,O000004,P000161,2,273.91,17.37,530.45
OI000002314,O000273,P000049,7,1839.93,491.33,12388.18
OI000002315,O001037,P000945,10,1287.86,80.65,12797.949999999999
OI000002316,O000266,P000460,1,1891.62,384.96,1506.6599999999999
OI000002317,O001237,P000853,3,1677.26,167.24,4864.54
OI000002318,O001254,P000320,1,1011.98,124.33,887.65
OI000002319,O001455,P000716,5,223.06,61.52,1053.78
OI000002320,O000761,P000901,8,49.1,1.05,391.75
OI000002321,O001875,P000864,2,723.69,100.18,1347.2
OI000002322,O000308,P000314,4,1319.43,312.99,4964.7300000000005
OI000002323,O002779,P000587,4,896.13,258.77,3325.75
OI000002324,O001143,P000220,9,1661.8,405.66,14550.539999999999
OI000002325,O000138,P000349,6,245.34,1.85,1470.19
OI000002326,O001962,P000008,7,1423.64,130.07,9835.410000000002
OI000002327,O002907,P000498,10,1597.19,444.44,15527.460000000001
OI000002328,O002208,P000446,10,1640.14,26.59,16374.810000000001
OI000002329,O001328,P000205,8,1027.59,46.39,8174.329999999999
OI000002330,O002884,P000505,9,1800.61,495.34,15710.15
OI000002331,O002573,P000060,7,1525.07,381.68,10293.81
OI000002332,O000953,P000603,7,1296.91,202.79,8875.58
OI000002333,O001220,P000696,6,1613.76,100.59,9581.97
OI000002334,O000844,P000839,8,30.73,2.17,243.67000000000002
OI000002335,O001198,P000750,10,765.43,146.74,7507.5599999999995
OI000002336,O000464,P000094,3,477.6,111.01,1321.7900000000002
OI000002337,O000349,P000517,8,255.91,48.63,1998.6499999999999
OI000002338,O002257,P000657,5,128.07,25.81,614.54
OI000002339,O000028,P000750,1,765.43,18.85,746.5799999999999
OI000002340,O000145,P000777,5,1885.84,246.27,9182.929999999998
OI000002341,O000430,P000975,10,197.12,16.06,1955.14
OI000002342,O002292,P000379,6,243.16,29.97,1428.99
OI000002343,O002395,P000669,1,709.86,90.75,619.11
OI000002344,O000622,P000368,7,24.19,2.1,167.23000000000002
OI000002345,O002969,P000670,1,937.31,41.59,895.7199999999999
OI000002346,O001789,P000093,2,1669.16,441.58,2896.7400000000002
OI000002347,O001096,P000263,8,222.37,45.93,1733.03
OI000002348,O001824,P000742,5,319.51,50.88,1546.6699999999998
OI000002349,O000872,P000090,2,911.3,110.65,1711.9499999999998
OI000002350,O000320,P000135,3,1752.72,1.91,5256.25
OI000002351,O001905,P000670,1,937.31,75.41,861.9
OI000002352,O002252,P000738,1,767.97,77.37,690.6
OI000002353,O001687,P000805,7,43.34,1.81,301.57
OI000002354,O000344,P000359,7,17.82,1.28,123.46000000000001
OI000002355,O002165,P000997,2,1002.0,105.58,1898.42
OI000002356,O002187,P000690,3,294.63,15.91,867.98
OI000002357,O002983,P000758,5,20.98,5.74,99.16000000000001
OI000002358,O001523,P000972,3,1944.33,2.47,5830.5199999999995
OI000002359,O000824,P000881,1,1764.4,59.03,1705.3700000000001
OI000002360,O001210,P000465,9,890.88,255.83,7762.09
OI000002361,O001199,P000237,9,1622.17,33.84,14565.69
OI000002362,O001162,P000322,10,1261.31,205.24,12407.859999999999
OI000002363,O002452,P000581,7,498.49,70.01,3419.42
OI000002364,O002846,P000178,2,1190.26,162.02,2218.5
OI000002365,O001814,P000829,2,34.71,2.52,66.9
OI000002366,O001455,P000861,1,1857.3,46.33,1810.97
OI000002367,O000585,P000707,4,1431.91,281.78,5445.860000000001
OI000002368,O002677,P000977,2,1140.0,194.8,2085.2
OI000002369,O002512,P000144,3,995.44,202.89,2783.4300000000003
OI000002370,O002391,P000707,1,1431.91,106.28,1325.63
OI000002371,O002778,P000354,1,770.78,101.35,669.43
OI000002372,O001336,P000310,5,1948.09,413.97,9326.48
OI000002373,O000231,P000650,2,330.37,12.39,648.35
OI000002374,O002771,P000767,6,1966.38,541.22,11257.060000000001
OI000002375,O000115,P000875,8,1163.14,172.3,9132.820000000002
OI000002376,O002479,P000181,1,794.31,149.04,645.27
OI000002377,O001051,P000716,2,223.06,40.34,405.78
OI000002378,O001284,P000808,3,254.28,73.73,689.11
OI000002379,O002472,P000157,3,1411.2,250.11,3983.4900000000002
OI000002380,O001025,P000981,3,1764.41,409.54,4883.6900000000005
OI000002381,O000288,P000174,9,3.71,0.68,32.71
OI000002382,O000138,P000105,5,780.41,87.92,3814.1299999999997
OI000002383,O002452,P000104,3,373.15,54.8,1064.6499999999999
OI000002384,O000749,P000363,8,284.75,2.31,2275.69
OI000002385,O002651,P000535,4,691.04,145.86,2618.2999999999997
OI000002386,O000674,P000132,8,1097.12,290.32,8486.64
OI000002387,O000297,P000387,2,1137.42,73.5,2201.34
OI000002388,O000398,P000695,2,354.3,79.09,629.51
OI000002389,O000551,P000998,6,1771.97,25.72,10606.1
OI000002390,O000066,P000200,5,1368.99,402.31,6442.639999999999
OI000002391,O000261,P000712,8,27.1,7.69,209.11
OI000002392,O001499,P000543,10,1560.53,54.98,15550.32
OI000002393,O000500,P000501,1,178.2,2.22,175.98
OI000002394,O001170,P000376,3,1068.19,232.83,2971.7400000000002
OI000002395,O002625,P000156,8,554.7,71.79,4365.81
OI000002396,O002480,P000886,9,714.21,112.59,6315.3
OI000002397,O002999,P000314,9,1319.43,133.78,11741.09
OI000002398,O002172,P000258,10,907.59,78.08,8997.82
OI000002399,O002154,P000150,6,1591.64,402.49,9147.35
OI000002400,O002859,P000001,3,708.94,112.76,2014.0600000000002
OI000002401,O000476,P000122,4,1945.52,174.25,7607.83
OI000002402,O001660,P000216,6,1516.37,365.31,8732.91
OI000002403,O002715,P000460,1,1891.62,310.94,1580.6799999999998
OI000002404,O002558,P000047,7,233.35,15.71,1617.74
OI000002405,O002708,P000243,5,297.92,49.28,1440.3200000000002
OI000002406,O001273,P000975,1,197.12,32.76,164.36
OI000002407,O001761,P000071,6,1107.76,101.85,6544.709999999999
OI000002408,O002823,P000991,3,859.29,235.8,2342.0699999999997
OI000002409,O001383,P000699,8,197.26,9.55,1568.53
OI000002410,O000143,P000808,4,254.28,22.31,994.8100000000001
OI000002411,O000222,P000152,6,68.04,1.15,407.09000000000003
OI000002412,O000276,P000981,10,1764.41,332.56,17311.54
OI000002413,O000157,P000433,10,353.66,47.73,3488.8700000000003
OI000002414,O000074,P000323,5,964.93,112.5,4712.15
OI000002415,O000402,P000972,2,1944.33,573.34,3315.3199999999997
OI000002416,O001545,P000094,2,477.6,81.31,873.8900000000001
OI000002417,O002188,P000493,2,1855.43,19.35,3691.51
OI000002418,O001565,P000712,3,27.1,3.92,77.38000000000001
OI000002419,O001471,P000594,7,1038.1,274.86,6991.839999999999
OI000002420,O002206,P000395,10,288.86,34.28,2854.32
OI000002421,O002962,P000183,5,1753.7,509.66,8258.84
OI000002422,O002444,P000804,5,935.51,137.2,4540.35
OI000002423,O001875,P000928,8,1542.52,66.63,12273.53
OI000002424,O000602,P000002,6,1734.43,345.15,10061.43
OI000002425,O000175,P000037,9,1590.88,325.45,13992.470000000001
OI000002426,O002446,P000965,9,549.05,13.18,4928.2699999999995
OI000002427,O002285,P000904,7,483.23,20.5,3362.11
OI000002428,O000628,P000785,6,188.57,38.65,1092.77
OI000002429,O002107,P000528,8,1159.69,231.99,9045.53
OI000002430,O001422,P000801,4,373.91,104.69,1390.95
OI000002431,O000348,P000972,8,1944.33,473.97,15080.67
OI000002432,O001929,P000511,2,803.09,211.93,1394.25
OI000002433,O001419,P000459,1,1585.62,328.73,1256.8899999999999
OI000002434,O002260,P000430,10,32.92,9.26,319.94000000000005
OI000002435,O002659,P000133,4,1130.53,154.59,4367.53
OI000002436,O000140,P000859,3,1721.38,211.19,4952.950000000001
OI000002437,O000102,P000069,6,810.99,195.52,4670.42
OI000002438,O002311,P000964,5,160.72,17.4,786.2
OI000002439,O000154,P000707,9,1431.91,412.77,12474.42
OI000002440,O002373,P000991,3,859.29,132.18,2445.69
OI000002441,O001032,P000938,2,788.58,106.48,1470.68
OI000002442,O000116,P000646,10,1100.42,31.41,10972.79
OI000002443,O001822,P000605,9,1505.93,193.47,13359.900000000001
OI000002444,O002385,P000616,1,1001.09,216.06,785.03
OI000002445,O001381,P000105,5,780.41,96.72,3805.33
OI000002446,O002166,P000279,9,948.41,138.69,8397.0
OI000002447,O002370,P000567,5,233.93,62.68,1106.97
OI000002448,O002299,P000450,1,793.14,21.03,772.11
OI000002449,O000389,P000748,2,1442.82,107.97,2777.67
OI000002450,O002494,P000797,3,1511.81,9.48,4525.950000000001
OI000002451,O000709,P000813,9,156.58,30.66,1378.56
OI000002452,O000248,P000645,6,1972.5,465.16,11369.84
OI000002453,O001398,P000686,2,3.82,0.76,6.88
OI000002454,O000033,P000195,2,828.98,87.72,1570.24
OI000002455,O000697,P000144,1,995.44,30.94,964.5
OI000002456,O001196,P000447,7,601.01,50.52,4156.549999999999
OI000002457,O001205,P000989,8,871.35,32.15,6938.650000000001
OI000002458,O000574,P000967,4,1629.27,183.65,6333.43
OI000002459,O002410,P000363,6,284.75,41.41,1667.09
OI000002460,O001650,P000415,6,723.99,54.93,4289.01
OI000002461,O001150,P000108,6,122.16,15.02,717.94
OI000002462,O002723,P000698,2,982.47,69.86,1895.0800000000002
OI000002463,O002141,P001000,4,191.78,53.53,713.59
OI000002464,O002470,P000317,3,409.42,110.8,1117.46
OI000002465,O000462,P000290,8,271.21,22.49,2147.19
OI000002466,O001990,P000577,7,18.66,1.98,128.64000000000001
OI000002467,O001138,P000101,4,106.37,19.95,405.53000000000003
OI000002468,O000454,P000778,10,759.17,224.15,7367.55
OI000002469,O001782,P000842,9,191.61,12.02,1712.4700000000003
OI000002470,O001494,P000146,6,710.88,163.17,4102.11
OI000002471,O001679,P000811,8,106.61,13.22,839.66
OI000002472,O000886,P000756,1,1075.19,40.28,1034.91
OI000002473,O002299,P000405,6,316.12,42.17,1854.55
OI000002474,O001837,P000205,10,1027.59,303.22,9972.68
OI000002475,O000958,P000085,5,311.52,10.64,1546.9599999999998
OI000002476,O001379,P000763,4,1986.37,51.17,7894.3099999999995
OI000002477,O002771,P000616,3,1001.09,171.08,2832.19
OI000002478,O000600,P000619,1,1009.05,197.38,811.67
OI000002479,O001747,P000793,8,299.32,75.51,2319.0499999999997
OI000002480,O000336,P000924,1,723.54,40.29,683.25
OI000002481,O000229,P000231,1,1513.28,431.59,1081.69
OI000002482,O001911,P000561,7,867.09,228.4,5841.2300000000005
OI000002483,O001710,P000709,7,1469.08,227.96,10055.6
OI000002484,O002974,P000659,2,181.9,41.7,322.1
OI000002485,O002275,P000910,3,360.6,91.25,990.5500000000002
OI000002486,O002789,P000341,2,15.39,3.16,27.62
OI000002487,O001042,P000845,2,1606.54,74.93,3138.15
OI000002488,O001218,P000111,2,1817.6,518.14,3117.06
OI000002489,O002027,P000074,2,254.86,67.17,442.55
OI000002490,O002255,P000305,10,37.98,2.17,377.62999999999994
OI000002491,O002444,P000838,6,1035.16,119.14,6091.820000000001
OI000002492,O000029,P000396,3,72.3,12.03,204.86999999999998
OI000002493,O001971,P000219,2,982.72,172.48,1792.96
OI000002494,O002759,P000208,8,877.76,204.69,6817.39
OI000002495,O000554,P000335,9,225.93,64.69,1968.68
OI000002496,O000392,P000392,3,1336.87,194.99,3815.62
OI000002497,O000779,P000244,3,1072.6,43.2,3174.6
OI000002498,O001747,P000416,2,1137.53,201.16,2073.9
OI000002499,O000776,P000055,7,1701.66,352.58,11559.04
OI000002500,O001946,P000954,2,1799.27,384.48,3214.06
OI000002501,O000742,P000798,4,257.74,71.47,959.49
OI000002502,O000120,P000823,10,760.05,83.8,7516.7
OI000002503,O001378,P000966,7,951.42,203.85,6456.089999999999
OI000002504,O001753,P000093,4,1669.16,198.48,6478.160000000001
OI000002505,O002031,P000838,7,1035.16,163.22,7082.900000000001
OI000002506,O002840,P000736,2,365.23,60.38,670.08
OI000002507,O001048,P000444,6,777.75,15.04,4651.46
OI000002508,O002078,P000331,9,1444.86,398.53,12605.21
OI000002509,O000594,P000183,1,1753.7,446.51,1307.19
OI000002510,O000116,P000849,4,1059.2,130.97,4105.83
OI000002511,O000592,P000811,8,106.61,16.15,836.73
OI000002512,O002020,P000620,5,1248.68,0.77,6242.63
OI000002513,O001304,P000042,6,1689.48,32.59,10104.29
OI000002514,O000415,P000039,3,998.6,12.2,2983.6000000000004
OI000002515,O000624,P000903,4,1205.79,209.86,4613.3
OI000002516,O000894,P000857,5,1910.95,303.71,9251.04
OI000002517,O001205,P000338,2,402.46,35.03,769.89
OI000002518,O001376,P000433,1,353.66,41.49,312.17
OI000002519,O000414,P000720,6,121.26,28.17,699.3900000000001
OI000002520,O002222,P000362,5,163.96,9.03,810.7700000000001
OI000002521,O000135,P000839,7,30.73,7.5,207.61
OI000002522,O000679,P000103,4,35.47,3.95,137.93
OI000002523,O002331,P000844,1,459.84,95.55,364.28999999999996
OI000002524,O000535,P000581,4,498.49,78.83,1915.13
OI000002525,O002457,P000573,10,21.71,1.7,215.40000000000003
OI000002526,O000763,P000908,1,336.6,51.64,284.96000000000004
OI000002527,O002592,P000609,7,822.73,108.36,5650.750000000001
OI000002528,O002062,P000602,2,668.37,52.84,1283.9
OI000002529,O001145,P000766,10,229.31,36.84,2256.2599999999998
OI000002530,O000059,P000726,6,928.18,135.04,5434.04
OI000002531,O001148,P000380,3,1674.15,189.29,4833.160000000001
OI000002532,O002306,P000727,3,692.57,3.16,2074.55
OI000002533,O001938,P000297,3,144.92,41.21,393.55
OI000002534,O002097,P000140,2,982.04,276.88,1687.1999999999998
OI000002535,O002379,P000358,1,500.38,69.64,430.74
OI000002536,O001028,P000182,10,1372.23,116.19,13606.109999999999
OI000002537,O001302,P000589,10,286.46,9.7,2854.9
OI000002538,O002880,P000602,2,668.37,152.99,1183.75
OI000002539,O000605,P000247,3,1979.0,323.6,5613.4
OI000002540,O001651,P000103,10,35.47,5.3,349.4
OI000002541,O002717,P000001,10,708.94,166.37,6923.030000000001
OI000002542,O001339,P000611,10,512.0,7.7,5112.3
OI000002543,O002713,P000995,5,952.7,107.26,4656.24
OI000002544,O001051,P000299,7,933.61,50.03,6485.240000000001
OI000002545,O002629,P000871,9,26.45,2.08,235.96999999999997
OI000002546,O000621,P000183,6,1753.7,460.91,10061.29
OI000002547,O002313,P000743,5,1834.29,230.48,8940.970000000001
OI000002548,O000546,P000918,9,284.36,60.64,2498.6000000000004
OI000002549,O000186,P000117,3,278.66,22.59,813.39
OI000002550,O001833,P000623,2,5.35,0.98,9.719999999999999
OI000002551,O000228,P000917,6,549.32,163.0,3132.92
OI000002552,O000143,P000854,8,270.75,7.68,2158.32
OI000002553,O001818,P000213,2,1329.61,330.22,2329.0
OI000002554,O000726,P000673,6,500.63,149.52,2854.2599999999998
OI000002555,O001154,P000211,5,524.47,24.72,2597.6300000000006
OI000002556,O002308,P000633,7,1471.94,331.0,9972.58
OI000002557,O001716,P000940,5,122.74,15.49,598.2099999999999
OI000002558,O000715,P000729,4,44.81,0.21,179.03
OI000002559,O002140,P000948,1,961.55,286.67,674.8799999999999
OI000002560,O000049,P000144,6,995.44,202.8,5769.84
OI000002561,O002239,P000896,7,61.98,13.48,420.37999999999994
OI000002562,O002568,P000487,7,1467.14,31.52,10238.460000000001
OI000002563,O001257,P000754,9,998.49,46.73,8939.68
OI000002564,O000287,P000005,9,1877.25,356.9,16538.35
OI000002565,O000890,P000655,5,107.05,15.53,519.72
OI000002566,O002796,P000748,4,1442.82,209.06,5562.219999999999
OI000002567,O001557,P000722,5,455.23,105.84,2170.31
OI000002568,O001818,P000217,7,1403.4,115.16,9708.640000000001
OI000002569,O000669,P000672,2,574.61,169.18,980.04
OI000002570,O000596,P000560,1,120.18,26.5,93.68
OI000002571,O000264,P000460,7,1891.62,308.18,12933.16
OI000002572,O002068,P000325,5,76.46,14.17,368.12999999999994
OI000002573,O001907,P000763,5,1986.37,475.49,9456.359999999999
OI000002574,O001850,P000209,2,240.61,54.58,426.64000000000004
OI000002575,O000587,P000261,3,1772.1,198.13,5118.169999999999
OI000002576,O002274,P000694,7,461.63,48.11,3183.2999999999997
OI000002577,O000248,P000023,5,1958.73,524.55,9269.1
OI000002578,O002346,P000507,7,1029.09,268.19,6935.44
OI000002579,O000338,P000420,10,1735.81,299.7,17058.399999999998
OI000002580,O000822,P000042,9,1689.48,97.29,15108.029999999999
OI000002581,O002970,P000924,6,723.54,51.38,4289.86
OI000002582,O000232,P000280,5,896.18,14.99,4465.91
OI000002583,O002411,P000913,4,1745.3,216.62,6764.58
OI000002584,O002625,P000816,7,1126.29,270.6,7613.429999999999
OI000002585,O000980,P000375,3,1711.54,445.55,4689.07
OI000002586,O000661,P000136,10,1094.77,290.6,10657.1
OI000002587,O000107,P000325,8,76.46,18.94,592.7399999999999
OI000002588,O001168,P000889,2,889.74,83.3,1696.18
OI000002589,O002486,P000664,7,58.71,16.76,394.21000000000004
OI000002590,O002787,P000185,2,643.85,181.62,1106.08
OI000002591,O001593,P000286,3,1963.66,413.04,5477.9400000000005
OI000002592,O001258,P000243,5,297.92,79.8,1409.8000000000002
OI000002593,O000623,P000353,7,397.84,11.47,2773.41
OI000002594,O001374,P000559,3,444.5,13.87,1319.63
OI000002595,O000180,P000114,2,133.13,33.66,232.6
OI000002596,O002576,P000702,7,1444.85,428.43,9685.519999999999
OI000002597,O001979,P000078,4,1648.51,4.77,6589.2699999999995
OI000002598,O002223,P000187,4,362.53,56.6,1393.52
OI000002599,O002862,P000371,3,438.52,7.73,1307.83
OI000002600,O002190,P000270,3,380.64,21.59,1120.3300000000002
OI000002601,O000984,P000355,9,1953.77,315.21,17268.72
OI000002602,O001823,P000281,7,1799.35,11.77,12583.679999999998
OI000002603,O002986,P000773,3,929.87,84.27,2705.34
OI000002604,O000927,P000208,9,877.76,70.86,7828.9800000000005
OI000002605,O000276,P000865,9,678.15,85.9,6017.45
OI000002606,O002316,P000539,4,173.59,27.82,666.54
OI000002607,O001921,P000306,7,131.12,34.8,883.0400000000001
OI000002608,O001191,P000222,4,395.06,108.11,1472.13
OI000002609,O002945,P000924,3,723.54,153.99,2016.6299999999999
OI000002610,O000894,P000612,1,120.35,14.39,105.96
OI000002611,O000244,P000095,3,1267.28,25.76,3776.08
OI000002612,O000672,P000023,10,1958.73,255.08,19332.219999999998
OI000002613,O001154,P000843,3,304.52,89.11,824.4499999999999
OI000002614,O001055,P000835,2,1852.55,466.8,3238.2999999999997
OI000002615,O001797,P000762,8,1859.39,241.09,14634.03
OI000002616,O001926,P000922,6,1803.24,218.84,10600.6
OI000002617,O001567,P000623,4,5.35,0.04,21.36
OI000002618,O001988,P000062,8,512.56,1.63,4098.849999999999
OI000002619,O000337,P000835,9,1852.55,196.42,16476.530000000002
OI000002620,O002670,P000918,7,284.36,78.74,1911.78
OI000002621,O001947,P000784,8,157.64,35.08,1226.04
OI000002622,O002196,P000781,5,220.22,14.47,1086.6299999999999
OI000002623,O001790,P000950,2,414.19,108.59,719.79
OI000002624,O002867,P000225,9,810.98,70.76,7228.0599999999995
OI000002625,O001369,P000590,5,1278.55,268.1,6124.65
OI000002626,O002774,P000894,3,1387.22,93.45,4068.21
OI000002627,O002283,P001000,9,191.78,16.03,1709.99
OI000002628,O001885,P000220,10,1661.8,398.74,16219.26
OI000002629,O001500,P000403,4,1448.48,385.06,5408.86
OI000002630,O000394,P000698,4,982.47,37.6,3892.28
OI000002631,O001451,P000284,1,313.06,12.62,300.44
OI000002632,O002372,P000616,9,1001.09,75.36,8934.449999999999
OI000002633,O001101,P000221,2,829.56,198.08,1461.04
OI000002634,O000608,P000524,10,705.15,19.73,7031.77
OI000002635,O001377,P000135,10,1752.72,106.27,17420.93
OI000002636,O001317,P000764,2,71.15,5.49,136.81
OI000002637,O002929,P000024,10,66.96,2.82,666.7799999999999
OI000002638,O001979,P000866,7,920.6,17.63,6426.57
OI000002639,O002560,P000600,3,1070.06,161.61,3048.5699999999997
OI000002640,O000100,P000740,1,222.9,12.48,210.42000000000002
OI000002641,O002488,P000010,1,503.17,17.22,485.95000000000005
OI000002642,O001921,P000887,8,1876.63,76.94,14936.1
OI000002643,O002447,P000845,6,1606.54,62.09,9577.15
OI000002644,O000499,P000627,2,62.03,14.58,109.48
OI000002645,O000368,P000006,9,1376.48,182.2,12206.119999999999
OI000002646,O000253,P000471,5,278.32,46.08,1345.52
OI000002647,O002844,P000375,5,1711.54,460.01,8097.6900000000005
OI000002648,O001979,P000074,1,254.86,56.56,198.3
OI000002649,O000193,P000623,5,5.35,1.13,25.62
OI000002650,O000769,P000696,1,1613.76,431.57,1182.19
OI000002651,O002537,P000819,1,462.02,5.11,456.90999999999997
OI000002652,O002834,P000922,9,1803.24,99.2,16129.96
OI000002653,O002797,P000537,4,1276.32,341.89,4763.389999999999
OI000002654,O001695,P000925,6,1630.6,146.78,9636.819999999998
OI000002655,O002629,P000604,5,1937.68,467.89,9220.51
OI000002656,O000072,P000362,8,163.96,41.41,1270.27
OI000002657,O002724,P000300,6,47.94,10.02,277.62
OI000002658,O001796,P000181,8,794.31,66.04,6288.44
OI000002659,O000944,P000474,9,640.18,150.37,5611.25
OI000002660,O001235,P000980,7,1005.65,24.95,7014.6
OI000002661,O002709,P000895,7,487.63,143.64,3269.77
OI000002662,O002431,P000007,4,405.69,0.49,1622.27
OI000002663,O000938,P000006,4,1376.48,348.82,5157.1
OI000002664,O000008,P000748,8,1442.82,400.81,11141.75
OI000002665,O001198,P000417,3,460.04,99.07,1281.0500000000002
OI000002666,O002959,P000733,10,393.68,18.47,3918.3300000000004
OI000002667,O002964,P000335,9,225.93,18.52,2014.8500000000001
OI000002668,O001910,P000145,9,2.73,0.48,24.09
OI000002669,O002533,P000339,3,780.43,137.83,2203.46
OI000002670,O001558,P000126,2,602.62,60.86,1144.38
OI000002671,O002635,P000397,6,1296.06,120.7,7655.66
OI000002672,O000385,P000796,6,609.16,170.46,3484.5
OI000002673,O000946,P000431,10,1519.75,374.8,14822.7
OI000002674,O000399,P000082,3,384.31,89.0,1063.93
OI000002675,O001520,P000527,9,344.0,67.78,3028.22
OI000002676,O000565,P000807,6,74.33,17.83,428.15000000000003
OI000002677,O001136,P000166,8,1189.26,313.8,9200.28
OI000002678,O001929,P000171,6,1191.32,296.55,6851.37
OI000002679,O001293,P000720,4,121.26,16.52,468.52000000000004
OI000002680,O001829,P000414,4,131.02,37.35,486.73
OI000002681,O000814,P000782,9,188.19,33.73,1659.98
OI000002682,O002368,P000444,9,777.75,213.75,6786.0
OI000002683,O001046,P000501,5,178.2,14.38,876.62
OI000002684,O001500,P000153,4,1133.43,244.12,4289.6
OI000002685,O001735,P000194,4,1736.61,277.54,6668.9
OI000002686,O001998,P000571,4,971.97,102.53,3785.35
OI000002687,O000946,P000014,3,583.15,44.9,1704.5499999999997
OI000002688,O002159,P000902,5,493.12,88.64,2376.96
OI000002689,O002710,P000869,5,279.78,2.04,1396.86
OI000002690,O002831,P000611,7,512.0,85.24,3498.76
OI000002691,O000956,P000138,5,742.8,42.48,3671.52
OI000002692,O000937,P000541,10,12.92,1.2,127.99999999999999
OI000002693,O000444,P000615,1,811.64,57.66,753.98
OI000002694,O001672,P000101,5,106.37,16.89,514.96
OI000002695,O000365,P000809,3,64.16,16.0,176.48
OI000002696,O001816,P000133,10,1130.53,69.02,11236.279999999999
OI000002697,O001098,P000538,3,1885.34,497.41,5158.61
OI000002698,O002656,P000195,6,828.98,5.0,4968.88
OI000002699,O001223,P000784,5,157.64,19.64,768.56
OI000002700,O002180,P000757,3,330.69,6.76,985.31
OI000002701,O001253,P000691,2,1704.2,449.45,2958.9500000000003
OI000002702,O001627,P000533,9,1785.75,533.32,15538.43
OI000002703,O001089,P000365,3,47.53,7.83,134.76
OI000002704,O000001,P000633,7,1471.94,419.85,9883.73
OI000002705,O000936,P000698,10,982.47,35.18,9789.52
OI000002706,O000630,P000422,10,973.57,122.48,9613.220000000001
OI000002707,O000382,P000285,9,124.41,20.0,1099.69
OI000002708,O000316,P000298,6,1178.18,207.59,6861.49
OI000002709,O001073,P000199,2,1837.59,302.3,3372.8799999999997
OI000002710,O001860,P000215,8,1358.6,351.81,10516.99
OI000002711,O001502,P000075,9,1725.0,110.66,15414.34
OI000002712,O000663,P000845,2,1606.54,250.74,2962.34
OI000002713,O001315,P000869,10,279.78,62.98,2734.8199999999997
OI000002714,O002802,P000972,6,1944.33,172.15,11493.83
OI000002715,O001378,P000163,2,214.31,12.86,415.76
OI000002716,O001221,P000521,4,1007.35,89.1,3940.3
OI000002717,O002730,P000411,5,798.36,93.13,3898.67
OI000002718,O001431,P000313,1,20.74,4.29,16.45
OI000002719,O001065,P000317,9,409.42,33.69,3651.09
OI000002720,O000168,P000472,1,264.67,9.79,254.88000000000002
OI000002721,O002661,P000773,3,929.87,120.81,2668.8
OI000002722,O000074,P000007,7,405.69,87.0,2752.83
OI000002723,O001543,P000629,10,1677.51,420.9,16354.199999999999
OI000002724,O000534,P000481,4,1447.12,385.33,5403.15
OI000002725,O002913,P000949,4,419.56,79.69,1598.55
OI000002726,O000800,P000735,4,1898.21,438.31,7154.53
OI000002727,O001989,P000046,5,1555.11,353.72,7421.829999999999
OI000002728,O001197,P000052,7,1644.34,66.7,11443.679999999998
OI000002729,O000775,P000687,9,1421.54,352.75,12441.11
OI000002730,O001853,P000341,9,15.39,1.18,137.32999999999998
OI000002731,O001713,P000591,7,1452.79,343.04,9826.489999999998
OI000002732,O002383,P000533,1,1785.75,249.84,1535.91
OI000002733,O002547,P000032,7,671.75,28.56,4673.69
OI000002734,O001345,P000894,5,1387.22,40.3,6895.8
OI000002735,O000493,P000808,5,254.28,6.92,1264.48
OI000002736,O000379,P000213,8,1329.61,54.87,10582.009999999998
OI000002737,O001661,P000960,9,11.21,0.62,100.27000000000001
OI000002738,O001789,P000597,10,1891.26,201.08,18711.519999999997
OI000002739,O002606,P000757,3,330.69,26.24,965.8299999999999
OI000002740,O001581,P000038,4,851.35,251.41,3153.9900000000002
OI000002741,O001709,P000605,1,1505.93,62.67,1443.26
OI000002742,O000119,P000751,3,408.73,117.76,1108.43
OI000002743,O001262,P000912,7,1468.14,355.01,9921.970000000001
OI000002744,O001173,P000077,2,118.6,32.06,205.14
OI000002745,O002860,P000815,10,15.61,3.89,152.21
OI000002746,O002647,P000700,10,1213.44,360.32,11774.080000000002
OI000002747,O000957,P000325,2,76.46,22.93,129.98999999999998
OI000002748,O000702,P000868,1,1467.0,131.14,1335.8600000000001
OI000002749,O002771,P000091,8,56.35,11.26,439.54
OI000002750,O002926,P000448,8,163.42,13.2,1294.1599999999999
OI000002751,O000785,P000308,5,1925.87,443.92,9185.429999999998
OI000002752,O000036,P000767,4,1966.38,256.49,7609.030000000001
OI000002753,O002358,P000327,5,1741.17,170.67,8535.18
OI000002754,O002936,P000735,6,1898.21,446.64,10942.62
OI000002755,O001428,P000803,3,282.39,84.53,762.64
OI000002756,O002357,P000902,2,493.12,27.65,958.59
OI000002757,O002419,P000848,1,1568.72,153.93,1414.79
OI000002758,O001578,P000983,6,813.84,195.39,4687.65
OI000002759,O002422,P000139,2,1764.18,32.43,3495.9300000000003
OI000002760,O000448,P000349,2,245.34,25.4,465.28000000000003
OI000002761,O002406,P000530,9,130.64,25.66,1150.0999999999997
OI000002762,O001787,P000456,1,1611.1,184.82,1426.28
OI000002763,O000851,P000075,9,1725.0,165.95,15359.05
OI000002764,O000112,P000310,7,1948.09,69.26,13567.369999999999
OI000002765,O001088,P000052,5,1644.34,198.54,8023.159999999999
OI000002766,O000494,P000658,3,1009.91,255.31,2774.42
OI000002767,O002355,P000677,9,939.01,169.57,8281.52
OI000002768,O001767,P000238,1,815.39,62.04,753.35
OI000002769,O002884,P000158,8,1994.69,219.51,15738.01
OI000002770,O002146,P000378,1,381.87,48.09,333.78
OI000002771,O001514,P000546,2,1154.69,110.38,2199.0
OI000002772,O002028,P000644,10,189.11,45.79,1845.3100000000002
OI000002773,O000498,P000726,7,928.18,251.68,6245.579999999999
OI000002774,O001581,P000380,1,1674.15,8.11,1666.0400000000002
OI000002775,O002302,P000627,6,62.03,12.3,359.88
OI000002776,O000473,P000371,7,438.52,67.34,3002.2999999999997
OI000002777,O002628,P000296,8,742.88,158.03,5785.01
OI000002778,O001113,P000352,7,1426.45,406.89,9578.26
OI000002779,O000999,P000861,1,1857.3,483.02,1374.28
OI000002780,O002997,P000982,10,1213.74,119.1,12018.3
OI000002781,O000304,P000441,1,1536.52,50.43,1486.09
OI000002782,O000164,P000421,5,1469.57,292.26,7055.589999999999
OI000002783,O001380,P000025,3,206.32,19.7,599.26
OI000002784,O001878,P000067,2,624.13,49.41,1198.85
OI000002785,O001116,P000559,9,444.5,14.59,3985.91
OI000002786,O000022,P000022,8,40.0,5.53,314.47
OI000002787,O002873,P000141,2,1728.79,474.93,2982.65
OI000002788,O001402,P000835,7,1852.55,500.99,12466.86
OI000002789,O002517,P000306,8,131.12,33.49,1015.47
OI000002790,O000926,P000558,5,700.68,12.66,3490.74
OI000002791,O002058,P000180,8,922.37,261.74,7117.22
OI000002792,O000248,P000789,8,5.28,1.41,40.830000000000005
OI000002793,O000530,P000302,7,1661.73,490.35,11141.76
OI000002794,O001957,P000117,4,278.66,72.1,1042.5400000000002
OI000002795,O002421,P000487,10,1467.14,339.94,14331.460000000001
OI000002796,O001894,P000265,3,76.77,14.56,215.75
OI000002797,O001626,P000784,10,157.64,29.96,1546.4399999999998
OI000002798,O002546,P000030,8,1474.37,295.66,11499.3
OI000002799,O000629,P000412,7,1511.32,75.71,10503.53
OI000002800,O002174,P000332,4,1943.63,527.68,7246.84
OI000002801,O000032,P000866,9,920.6,12.94,8272.46
OI000002802,O002517,P000185,3,643.85,19.37,1912.1800000000003
OI000002803,O001504,P000146,6,710.88,45.38,4219.9
OI000002804,O001285,P000157,6,1411.2,62.41,8404.79
OI000002805,O002774,P000486,4,1162.43,40.87,4608.85
OI000002806,O000105,P000660,8,722.67,118.74,5662.62
OI000002807,O001039,P000696,2,1613.76,267.56,2959.96
OI000002808,O001247,P000858,1,1053.91,201.53,852.3800000000001
OI000002809,O001450,P000724,9,444.71,79.39,3923.0
OI000002810,O000102,P000978,5,618.23,169.52,2921.63
OI000002811,O002230,P000173,1,1705.15,283.42,1421.73
OI000002812,O002171,P000041,10,834.66,28.45,8318.15
OI000002813,O001368,P000841,5,214.82,27.9,1046.1999999999998
OI000002814,O002598,P000175,2,524.31,116.14,932.4799999999999
OI000002815,O002679,P000318,9,1732.19,33.27,15556.44
OI000002816,O001611,P000294,2,676.78,80.69,1272.87
OI000002817,O001383,P000282,4,1298.18,180.46,5012.26
OI000002818,O000580,P000356,6,254.34,76.15,1449.8899999999999
OI000002819,O001430,P000063,2,211.84,40.07,383.61
OI000002820,O000057,P000790,7,360.44,93.76,2429.3199999999997
OI000002821,O001637,P000830,9,1444.33,310.89,12688.08
OI000002822,O001220,P000836,10,1875.69,293.69,18463.210000000003
OI000002823,O001544,P000921,6,285.0,73.4,1636.6
OI000002824,O002358,P000468,8,1513.53,337.99,11770.25
OI000002825,O001226,P000292,9,234.11,7.19,2099.8
OI000002826,O002449,P000560,2,120.18,28.86,211.5
OI000002827,O001103,P000283,3,920.82,117.27,2645.19
OI000002828,O002661,P000056,3,1443.17,53.16,4276.35
OI000002829,O000058,P000953,10,452.68,4.69,4522.110000000001
OI000002830,O000769,P000875,2,1163.14,230.25,2096.03
OI000002831,O002507,P000659,6,181.9,51.1,1040.3000000000002
OI000002832,O001758,P000508,6,882.84,10.88,5286.16
OI000002833,O000928,P000112,7,1915.88,199.25,13211.91
OI000002834,O002196,P000817,4,586.32,131.67,2213.61
OI000002835,O000132,P000548,4,1041.61,118.6,4047.8399999999997
OI000002836,O001202,P000622,8,371.41,6.83,2964.4500000000003
OI000002837,O001135,P000229,3,1312.83,144.54,3793.95
OI000002838,O002175,P000548,7,1041.61,167.62,7123.65
OI000002839,O000516,P000227,3,544.88,121.45,1513.1899999999998
OI000002840,O001452,P000117,4,278.66,8.58,1106.0600000000002
OI000002841,O000528,P000188,7,1044.04,62.61,7245.67
OI000002842,O001246,P000796,1,609.16,84.41,524.75
OI000002843,O001557,P000027,8,541.67,43.46,4289.9
OI000002844,O001796,P000676,7,91.61,0.38,640.89
OI000002845,O001927,P000575,6,81.85,7.04,484.05999999999995
OI000002846,O000535,P000937,10,1807.84,126.0,17952.399999999998
OI000002847,O001402,P000439,5,501.44,84.64,2422.56
OI000002848,O000756,P000188,8,1044.04,184.97,8167.349999999999
OI000002849,O001577,P000805,3,43.34,11.92,118.10000000000001
OI000002850,O001455,P000743,6,1834.29,303.06,10702.68
OI000002851,O000322,P000976,6,1278.46,211.68,7459.08
OI000002852,O000885,P000715,1,297.93,68.19,229.74
OI000002853,O000800,P000918,4,284.36,63.59,1073.8500000000001
OI000002854,O001884,P000834,7,1995.64,89.21,13880.270000000002
OI000002855,O002506,P000203,4,372.51,72.89,1417.1499999999999
OI000002856,O001575,P000025,8,206.32,32.23,1618.33
OI000002857,O001191,P000629,1,1677.51,162.51,1515.0
OI000002858,O001394,P000202,10,1657.89,366.47,16212.430000000002
OI000002859,O001781,P000334,4,1110.66,299.25,4143.39
OI000002860,O000229,P000309,7,1158.95,143.02,7969.63
OI000002861,O002750,P000931,8,128.64,29.84,999.2799999999999
OI000002862,O000357,P000705,5,335.71,58.12,1620.43
OI000002863,O000268,P000398,7,490.78,60.32,3375.14
OI000002864,O001701,P000829,4,34.71,0.41,138.43
OI000002865,O000251,P000100,2,487.73,96.25,879.21
OI000002866,O002372,P000062,9,512.56,61.13,4551.909999999999
OI000002867,O000510,P000493,8,1855.43,427.75,14415.69
OI000002868,O001945,P000344,5,217.3,30.14,1056.36
OI000002869,O000958,P000305,10,37.98,6.89,372.90999999999997
OI000002870,O002673,P000872,4,1307.54,28.69,5201.47
OI000002871,O001354,P000287,2,968.94,41.83,1896.0500000000002
OI000002872,O002029,P000244,5,1072.6,217.72,5145.28
OI000002873,O001777,P000122,5,1945.52,439.68,9287.92
OI000002874,O000722,P000337,1,794.19,130.42,663.7700000000001
OI000002875,O000552,P000279,5,948.41,2.12,4739.93
OI000002876,O001069,P000828,1,1077.5,218.89,858.61
OI000002877,O002921,P000901,8,49.1,0.23,392.57
OI000002878,O002254,P000287,6,968.94,102.57,5711.070000000001
OI000002879,O000763,P000467,10,847.94,219.95,8259.45
OI000002880,O001948,P000119,1,1333.68,173.22,1160.46
OI000002881,O001800,P000799,3,563.74,134.26,1556.96
OI000002882,O002452,P000028,1,1328.0,283.18,1044.82
OI000002883,O001168,P000310,10,1948.09,566.67,18914.23
OI000002884,O002208,P000954,4,1799.27,433.25,6763.83
OI000002885,O002380,P000965,6,549.05,151.78,3142.5199999999995
OI000002886,O000607,P000218,10,1997.53,519.71,19455.59
OI000002887,O001696,P000357,2,1755.07,333.85,3176.29
OI000002888,O001480,P000416,8,1137.53,122.59,8977.65
OI000002889,O000589,P000073,8,18.7,2.8,146.79999999999998
OI000002890,O002146,P000418,7,246.0,67.57,1654.43
OI000002891,O002322,P000073,4,18.7,4.63,70.17
OI000002892,O001480,P000133,7,1130.53,201.02,7712.69
OI000002893,O000898,P000236,6,631.33,44.71,3743.2700000000004
OI000002894,O000846,P000047,6,233.35,13.19,1386.9099999999999
OI000002895,O002945,P000095,7,1267.28,110.77,8760.189999999999
OI000002896,O000188,P000316,9,203.79,11.43,1822.6799999999998
OI000002897,O001977,P000534,10,1699.3,383.06,16609.94
OI000002898,O000815,P000108,6,122.16,21.48,711.48
OI000002899,O001138,P000126,8,602.62,46.76,4774.2
OI000002900,O002639,P000912,9,1468.14,95.08,13118.18
OI000002901,O002290,P000385,1,1874.09,53.34,1820.75
OI000002902,O000301,P000690,1,294.63,67.21,227.42000000000002
OI000002903,O001116,P000104,4,373.15,92.62,1399.98
OI000002904,O001125,P000786,7,701.62,170.93,4740.41
OI000002905,O001962,P000466,6,182.23,33.24,1060.1399999999999
OI000002906,O002501,P000954,2,1799.27,429.71,3168.83
OI000002907,O000610,P000020,10,628.21,162.16,6119.9400000000005
OI000002908,O000486,P000327,10,1741.17,518.28,16893.420000000002
OI000002909,O002735,P000264,2,336.58,88.22,584.9399999999999
OI000002910,O001554,P000973,10,1012.91,252.4,9876.7
OI000002911,O000414,P000262,9,736.56,50.17,6578.869999999999
OI000002912,O002075,P000056,1,1443.17,338.71,1104.46
OI000002913,O001017,P000815,10,15.61,1.77,154.32999999999998
OI000002914,O001269,P000799,7,563.74,52.03,3894.15
OI000002915,O000797,P000763,5,1986.37,275.36,9656.489999999998
OI000002916,O001724,P000405,6,316.12,73.91,1822.81
OI000002917,O000412,P000117,2,278.66,59.07,498.25000000000006
OI000002918,O001821,P000139,3,1764.18,478.56,4813.98
OI000002919,O001770,P000817,9,586.32,58.78,5218.1
OI000002920,O000241,P000275,5,254.29,29.25,1242.2
OI000002921,O001410,P000774,7,1604.87,344.0,10890.09
OI000002922,O002290,P000121,3,1866.2,100.62,5497.9800000000005
OI000002923,O001330,P000134,1,1280.87,54.31,1226.56
OI000002924,O001486,P000851,3,213.39,54.56,585.6099999999999
OI000002925,O000979,P000595,7,1528.15,129.28,10567.77
OI000002926,O000256,P000893,7,156.29,27.34,1066.69
OI000002927,O002469,P000440,4,1196.88,157.35,4630.17
OI000002928,O000374,P000972,9,1944.33,28.67,17470.300000000003
OI000002929,O000632,P000733,9,393.68,36.46,3506.66
OI000002930,O002291,P000129,6,1756.87,156.54,10384.679999999998
OI000002931,O002194,P000489,9,1314.0,101.48,11724.52
OI000002932,O000158,P000104,10,373.15,107.17,3624.33
OI000002933,O002990,P000878,1,1375.57,310.71,1064.86
OI000002934,O002761,P000600,2,1070.06,180.12,1960.0
OI000002935,O002453,P000723,8,1384.13,355.04,10718.0
OI000002936,O002052,P000624,5,401.33,20.45,1986.1999999999998
OI000002937,O002363,P000943,2,1140.36,150.01,2130.71
OI000002938,O002244,P000318,5,1732.19,456.23,8204.720000000001
OI000002939,O000632,P000216,5,1516.37,119.32,7462.53
OI000002940,O001751,P000818,10,82.46,16.0,808.5999999999999
OI000002941,O002276,P000825,5,1816.12,104.04,8976.559999999998
OI000002942,O001892,P000630,3,856.78,156.8,2413.54
OI000002943,O001787,P000551,5,151.2,32.06,723.94
OI000002944,O001561,P000054,8,1664.6,234.68,13082.119999999999
OI000002945,O000335,P000358,1,500.38,12.12,488.26
OI000002946,O000996,P000854,9,270.75,54.67,2382.08
OI000002947,O001642,P000810,2,6.44,0.89,11.99
OI000002948,O001865,P000741,8,1657.77,150.91,13111.25
OI000002949,O001446,P000800,4,1455.26,295.9,5525.14
OI000002950,O002100,P000066,7,1208.64,227.43,8233.050000000001
OI000002951,O000453,P000907,4,1911.53,295.93,7350.19
OI000002952,O002647,P000224,8,1528.69,417.64,11811.880000000001
OI000002953,O002878,P000975,10,197.12,18.49,1952.71
OI000002954,O001778,P000604,5,1937.68,481.82,9206.58
OI000002955,O002537,P000604,6,1937.68,335.95,11290.13
OI000002956,O000891,P000774,6,1604.87,315.81,9313.41
OI000002957,O002331,P000711,10,1217.93,194.99,11984.310000000001
OI000002958,O000989,P000235,5,1886.98,14.63,9420.27
OI000002959,O001940,P000473,5,1794.25,159.56,8811.69
OI000002960,O000681,P000471,1,278.32,78.95,199.37
OI000002961,O000755,P000497,8,242.36,35.06,1903.8200000000002
OI000002962,O002747,P000967,9,1629.27,333.43,14330.0
OI000002963,O000451,P000069,8,810.99,234.97,6252.95
OI000002964,O001344,P000234,7,1658.18,170.64,11436.62
OI000002965,O002245,P000147,5,45.28,8.42,217.98000000000002
OI000002966,O000780,P000437,2,1649.68,85.3,3214.06
OI000002967,O000567,P000270,1,380.64,101.6,279.03999999999996
OI000002968,O002454,P000142,2,1364.85,30.83,2698.87
OI000002969,O000240,P000743,3,1834.29,53.83,5449.04
OI000002970,O001815,P000535,7,691.04,204.53,4632.75
OI000002971,O002433,P000946,1,1945.74,248.68,1697.06
OI000002972,O002294,P000412,5,1511.32,361.04,7195.5599999999995
OI000002973,O001728,P000820,6,440.62,53.27,2590.4500000000003
OI000002974,O002232,P000347,1,689.1,18.76,670.34
OI000002975,O002233,P000121,5,1866.2,197.38,9133.62
OI000002976,O001581,P000783,8,1511.59,22.31,12070.41
OI000002977,O001411,P000831,6,1512.11,107.02,8965.64
OI000002978,O002296,P000437,2,1649.68,489.52,2809.84
OI000002979,O001315,P000088,5,316.13,73.12,1507.5300000000002
OI000002980,O000463,P000083,4,80.73,21.03,301.89
OI000002981,O002480,P000320,2,1011.98,262.06,1761.9
OI000002982,O000832,P000757,9,330.69,78.36,2897.85
OI000002983,O002615,P000501,10,178.2,17.07,1764.93
OI000002984,O000953,P000120,2,18.57,2.83,34.31
OI000002985,O002806,P000815,9,15.61,4.05,136.44
OI000002986,O001763,P000266,5,1275.51,371.12,6006.43
OI000002987,O000010,P000856,8,791.93,144.01,6191.429999999999
OI000002988,O001006,P000756,9,1075.19,272.45,9404.26
OI000002989,O001301,P000113,1,1736.82,216.94,1519.8799999999999
OI000002990,O000012,P000482,4,720.13,163.79,2716.73
OI000002991,O000387,P000261,7,1772.1,483.32,11921.38
OI000002992,O000599,P000685,3,1730.91,221.58,4971.150000000001
OI000002993,O002815,P000050,9,563.1,41.56,5026.34
OI000002994,O000610,P000928,2,1542.52,291.29,2793.75
OI000002995,O002163,P000942,5,846.42,230.52,4001.5799999999995
OI000002996,O001506,P000044,8,677.5,69.79,5350.21
OI000002997,O000497,P000851,6,213.39,9.71,1270.6299999999999
OI000002998,O000179,P000307,8,1199.79,91.16,9507.16
OI000002999,O000109,P000778,1,759.17,164.48,594.6899999999999
OI000003000,O000926,P000448,10,163.42,21.45,1612.7499999999998
OI000003001,O002049,P000662,6,1396.89,377.48,8003.860000000001
OI000003002,O000179,P000176,9,1380.48,89.51,12334.81
OI000003003,O001434,P000109,9,91.86,7.38,819.36
OI000003004,O001835,P000765,7,1330.0,285.68,9024.32
OI000003005,O001928,P000301,6,869.74,9.35,5209.09
OI000003006,O000454,P000624,1,401.33,11.92,389.40999999999997
OI000003007,O001769,P000355,9,1953.77,285.5,17298.43
OI000003008,O002666,P000764,9,71.15,8.0,632.35
OI000003009,O001086,P000641,9,1031.81,72.21,9214.08
OI000003010,O002205,P000209,9,240.61,13.87,2151.6200000000003
OI000003011,O000286,P000945,1,1287.86,323.55,964.31
OI000003012,O002700,P000689,6,677.0,198.62,3863.38
OI000003013,O002868,P000061,9,1202.79,243.33,10581.78
OI000003014,O002523,P000601,1,1881.3,264.4,1616.9
OI000003015,O000362,P000713,7,1793.11,333.47,12218.3
OI000003016,O000401,P000858,10,1053.91,315.09,10224.01
OI000003017,O002446,P000504,4,1701.63,117.54,6688.9800000000005
OI000003018,O001408,P000756,2,1075.19,208.1,1942.2800000000002
OI000003019,O000920,P000684,1,1874.6,438.56,1436.04
OI000003020,O000586,P000485,1,941.85,59.42,882.4300000000001
OI000003021,O002577,P000191,9,1898.07,53.78,17028.850000000002
OI000003022,O002632,P000184,3,127.09,28.18,353.09
OI000003023,O002789,P000067,9,624.13,131.08,5486.09
OI000003024,O001934,P000868,4,1467.0,232.84,5635.16
OI000003025,O000799,P000233,3,113.86,12.0,329.58
OI000003026,O000761,P000372,7,1047.95,307.21,7028.4400000000005
OI000003027,O001030,P000809,2,64.16,18.65,109.66999999999999
OI000003028,O002114,P000970,4,750.28,60.28,2940.8399999999997
OI000003029,O000405,P000670,10,937.31,225.03,9148.069999999998
OI000003030,O000118,P000805,5,43.34,0.22,216.48000000000002
OI000003031,O000588,P000859,8,1721.38,312.5,13458.54
OI000003032,O001978,P000512,8,1305.82,138.82,10307.74
OI000003033,O001197,P000434,2,230.55,68.24,392.86
OI000003034,O000279,P000194,8,1736.61,219.74,13673.14
OI000003035,O001566,P000129,7,1756.87,374.32,11923.77
OI000003036,O002522,P000427,9,1266.29,281.0,11115.61
OI000003037,O001933,P000614,7,1211.22,65.33,8413.210000000001
OI000003038,O001460,P000759,10,80.17,11.38,790.32
OI000003039,O001229,P000915,9,788.11,74.59,7018.4
OI000003040,O002671,P000230,8,626.37,173.33,4837.63
OI000003041,O001446,P000884,10,592.0,159.55,5760.45
OI000003042,O000164,P000176,2,1380.48,88.65,2672.31
OI000003043,O002645,P000923,3,286.61,76.53,783.3000000000001
OI000003044,O000297,P000394,9,1813.72,313.05,16010.43
OI000003045,O000195,P000389,8,639.01,188.65,4923.43
OI000003046,O000207,P000540,8,531.52,107.82,4144.34
OI000003047,O001347,P000447,10,601.01,85.17,5924.93
OI000003048,O000288,P000660,1,722.67,164.01,558.66
OI000003049,O001988,P000128,8,538.17,47.7,4257.66
OI000003050,O001262,P000690,7,294.63,65.18,1997.2299999999998
OI000003051,O000043,P000157,4,1411.2,353.38,5291.42
OI000003052,O000233,P000795,8,664.38,97.92,5217.12
OI000003053,O000179,P000220,1,1661.8,168.85,1492.95
OI000003054,O001118,P000389,7,639.01,103.59,4369.48
OI000003055,O000961,P000540,4,531.52,15.35,2110.73
OI000003056,O001292,P000073,2,18.7,3.78,33.62
OI000003057,O002510,P000251,2,253.9,72.16,435.64
OI000003058,O001272,P000070,2,1035.7,18.38,2053.02
OI000003059,O001100,P000465,4,890.88,67.64,3495.88
OI000003060,O000862,P000775,10,1026.72,168.41,10098.79
OI000003061,O001453,P000760,8,1031.49,145.86,8106.06
OI000003062,O000798,P000301,1,869.74,4.73,865.01
OI000003063,O000584,P000674,2,1151.2,164.94,2137.46
OI000003064,O000613,P000937,5,1807.84,164.43,8874.769999999999
OI000003065,O001397,P000790,4,360.44,103.47,1338.29
OI000003066,O001802,P000799,2,563.74,102.13,1025.35
OI000003067,O000187,P000932,7,848.21,153.55,5783.92
OI000003068,O001422,P000730,9,1322.13,224.62,11674.550000000001
OI000003069,O001235,P000309,2,1158.95,234.05,2083.85
OI000003070,O002868,P000611,7,512.0,85.37,3498.63
OI000003071,O000458,P000285,4,124.41,27.63,470.01
OI000003072,O000392,P000560,5,120.18,19.13,581.7700000000001
OI000003073,O001800,P000920,10,477.7,27.49,4749.51
OI000003074,O002014,P000859,10,1721.38,387.28,16826.520000000004
OI000003075,O000272,P000531,10,512.68,50.07,5076.73
OI000003076,O000133,P000079,4,475.92,39.14,1864.54
OI000003077,O002240,P000052,6,1644.34,107.61,9758.429999999998
OI000003078,O001898,P000406,4,139.86,28.95,530.49
OI000003079,O002488,P000147,10,45.28,8.83,443.97
OI000003080,O002630,P000490,2,184.85,26.21,343.49
OI000003081,O002613,P000770,1,1272.05,218.85,1053.2
OI000003082,O000111,P000646,6,1100.42,91.15,6511.370000000001
OI000003083,O002667,P000464,10,1269.9,15.69,12683.31
OI000003084,O000674,P000935,3,1094.05,156.35,3125.7999999999997
OI000003085,O002360,P000172,1,598.48,15.01,583.47
OI000003086,O002618,P000354,9,770.78,26.74,6910.28
OI000003087,O000658,P000639,7,674.01,0.89,4717.179999999999
OI000003088,O000172,P000745,2,1928.84,411.18,3446.5
OI000003089,O002477,P000330,7,321.48,43.77,2206.59
OI000003090,O002312,P000952,6,1174.25,230.34,6815.16
OI000003091,O000338,P000995,3,952.7,130.35,2727.7500000000005
OI000003092,O001218,P000208,7,877.76,15.53,6128.79
OI000003093,O002538,P000345,6,606.24,180.25,3457.19
OI000003094,O002222,P000763,7,1986.37,230.85,13673.74
OI000003095,O000963,P000847,6,197.07,52.44,1129.98
OI000003096,O000899,P000310,2,1948.09,193.72,3702.46
OI000003097,O000021,P000163,5,214.31,32.76,1038.79
OI000003098,O001809,P000603,10,1296.91,9.27,12959.83
OI000003099,O000560,P000801,4,373.91,12.61,1483.0300000000002
OI000003100,O002667,P000666,5,928.08,17.76,4622.64
OI000003101,O002343,P000141,6,1728.79,269.87,10102.869999999999
OI000003102,O000788,P000389,3,639.01,188.62,1728.4099999999999
OI000003103,O001607,P000569,1,65.61,18.32,47.29
OI000003104,O002771,P000291,8,1717.2,249.15,13488.45
OI000003105,O001366,P000529,7,923.0,56.96,6404.04
OI000003106,O000815,P000625,5,226.17,35.65,1095.1999999999998
OI000003107,O000718,P000831,1,1512.11,65.24,1446.87
OI000003108,O001417,P000544,7,1583.93,430.8,10656.710000000001
OI000003109,O000873,P000070,5,1035.7,17.39,5161.11
OI000003110,O001239,P000856,8,791.93,208.23,6127.21
OI000003111,O001890,P000330,1,321.48,76.17,245.31
OI000003112,O001741,P000583,6,835.47,92.5,4920.32
OI000003113,O002352,P000316,9,203.79,37.36,1796.75
OI000003114,O002326,P000509,3,69.55,16.87,191.77999999999997
OI000003115,O000629,P000113,4,1736.82,395.13,6552.15
OI000003116,O001799,P000828,6,1077.5,313.65,6151.35
OI000003117,O000401,P000257,2,1644.63,233.32,3055.94
OI000003118,O000585,P000597,2,1891.26,397.29,3385.23
OI000003119,O000875,P000427,8,1266.29,64.97,10065.35
OI000003120,O000055,P000020,6,628.21,154.54,3614.7200000000003
OI000003121,O000817,P000960,6,11.21,1.72,65.54
OI000003122,O001051,P000557,3,37.77,5.18,108.13
OI000003123,O000310,P000704,9,431.83,48.93,3837.54
OI000003124,O002962,P000352,5,1426.45,55.34,7076.91
OI000003125,O002961,P000808,2,254.28,31.02,477.54
OI000003126,O000597,P000956,9,24.75,6.8,215.95
OI000003127,O002660,P000039,8,998.6,149.39,7839.41
OI000003128,O001445,P000086,1,596.33,103.64,492.69000000000005
OI000003129,O000433,P000995,10,952.7,77.23,9449.77
OI000003130,O000454,P000904,1,483.23,72.83,410.40000000000003
OI000003131,O001079,P000872,2,1307.54,270.93,2344.15
OI000003132,O002055,P000603,7,1296.91,346.26,8732.11
OI000003133,O001112,P000687,4,1421.54,50.95,5635.21
OI000003134,O001568,P000418,1,246.0,19.09,226.91
OI000003135,O000641,P000009,9,1829.84,360.72,16107.839999999998
OI000003136,O002250,P000915,7,788.11,124.25,5392.52
OI000003137,O002195,P000553,4,1099.35,319.03,4078.37
OI000003138,O000006,P000964,9,160.72,17.42,1429.06
OI000003139,O002004,P000018,10,9.09,2.68,88.22
OI000003140,O002170,P000302,8,1661.73,150.6,13143.24
OI000003141,O000334,P000847,8,197.07,12.78,1563.78
OI000003142,O001854,P000410,8,1774.59,36.02,14160.699999999999
OI000003143,O001040,P000716,3,223.06,56.23,612.95
OI000003144,O001915,P000261,7,1772.1,453.04,11951.659999999998
OI000003145,O002608,P000439,6,501.44,34.44,2974.2
OI000003146,O001748,P000968,5,506.73,126.15,2407.5
OI000003147,O000526,P000190,7,560.65,140.14,3784.41
OI000003148,O002836,P000722,9,455.23,78.87,4018.2
OI000003149,O001919,P000889,9,889.74,110.38,7897.28
OI000003150,O000767,P000482,4,720.13,30.58,2849.94
OI000003151,O001089,P000852,8,1388.94,405.12,10706.4
OI000003152,O000767,P000105,6,780.41,131.01,4551.45
OI000003153,O002943,P000700,9,1213.44,352.82,10568.140000000001
OI000003154,O002083,P000510,10,173.14,15.08,1716.32
OI000003155,O002033,P000599,7,308.14,35.52,2121.46
OI000003156,O000507,P000196,3,232.25,19.12,677.63
OI000003157,O002091,P000751,6,408.73,82.83,2369.55
OI000003158,O001416,P000150,7,1591.64,161.93,10979.550000000001
OI000003159,O000077,P000899,8,1132.98,156.38,8907.460000000001
OI000003160,O002804,P000852,10,1388.94,352.33,13537.070000000002
OI000003161,O001173,P000262,2,736.56,61.09,1412.03
OI000003162,O000585,P000784,1,157.64,6.07,151.57
OI000003163,O002957,P000864,9,723.69,59.71,6453.500000000001
OI000003164,O000916,P000645,6,1972.5,92.63,11742.37
OI000003165,O001985,P000882,6,540.45,50.5,3192.2000000000003
OI000003166,O000657,P000597,3,1891.26,28.78,5645.0
OI000003167,O000724,P000316,6,203.79,33.27,1189.47
OI000003168,O001831,P000281,8,1799.35,354.59,14040.21
OI000003169,O001802,P000827,1,326.87,48.86,278.01
OI000003170,O000659,P000920,3,477.7,60.3,1372.8
OI000003171,O000822,P000215,7,1358.6,58.3,9451.9
OI000003172,O001397,P000155,4,1456.93,18.18,5809.54
OI000003173,O002113,P000542,6,1424.41,353.8,8192.660000000002
OI000003174,O000371,P000254,7,972.14,221.19,6583.79
OI000003175,O002725,P000715,2,297.93,69.26,526.6
OI000003176,O000681,P000083,9,80.73,11.86,714.71
OI000003177,O000322,P000619,5,1009.05,210.01,4835.24
OI000003178,O001934,P000285,3,124.41,31.81,341.42
OI000003179,O000952,P000945,4,1287.86,45.99,5105.45
OI000003180,O001614,P000917,1,549.32,18.14,531.1800000000001
OI000003181,O001906,P000892,6,19.01,0.24,113.82000000000001
OI000003182,O002250,P000509,6,69.55,8.24,409.05999999999995
OI000003183,O000314,P000801,3,373.91,25.93,1095.8
OI000003184,O002484,P000534,4,1699.3,128.59,6668.61
OI000003185,O001083,P000245,1,430.92,59.41,371.51
OI000003186,O001822,P000912,6,1468.14,242.1,8566.74
OI000003187,O002032,P000882,8,540.45,44.52,4279.08
OI000003188,O002548,P000076,4,1993.18,312.65,7660.070000000001
OI000003189,O000975,P000684,3,1874.6,290.98,5332.82
OI000003190,O002863,P000802,8,1573.02,438.25,12145.91
OI000003191,O002209,P000664,5,58.71,10.41,283.14
OI000003192,O002536,P000203,6,372.51,109.63,2125.43
OI000003193,O000447,P000173,3,1705.15,156.82,4958.630000000001
OI000003194,O002130,P000073,10,18.7,5.12,181.88
OI000003195,O002402,P000590,6,1278.55,103.42,7567.879999999999
OI000003196,O000700,P000684,8,1874.6,170.01,14826.789999999999
OI000003197,O001080,P000206,10,1585.25,254.32,15598.18
OI000003198,O002669,P000554,7,1891.17,378.05,12860.140000000001
OI000003199,O000058,P000698,6,982.47,76.48,5818.34
OI000003200,O000279,P000881,4,1764.4,141.69,6915.910000000001
OI000003201,O002289,P000803,2,282.39,8.4,556.38
OI000003202,O000185,P000518,1,304.09,53.41,250.67999999999998
OI000003203,O000020,P000840,8,51.08,8.46,400.18
OI000003204,O000526,P000904,7,483.23,140.07,3242.54
OI000003205,O002200,P000386,9,242.92,42.64,2143.64
OI000003206,O000411,P000982,1,1213.74,302.07,911.6700000000001
OI000003207,O002975,P000467,7,847.94,75.8,5859.78
OI000003208,O001842,P000743,10,1834.29,369.31,17973.59
OI000003209,O002980,P000360,8,1818.99,308.03,14243.89
OI000003210,O001544,P000848,1,1568.72,54.67,1514.05
OI000003211,O001273,P000259,10,1864.34,548.74,18094.659999999996
OI000003212,O002918,P000714,8,44.9,12.28,346.92
OI000003213,O000425,P000668,6,1135.87,95.43,6719.789999999999
OI000003214,O001588,P000559,2,444.5,20.15,868.85
OI000003215,O002769,P000805,8,43.34,12.9,333.82000000000005
OI000003216,O001387,P000916,8,382.73,86.14,2975.7000000000003
OI000003217,O001125,P000163,7,214.31,7.21,1492.96
OI000003218,O000338,P000582,5,982.67,185.06,4728.289999999999
OI000003219,O000388,P000659,6,181.9,42.13,1049.27
OI000003220,O000987,P000958,8,1533.89,308.39,11962.730000000001
OI000003221,O001368,P000444,1,777.75,9.99,767.76
OI000003222,O000267,P000136,7,1094.77,139.05,7524.339999999999
OI000003223,O002978,P000514,5,919.74,226.85,4371.849999999999
OI000003224,O001534,P000027,1,541.67,130.84,410.8299999999999
OI000003225,O002838,P000975,5,197.12,4.08,981.52
OI000003226,O000636,P000687,6,1421.54,265.06,8264.18
OI000003227,O001662,P000380,8,1674.15,252.15,13141.050000000001
OI000003228,O001827,P000317,9,409.42,25.87,3658.9100000000003
OI000003229,O000207,P000767,2,1966.38,127.86,3804.9
OI000003230,O000415,P000751,8,408.73,86.42,3183.42
OI000003231,O001395,P000836,5,1875.69,450.06,8928.390000000001
OI000003232,O002534,P000581,5,498.49,79.53,2412.9199999999996
OI000003233,O000563,P000223,9,1597.96,362.26,14019.38
OI000003234,O000207,P000476,8,119.95,32.48,927.12
OI000003235,O001393,P000279,9,948.41,25.37,8510.32
OI000003236,O002247,P000004,1,971.97,271.98,699.99
OI000003237,O001448,P000447,3,601.01,46.94,1756.09
OI000003238,O001829,P000909,3,679.7,5.6,2033.5000000000002
OI000003239,O000587,P000614,8,1211.22,59.07,9630.69
OI000003240,O002684,P000966,8,951.42,20.48,7590.88
OI000003241,O001086,P000125,5,563.96,33.03,2786.77
OI000003242,O001713,P000490,8,184.85,4.57,1474.23
OI000003243,O001112,P000046,5,1555.11,59.13,7716.419999999999
OI000003244,O002031,P000243,1,297.92,32.17,265.75
OI000003245,O001233,P000529,9,923.0,42.12,8264.88
OI000003246,O001004,P000489,2,1314.0,199.31,2428.69
OI000003247,O001572,P000544,3,1583.93,265.67,4486.12
OI000003248,O001485,P000520,4,809.94,12.38,3227.38
OI000003249,O001168,P000949,8,419.56,51.28,3305.2
OI000003250,O002400,P000126,10,602.62,103.7,5922.5
OI000003251,O000975,P000261,8,1772.1,185.86,13990.939999999999
OI000003252,O002127,P000446,10,1640.14,488.69,15912.710000000001
OI000003253,O002779,P000730,8,1322.13,328.72,10248.320000000002
OI000003254,O001800,P000686,5,3.82,0.77,18.33
OI000003255,O001379,P000386,5,242.92,16.92,1197.6799999999998
OI000003256,O000132,P000082,10,384.31,40.36,3802.74
OI000003257,O001420,P000607,10,1009.71,114.98,9982.12
OI000003258,O001873,P000934,10,509.97,125.08,4974.620000000001
OI000003259,O001055,P000329,3,475.33,43.35,1382.64
OI000003260,O000992,P000444,6,777.75,6.98,4659.52
OI000003261,O002874,P000925,6,1630.6,73.58,9710.019999999999
OI000003262,O001790,P000610,2,1977.72,531.76,3423.6800000000003
OI000003263,O002254,P000877,2,1494.67,227.54,2761.8
OI000003264,O002458,P000064,4,1406.61,55.47,5570.969999999999
OI000003265,O000884,P000851,2,213.39,41.1,385.67999999999995
OI000003266,O000436,P000602,3,668.37,86.76,1918.3500000000001
OI000003267,O001669,P000018,7,9.09,2.27,61.35999999999999
OI000003268,O002506,P000583,3,835.47,154.25,2352.16
OI000003269,O002548,P000526,4,461.38,130.4,1715.12
OI000003270,O001441,P000681,1,270.62,11.32,259.3
OI000003271,O000049,P000464,5,1269.9,302.38,6047.12
OI000003272,O001558,P000446,1,1640.14,214.96,1425.18
OI000003273,O000518,P000743,6,1834.29,243.08,10762.66
OI000003274,O002613,P000232,3,71.84,14.49,201.03
OI000003275,O002099,P000575,2,81.85,15.12,148.57999999999998
OI000003276,O000590,P000207,10,1903.85,425.59,18612.91
OI000003277,O001053,P000924,5,723.54,2.22,3615.48
OI000003278,O001682,P000965,1,549.05,144.17,404.88
OI000003279,O002339,P000381,2,539.13,8.91,1069.35
OI000003280,O001711,P000822,6,533.63,139.01,3062.7699999999995
OI000003281,O000816,P000419,4,480.64,28.68,1893.8799999999999
OI000003282,O002067,P000333,7,1755.03,486.98,11798.23
OI000003283,O000982,P000661,7,499.43,127.24,3368.7700000000004
OI000003284,O000311,P000288,9,997.91,41.53,8939.66
OI000003285,O002389,P000745,10,1928.84,171.32,19117.079999999998
OI000003286,O001454,P000262,3,736.56,61.41,2148.27
OI000003287,O002384,P000397,3,1296.06,358.33,3529.85
OI000003288,O002989,P000357,4,1755.07,204.98,6815.3
OI000003289,O001002,P000384,9,930.26,45.72,8326.62
OI000003290,O002574,P000289,5,1937.94,492.39,9197.310000000001
OI000003291,O002391,P000205,1,1027.59,264.13,763.4599999999999
OI000003292,O002345,P000416,1,1137.53,307.54,829.99
OI000003293,O000281,P000580,2,1016.39,80.02,1952.76
OI000003294,O000468,P000900,5,1752.18,100.59,8660.31
OI000003295,O001271,P000079,8,475.92,107.56,3699.8
OI000003296,O002914,P000526,2,461.38,126.08,796.68
OI000003297,O001853,P000953,1,452.68,74.07,378.61
OI000003298,O001968,P000462,7,1819.98,281.43,12458.43
OI000003299,O002008,P000141,7,1728.79,279.78,11821.749999999998
OI000003300,O000887,P000845,6,1606.54,341.75,9297.49
OI000003301,O000285,P000349,8,245.34,71.08,1891.64
OI000003302,O000054,P000941,2,1195.18,105.91,2284.4500000000003
OI000003303,O002116,P000193,8,26.11,2.68,206.2
OI000003304,O002516,P000022,7,40.0,2.18,277.82
OI000003305,O000252,P000811,5,106.61,24.36,508.68999999999994
OI000003306,O002173,P000916,8,382.73,12.08,3049.76
OI000003307,O001841,P000230,8,626.37,167.55,4843.41
OI000003308,O002964,P000756,7,1075.19,304.01,7222.32
OI000003309,O002465,P000958,8,1533.89,208.83,12062.29
OI000003310,O002211,P000483,4,779.77,190.92,2928.16
OI000003311,O001972,P000122,8,1945.52,299.55,15264.61
OI000003312,O002511,P000005,1,1877.25,90.63,1786.62
OI000003313,O001478,P000404,10,39.18,2.83,388.97
OI000003314,O000279,P000658,9,1009.91,206.41,8882.78
OI000003315,O001387,P000638,2,303.17,85.44,520.9000000000001
OI000003316,O000499,P000506,2,281.96,74.86,489.05999999999995
OI000003317,O001338,P000108,10,122.16,16.72,1204.8799999999999
OI000003318,O000802,P000612,8,120.35,31.59,931.2099999999999
OI000003319,O001954,P000290,1,271.21,37.3,233.90999999999997
OI000003320,O002353,P000343,7,1869.22,156.79,12927.75
OI000003321,O001539,P000850,9,672.56,179.76,5873.279999999999
OI000003322,O002191,P000294,8,676.78,161.79,5252.45
OI000003323,O000568,P000114,3,133.13,18.17,381.21999999999997
OI000003324,O000037,P000266,2,1275.51,355.15,2195.87
OI000003325,O000735,P000597,10,1891.26,407.9,18504.699999999997
OI000003326,O001222,P000194,7,1736.61,59.71,12096.56
OI000003327,O001074,P000626,4,1056.06,21.49,4202.75
OI000003328,O000417,P000762,6,1859.39,391.88,10764.460000000001
OI000003329,O002881,P000634,9,1987.65,190.22,17698.63
OI000003330,O002749,P000823,1,760.05,2.74,757.31
OI000003331,O002106,P000851,5,213.39,23.19,1043.7599999999998
OI000003332,O000217,P000567,4,233.93,51.89,883.83
OI000003333,O002089,P000651,7,799.02,39.15,5553.99
OI000003334,O000279,P000745,4,1928.84,288.54,7426.82
OI000003335,O001450,P000060,10,1525.07,243.11,15007.589999999998
OI000003336,O000575,P000407,2,1856.65,84.18,3629.1200000000003
OI000003337,O001820,P000524,4,705.15,67.99,2752.61
OI000003338,O001101,P000514,7,919.74,257.81,6180.37
OI000003339,O001483,P000983,8,813.84,12.71,6498.01
OI000003340,O000357,P000099,9,1700.25,341.43,14960.82
OI000003341,O000826,P000401,7,531.37,51.99,3667.6000000000004
OI000003342,O000468,P000634,4,1987.65,421.69,7528.910000000001
OI000003343,O001760,P000119,1,1333.68,173.2,1160.48
OI000003344,O000337,P000813,8,156.58,29.2,1223.44
OI000003345,O000498,P000641,10,1031.81,146.53,10171.569999999998
OI000003346,O000091,P000038,9,851.35,155.63,7506.52
OI000003347,O002846,P000072,10,809.43,5.52,8088.779999999999
OI000003348,O002845,P000602,8,668.37,131.05,5215.91
OI000003349,O002781,P000034,9,1185.61,308.66,10361.83
OI000003350,O002638,P000078,6,1648.51,484.3,9406.76
OI000003351,O000801,P000325,8,76.46,19.69,591.9899999999999
OI000003352,O002736,P000733,3,393.68,42.98,1138.06
OI000003353,O002262,P000432,8,1865.88,288.09,14638.95
OI000003354,O002530,P000466,10,182.23,30.49,1791.81
OI000003355,O002420,P000296,5,742.88,45.3,3669.1
OI000003356,O000095,P000305,5,37.98,8.97,180.92999999999998
OI000003357,O000414,P000027,1,541.67,139.8,401.86999999999995
OI000003358,O000673,P000660,9,722.67,73.59,6430.44
OI000003359,O002999,P000730,2,1322.13,378.14,2266.1200000000003
OI000003360,O000740,P000414,8,131.02,7.63,1040.53
OI000003361,O001767,P000251,9,253.9,34.38,2250.72
OI000003362,O001468,P000342,9,942.36,5.49,8475.75
OI000003363,O002298,P000133,6,1130.53,306.3,6476.88
OI000003364,O002479,P000111,2,1817.6,207.58,3427.62
OI000003365,O000860,P000714,8,44.9,3.73,355.46999999999997
OI000003366,O001615,P000548,8,1041.61,63.98,8268.9
OI000003367,O002095,P000750,9,765.43,179.06,6709.8099999999995
OI000003368,O000062,P000564,1,1904.75,447.51,1457.24
OI000003369,O000696,P000949,3,419.56,1.72,1256.96
OI000003370,O002890,P000739,4,172.97,29.53,662.35
OI000003371,O002956,P000120,10,18.57,5.38,180.32
OI000003372,O002525,P000195,5,828.98,36.56,4108.339999999999
OI000003373,O000775,P000221,8,829.56,149.54,6486.94
OI000003374,O001618,P000715,9,297.93,22.37,2659.0
OI000003375,O002519,P000502,4,1021.62,84.59,4001.89
OI000003376,O001523,P000695,1,354.3,72.65,281.65
OI000003377,O001586,P000251,8,253.9,48.93,1982.27
OI000003378,O001441,P000550,1,110.91,32.31,78.6
OI000003379,O001227,P000063,6,211.84,36.6,1234.44
OI000003380,O001562,P000540,9,531.52,50.36,4733.320000000001
OI000003381,O000514,P000217,7,1403.4,357.07,9466.730000000001
OI000003382,O002842,P000192,5,1167.53,302.2,5535.45
OI000003383,O000722,P000553,7,1099.35,282.54,7412.909999999999
OI000003384,O000987,P000606,1,365.97,92.98,272.99
OI000003385,O000776,P000079,8,475.92,37.25,3770.11
OI000003386,O000374,P000032,7,671.75,158.16,4544.09
OI000003387,O000580,P000046,9,1555.11,23.89,13972.1
OI000003388,O001729,P000573,4,21.71,2.04,84.8
OI000003389,O000416,P000133,6,1130.53,306.4,6476.780000000001
OI000003390,O000325,P000220,6,1661.8,447.3,9523.5
OI000003391,O002214,P000565,10,684.28,154.91,6687.889999999999
OI000003392,O000503,P000848,7,1568.72,186.01,10795.03
OI000003393,O002957,P000576,7,1838.36,322.86,12545.659999999998
OI000003394,O002344,P000638,10,303.17,86.69,2945.01
OI000003395,O000477,P000074,10,254.86,12.34,2536.26
OI000003396,O000783,P000290,7,271.21,17.15,1881.3199999999997
OI000003397,O001615,P000140,3,982.04,177.75,2768.37
OI000003398,O002106,P000078,4,1648.51,482.43,6111.61
OI000003399,O000117,P000445,7,15.37,0.3,107.28999999999999
OI000003400,O001398,P000436,10,1726.17,508.8,16752.9
OI000003401,O000542,P000639,9,674.01,166.99,5899.1
OI000003402,O000125,P000111,9,1817.6,129.59,16228.81
OI000003403,O000227,P000805,9,43.34,11.73,378.33000000000004
OI000003404,O001532,P000670,7,937.31,177.27,6383.9
OI000003405,O000040,P000743,9,1834.29,314.24,16194.37
OI000003406,O001356,P000495,9,299.25,25.43,2667.82
OI000003407,O002770,P000799,2,563.74,59.07,1068.41
OI000003408,O001809,P000412,8,1511.32,81.83,12008.73
OI000003409,O002498,P000466,5,182.23,42.63,868.52
OI000003410,O001046,P000908,2,336.6,72.51,600.69
OI000003411,O000655,P000216,3,1516.37,212.89,4336.219999999999
OI000003412,O002363,P000574,10,1508.02,19.51,15060.69
OI000003413,O000708,P000162,3,140.8,31.56,390.84000000000003
OI000003414,O001567,P000567,1,233.93,3.89,230.04000000000002
OI000003415,O002037,P000208,10,877.76,210.63,8566.970000000001
OI000003416,O002495,P000568,5,953.56,213.07,4554.73
OI000003417,O002262,P000079,9,475.92,22.13,4261.15
OI000003418,O000290,P000256,8,91.68,1.77,731.6700000000001
OI000003419,O002203,P000329,2,475.33,22.4,928.26
OI000003420,O002406,P000991,9,859.29,150.25,7583.36
OI000003421,O000985,P000861,3,1857.3,542.52,5029.379999999999
OI000003422,O000200,P000294,6,676.78,105.93,3954.75
OI000003423,O001832,P000373,10,947.7,157.02,9319.98
OI000003424,O000971,P000631,1,1717.28,423.76,1293.52
OI000003425,O002984,P000897,10,1561.8,445.35,15172.65
OI000003426,O000530,P000144,7,995.44,131.27,6836.8099999999995
OI000003427,O001604,P000798,1,257.74,13.9,243.84
OI000003428,O000633,P000765,3,1330.0,82.59,3907.41
OI000003429,O002280,P000099,5,1700.25,67.89,8433.36
OI000003430,O001944,P000258,6,907.59,11.95,5433.59
OI000003431,O001445,P000984,5,116.44,7.29,574.9100000000001
OI000003432,O001712,P000338,6,402.46,105.27,2309.49
OI000003433,O001346,P000077,5,118.6,31.14,561.86
OI000003434,O002542,P000535,8,691.04,183.07,5345.25
OI000003435,O002264,P000784,6,157.64,39.94,905.8999999999999
OI000003436,O001890,P000493,5,1855.43,59.55,9217.6
OI000003437,O001174,P000163,10,214.31,26.5,2116.6
OI000003438,O000968,P000624,8,401.33,10.17,3200.47
OI000003439,O000920,P000814,4,1318.54,162.62,5111.54
OI000003440,O001441,P000750,9,765.43,87.04,6801.83
OI000003441,O002631,P000739,5,172.97,22.08,842.77
OI000003442,O000359,P000417,5,460.04,6.11,2294.09
OI000003443,O000816,P000366,5,1714.09,0.32,8570.13
OI000003444,O000057,P000117,7,278.66,77.23,1873.39
OI000003445,O002977,P000853,4,1677.26,329.81,6379.23
OI000003446,O000762,P000220,9,1661.8,179.85,14776.349999999999
OI000003447,O002207,P000900,10,1752.18,239.18,17282.62
OI000003448,O002295,P000314,8,1319.43,95.12,10460.32
OI000003449,O000725,P000603,9,1296.91,384.18,11288.01
OI000003450,O002994,P000182,2,1372.23,335.23,2409.23
OI000003451,O002144,P000337,4,794.19,194.61,2982.15
OI000003452,O001045,P000122,7,1945.52,558.14,13060.5
OI000003453,O000230,P000082,5,384.31,7.47,1914.08
OI000003454,O001193,P000758,4,20.98,4.69,79.23
OI000003455,O001682,P000193,1,26.11,2.46,23.65
OI000003456,O001387,P000771,9,1098.48,179.65,9706.67
OI000003457,O000963,P000864,3,723.69,106.0,2065.07
OI000003458,O001607,P000145,10,2.73,0.26,27.04
OI000003459,O000366,P000303,1,133.92,28.04,105.88
OI000003460,O000796,P000360,4,1818.99,158.51,7117.45
OI000003461,O001997,P000079,9,475.92,53.68,4229.599999999999
OI000003462,O002031,P000652,5,1405.91,58.87,6970.68
OI000003463,O000367,P000528,8,1159.69,268.62,9008.9
OI000003464,O000755,P000347,4,689.1,10.11,2746.29
OI000003465,O000994,P000016,7,839.54,189.88,5686.9
OI000003466,O000274,P000722,10,455.23,57.42,4494.88
OI000003467,O001846,P000251,10,253.9,31.19,2507.81
OI000003468,O001677,P000077,1,118.6,31.67,86.92999999999999
OI000003469,O000596,P000523,7,945.91,263.02,6358.35
OI000003470,O000618,P000474,2,640.18,120.87,1159.4899999999998
OI000003471,O001816,P000152,5,68.04,8.07,332.13000000000005
OI000003472,O002585,P000880,5,1367.88,92.12,6747.280000000001
OI000003473,O002454,P000312,6,766.77,118.66,4481.96
OI000003474,O002934,P000798,2,257.74,76.06,439.42
OI000003475,O001752,P000286,10,1963.66,140.08,19496.52
OI000003476,O001175,P000616,7,1001.09,179.14,6828.49
OI000003477,O001394,P000846,10,896.44,86.43,8877.970000000001
OI000003478,O000743,P000899,4,1132.98,78.19,4453.7300000000005
OI000003479,O002447,P000773,8,929.87,67.92,7371.04
OI000003480,O001272,P000640,4,389.41,93.03,1464.6100000000001
OI000003481,O001680,P000744,6,824.67,130.26,4817.759999999999
OI000003482,O000801,P000107,4,303.72,44.77,1170.1100000000001
OI000003483,O000720,P000234,1,1658.18,65.31,1592.8700000000001
OI000003484,O001559,P000575,9,81.85,23.41,713.24
OI000003485,O000245,P000194,3,1736.61,506.9,4702.93
OI000003486,O001325,P000292,6,234.11,66.71,1337.95
OI000003487,O000390,P000715,8,297.93,24.86,2358.58
OI000003488,O001348,P000462,6,1819.98,472.89,10446.990000000002
OI000003489,O000571,P000348,2,1313.62,275.92,2351.3199999999997
OI000003490,O001349,P000682,9,1446.05,240.53,12773.919999999998
OI000003491,O002245,P000862,1,1783.07,296.83,1486.24
OI000003492,O000325,P000876,2,1082.38,265.06,1899.7000000000003
OI000003493,O002575,P000592,4,371.17,21.26,1463.42
OI000003494,O000144,P000202,8,1657.89,237.28,13025.84
OI000003495,O001365,P000443,7,1408.17,375.47,9481.720000000001
OI000003496,O001276,P000728,7,1285.83,249.77,8751.039999999999
OI000003497,O001528,P000353,9,397.84,103.42,3477.14
OI000003498,O002718,P000794,10,415.67,112.47,4044.23
OI000003499,O002300,P000706,9,1978.74,114.15,17694.51
OI000003500,O002889,P000348,8,1313.62,193.97,10314.99
OI000003501,O000273,P000704,2,431.83,121.7,741.9599999999999
OI000003502,O001744,P000588,9,558.58,110.58,4916.64
OI000003503,O002715,P000004,1,971.97,274.47,697.5
OI000003504,O001934,P000411,4,798.36,232.61,2960.83
OI000003505,O000746,P000911,3,1740.99,400.56,4822.41
OI000003506,O000909,P000752,9,1858.86,62.57,16667.17
OI000003507,O002340,P000559,5,444.5,34.64,2187.86
OI000003508,O002042,P000236,2,631.33,87.16,1175.5
OI000003509,O002796,P000507,9,1029.09,245.79,9016.019999999999
OI000003510,O001921,P000971,1,444.87,57.01,387.86
OI000003511,O002336,P000812,2,1705.52,369.43,3041.61
OI000003512,O002475,P000762,9,1859.39,378.91,16355.600000000002
OI000003513,O002337,P000627,9,62.03,7.33,550.9399999999999
OI000003514,O001534,P000090,2,911.3,186.11,1636.4899999999998
OI000003515,O000859,P000462,5,1819.98,145.48,8954.42
OI000003516,O001103,P000582,7,982.67,105.63,6773.0599999999995
OI000003517,O002567,P000058,2,1167.45,314.48,2020.42
OI000003518,O002139,P000915,9,788.11,23.73,7069.26
OI000003519,O002155,P000976,2,1278.46,378.06,2178.86
OI000003520,O002866,P000874,2,1778.8,344.01,3213.59
OI000003521,O001577,P000053,4,918.6,33.94,3640.46
OI000003522,O001129,P000321,3,56.76,3.56,166.72
OI000003523,O001349,P000394,8,1813.72,261.06,14248.7
OI000003524,O001147,P000179,5,1746.85,258.4,8475.85
OI000003525,O001349,P000456,10,1611.1,376.46,15734.54
OI000003526,O002518,P000846,5,896.44,120.02,4362.18
OI000003527,O000201,P000903,6,1205.79,292.47,6942.2699999999995
OI000003528,O002945,P000739,6,172.97,41.87,995.9499999999999
OI000003529,O000236,P000704,3,431.83,88.06,1207.43
OI000003530,O002327,P000152,3,68.04,12.62,191.5
OI000003531,O000798,P000170,5,808.52,79.66,3962.94
OI000003532,O001342,P000342,9,942.36,98.73,8382.51
OI000003533,O000772,P000624,9,401.33,66.17,3545.7999999999997
OI000003534,O001078,P000524,7,705.15,129.19,4806.860000000001
OI000003535,O000031,P000857,1,1910.95,346.25,1564.7
OI000003536,O002421,P000731,10,448.45,17.75,4466.75
OI000003537,O002213,P000528,10,1159.69,69.21,11527.690000000002
OI000003538,O001455,P000475,1,769.99,159.81,610.1800000000001
OI000003539,O000593,P000944,2,161.9,38.35,285.45
OI000003540,O001679,P000007,2,405.69,76.34,735.04
OI000003541,O002769,P000422,10,973.57,186.27,9549.43
OI000003542,O001667,P000580,4,1016.39,144.65,3920.91
OI000003543,O002815,P000602,2,668.37,99.66,1237.08
OI000003544,O000169,P000047,4,233.35,29.96,903.4399999999999
OI000003545,O000327,P000375,9,1711.54,45.72,15358.140000000001
OI000003546,O002434,P000595,1,1528.15,409.44,1118.71
OI000003547,O002992,P000880,6,1367.88,383.24,7824.040000000001
OI000003548,O001941,P000534,10,1699.3,130.89,16862.11
OI000003549,O001334,P000500,5,1471.06,430.03,6925.2699999999995
OI000003550,O000932,P000924,6,723.54,194.46,4146.78
OI000003551,O001389,P000066,6,1208.64,313.4,6938.4400000000005
OI000003552,O000014,P000743,1,1834.29,83.87,1750.42
OI000003553,O001512,P000121,8,1866.2,524.5,14405.1
OI000003554,O002139,P000661,3,499.43,99.7,1398.59
OI000003555,O000558,P000741,10,1657.77,75.62,16502.08
OI000003556,O002132,P000414,1,131.02,14.16,116.86000000000001
OI000003557,O002556,P000419,7,480.64,136.01,3228.4700000000003
OI000003558,O002772,P000561,8,867.09,163.35,6773.37
OI000003559,O000233,P000367,7,256.53,5.55,1790.1599999999999
OI000003560,O001964,P000050,6,563.1,21.4,3357.2000000000003
OI000003561,O002429,P000572,5,873.06,132.58,4232.719999999999
OI000003562,O000668,P000035,8,611.08,142.04,4746.6
OI000003563,O000999,P000417,6,460.04,20.33,2739.9100000000003
OI000003564,O000262,P000301,6,869.74,31.11,5187.330000000001
OI000003565,O000093,P000993,4,827.63,218.57,3091.95
OI000003566,O002507,P000941,8,1195.18,31.42,9530.02
OI000003567,O001856,P000756,7,1075.19,45.99,7480.34
OI000003568,O002297,P000971,4,444.87,83.63,1695.85
OI000003569,O001298,P000660,3,722.67,81.89,2086.12
OI000003570,O001248,P000988,8,951.78,102.42,7511.82
OI000003571,O000661,P000684,5,1874.6,550.94,8822.06
OI000003572,O002429,P000849,10,1059.2,204.54,10387.46
OI000003573,O002985,P000439,1,501.44,13.9,487.54
OI000003574,O002656,P000232,8,71.84,15.88,558.84
OI000003575,O002777,P000329,3,475.33,136.77,1289.22
OI000003576,O001256,P000840,9,51.08,3.43,456.28999999999996
OI000003577,O001617,P000932,7,848.21,253.06,5684.41
OI000003578,O000193,P000894,3,1387.22,78.21,4083.45
OI000003579,O000986,P000853,1,1677.26,494.58,1182.68
OI000003580,O002032,P000761,8,198.42,50.0,1537.36
OI000003581,O001799,P000513,4,268.03,21.57,1050.55
OI000003582,O000801,P000058,3,1167.45,316.09,3186.26
OI000003583,O001623,P000371,1,438.52,74.4,364.12
OI000003584,O001821,P000904,3,483.23,52.11,1397.5800000000002
OI000003585,O000557,P000988,2,951.78,72.49,1831.07
OI000003586,O002724,P000144,1,995.44,168.2,827.24
OI000003587,O001234,P000537,8,1276.32,20.88,10189.68
OI000003588,O000075,P000411,7,798.36,41.58,5546.9400000000005
OI000003589,O000478,P000064,6,1406.61,2.65,8437.01
OI000003590,O001618,P000674,6,1151.2,342.55,6564.650000000001
OI000003591,O001569,P000307,2,1199.79,159.9,2239.68
OI000003592,O002672,P000787,8,1652.19,206.77,13010.75
OI000003593,O002212,P000636,6,269.04,50.16,1564.0800000000002
OI000003594,O001451,P000541,9,12.92,2.61,113.67
OI000003595,O002297,P000177,3,256.27,63.39,705.42
OI000003596,O000962,P000059,9,150.35,21.31,1331.84
OI000003597,O002531,P000078,7,1648.51,458.91,11080.66
OI000003598,O001382,P000518,5,304.09,90.21,1430.2399999999998
OI000003599,O001567,P000821,4,1723.72,133.31,6761.57
OI000003600,O002946,P000158,2,1994.69,116.26,3873.12
OI000003601,O001067,P000172,6,598.48,26.66,3564.2200000000003
OI000003602,O000979,P000793,6,299.32,37.11,1758.8100000000002
OI000003603,O000795,P000718,7,1719.5,56.33,11980.17
OI000003604,O000021,P000039,7,998.6,264.73,6725.469999999999
OI000003605,O002350,P000966,10,951.42,146.13,9368.07
OI000003606,O002904,P000898,2,86.67,13.48,159.86
OI000003607,O000200,P000572,4,873.06,15.95,3476.29
OI000003608,O002731,P000122,1,1945.52,490.81,1454.71
OI000003609,O001894,P000824,8,1754.59,205.31,13831.41
OI000003610,O000080,P000781,1,220.22,2.9,217.32
OI000003611,O002474,P000604,6,1937.68,384.05,11242.03
OI000003612,O001624,P000367,6,256.53,44.53,1494.6499999999999
OI000003613,O001771,P000995,4,952.7,73.63,3737.17
OI000003614,O001378,P000938,9,788.58,91.72,7005.5
OI000003615,O001690,P000435,10,31.91,2.86,316.24
OI000003616,O001925,P000339,6,780.43,140.14,4542.44
OI000003617,O000014,P000571,6,971.97,266.34,5565.48
OI000003618,O002364,P000780,6,930.67,149.68,5434.339999999999
OI000003619,O002702,P000299,10,933.61,168.71,9167.390000000001
OI000003620,O000864,P000593,8,823.83,38.19,6552.450000000001
OI000003621,O001228,P000956,3,24.75,2.79,71.46
OI000003622,O002135,P000337,1,794.19,23.84,770.35
OI000003623,O001222,P000042,5,1689.48,144.24,8303.16
OI000003624,O001567,P000631,4,1717.28,278.28,6590.84
OI000003625,O002812,P000383,10,915.96,89.74,9069.86
OI000003626,O001961,P000103,2,35.47,8.02,62.92
OI000003627,O000238,P000636,1,269.04,61.52,207.52
OI000003628,O000014,P000031,6,559.35,38.73,3317.3700000000003
OI000003629,O001398,P000843,7,304.52,75.49,2056.15
OI000003630,O000959,P000898,10,86.67,3.03,863.6700000000001
OI000003631,O001591,P000800,9,1455.26,412.64,12684.7
OI000003632,O002130,P000763,7,1986.37,349.36,13555.23
OI000003633,O000086,P000545,1,707.48,39.83,667.65
OI000003634,O001755,P000787,7,1652.19,321.68,11243.65
OI000003635,O001994,P000702,6,1444.85,247.17,8421.929999999998
OI000003636,O002560,P000647,3,753.4,75.3,2184.8999999999996
OI000003637,O001842,P000640,10,389.41,94.44,3799.6600000000003
OI000003638,O000209,P000284,5,313.06,18.45,1546.85
OI000003639,O002311,P000661,3,499.43,84.55,1413.74
OI000003640,O002017,P000927,6,1640.75,65.01,9779.49
OI000003641,O001285,P000506,10,281.96,26.2,2793.4
OI000003642,O001590,P000614,7,1211.22,227.15,8251.390000000001
OI000003643,O002810,P000571,10,971.97,1.02,9718.68
OI000003644,O002749,P000254,1,972.14,171.62,800.52
OI000003645,O000248,P000180,7,922.37,86.79,6369.8
OI000003646,O001614,P000533,2,1785.75,426.74,3144.76
OI000003647,O002165,P000596,4,1359.57,166.72,5271.5599999999995
OI000003648,O000102,P000354,8,770.78,56.53,6109.71
OI000003649,O002085,P000206,3,1585.25,3.81,4751.94
OI000003650,O002222,P000042,7,1689.48,398.92,11427.44
OI000003651,O001577,P000294,3,676.78,49.7,1980.6399999999999
OI000003652,O001925,P000567,2,233.93,68.03,399.83000000000004
OI000003653,O001778,P000125,10,563.96,122.81,5516.79
OI000003654,O001834,P000439,1,501.44,73.92,427.52
OI000003655,O000747,P000469,9,927.16,124.55,8219.890000000001
OI000003656,O001865,P000158,2,1994.69,255.35,3734.03
OI000003657,O002274,P000981,10,1764.41,504.5,17139.600000000002
OI000003658,O000948,P000104,7,373.15,81.37,2530.68
OI000003659,O000199,P000352,4,1426.45,268.4,5437.400000000001
OI000003660,O000582,P000699,7,197.26,33.98,1346.84
OI000003661,O000244,P000342,8,942.36,252.76,7286.12
OI000003662,O001592,P000362,2,163.96,35.37,292.55
OI000003663,O000521,P000822,7,533.63,31.64,3703.77
OI000003664,O000446,P000631,6,1717.28,472.13,9831.550000000001
OI000003665,O000762,P000051,10,805.96,187.85,7871.75
OI000003666,O001289,P000630,4,856.78,240.71,3186.41
OI000003667,O001582,P000669,10,709.86,30.68,7067.92
OI000003668,O002670,P000316,1,203.79,37.4,166.39
OI000003669,O002640,P000491,3,873.76,137.02,2484.2599999999998
OI000003670,O001123,P000516,7,60.89,18.11,408.12
OI000003671,O001051,P000022,1,40.0,1.89,38.11
OI000003672,O000111,P000016,1,839.54,21.92,817.62
OI000003673,O002096,P000779,5,1324.14,379.8,6240.900000000001
OI000003674,O001893,P000167,2,465.82,101.69,829.95
OI000003675,O001969,P000492,6,1144.18,273.51,6591.57
OI000003676,O000812,P000684,5,1874.6,7.89,9365.11
OI000003677,O001950,P000833,1,269.1,39.63,229.47000000000003
OI000003678,O002598,P000041,2,834.66,197.49,1471.83
OI000003679,O001095,P000684,2,1874.6,97.8,3651.3999999999996
OI000003680,O000340,P000737,7,482.37,8.82,3367.77
OI000003681,O001629,P000564,5,1904.75,41.38,9482.37
OI000003682,O002063,P000295,6,813.42,189.78,4690.74
OI000003683,O000642,P000412,9,1511.32,79.69,13522.189999999999
OI000003684,O000389,P000231,1,1513.28,66.1,1447.18
OI000003685,O002918,P000278,3,315.76,32.5,914.78
OI000003686,O000625,P000190,10,560.65,85.4,5521.1
OI000003687,O000790,P000630,10,856.78,77.13,8490.67
OI000003688,O000380,P000211,10,524.47,48.72,5195.9800000000005
OI000003689,O000047,P000395,5,288.86,38.09,1406.2100000000003
OI000003690,O000318,P000928,9,1542.52,352.0,13530.68
OI000003691,O001906,P000057,9,965.3,72.69,8615.009999999998
OI000003692,O000250,P000145,3,2.73,0.29,7.8999999999999995
OI000003693,O001123,P000211,10,524.47,72.55,5172.150000000001
OI000003694,O001766,P000232,5,71.84,8.34,350.86000000000007
OI000003695,O000586,P000146,8,710.88,205.62,5481.42
OI000003696,O000100,P000681,1,270.62,45.3,225.32
OI000003697,O002320,P000961,5,260.86,1.17,1303.13
OI000003698,O001009,P000923,3,286.61,71.74,788.09
OI000003699,O000268,P000398,7,490.78,121.58,3313.88
OI000003700,O001419,P000484,9,768.71,121.45,6796.9400000000005
OI000003701,O000989,P000268,1,796.4,69.17,727.23
OI000003702,O002592,P000217,3,1403.4,405.44,3804.7600000000007
OI000003703,O001095,P000788,2,1080.64,263.06,1898.2200000000003
OI000003704,O002833,P000027,8,541.67,18.58,4314.78
OI000003705,O001430,P000663,10,416.43,40.32,4123.9800000000005
OI000003706,O002604,P000947,7,737.22,15.63,5144.91
OI000003707,O001603,P000576,6,1838.36,361.33,10668.83
OI000003708,O000637,P000671,4,301.49,31.75,1174.21
OI000003709,O002015,P000292,3,234.11,55.31,647.02
OI000003710,O000017,P000450,3,793.14,153.31,2226.11
OI000003711,O001137,P000039,8,998.6,42.62,7946.18
OI000003712,O002645,P000029,3,1194.26,113.01,3469.7699999999995
OI000003713,O000403,P000591,6,1452.79,139.87,8576.869999999999
OI000003714,O001258,P000606,9,365.97,27.1,3266.6300000000006
OI000003715,O001668,P000963,5,344.78,79.04,1644.86
OI000003716,O002988,P000732,1,220.12,59.22,160.9
OI000003717,O002568,P000814,7,1318.54,196.23,9033.55
OI000003718,O000475,P000734,2,155.02,42.73,267.31
OI000003719,O001219,P000291,4,1717.2,232.82,6635.9800000000005
OI000003720,O001297,P000921,6,285.0,43.37,1666.63
OI000003721,O000457,P000646,9,1100.42,235.13,9668.650000000001
OI000003722,O001610,P000595,9,1528.15,32.51,13720.84
OI000003723,O001562,P000805,6,43.34,8.74,251.3
OI000003724,O001386,P000031,3,559.35,156.08,1521.9700000000003
OI000003725,O000490,P000196,5,232.25,23.09,1138.16
OI000003726,O000821,P000764,7,71.15,15.76,482.2900000000001
OI000003727,O000900,P000522,1,939.16,82.79,856.37
OI000003728,O002828,P000022,3,40.0,3.3,116.7
OI000003729,O000724,P000665,1,1713.81,373.48,1340.33
OI000003730,O001250,P000333,7,1755.03,184.28,12100.929999999998
OI000003731,O001231,P000495,6,299.25,8.6,1786.9
OI000003732,O002241,P000075,7,1725.0,20.55,12054.45
OI000003733,O002834,P000614,2,1211.22,331.61,2090.83
OI000003734,O002209,P000091,1,56.35,3.14,53.21
OI000003735,O000925,P000272,1,1893.6,470.9,1422.6999999999998
OI000003736,O002219,P000853,4,1677.26,1.25,6707.79
OI000003737,O002431,P000795,8,664.38,64.27,5250.7699999999995
OI000003738,O002949,P000596,5,1359.57,60.37,6737.48
OI000003739,O001577,P000308,2,1925.87,371.6,3480.14
OI000003740,O000036,P000765,4,1330.0,95.92,5224.08
OI000003741,O001572,P000001,7,708.94,58.01,4904.57
OI000003742,O000216,P000504,7,1701.63,494.17,11417.24
OI000003743,O001799,P000783,6,1511.59,39.12,9030.419999999998
OI000003744,O000628,P000311,10,1032.71,77.7,10249.4
OI000003745,O001659,P000097,5,1499.25,337.41,7158.84
OI000003746,O002169,P000577,4,18.66,2.21,72.43
OI000003747,O002767,P000912,1,1468.14,127.74,1340.4
OI000003748,O002838,P000621,8,620.9,185.63,4781.57
OI000003749,O001773,P000778,1,759.17,79.26,679.91
OI000003750,O001315,P000418,7,246.0,42.23,1679.77
OI000003751,O000321,P000148,4,1228.6,297.16,4617.24
OI000003752,O000073,P000389,10,639.01,59.77,6330.33
OI000003753,O000137,P000186,9,148.72,42.17,1296.31
OI000003754,O002326,P000556,1,542.14,159.27,382.87
OI000003755,O000815,P000711,5,1217.93,214.53,5875.120000000001
OI000003756,O000014,P000190,3,560.65,127.47,1554.4799999999998
OI000003757,O001240,P000393,8,39.16,3.22,310.05999999999995
OI000003758,O001650,P000466,7,182.23,25.7,1249.9099999999999
OI000003759,O002054,P000432,6,1865.88,296.62,10898.66
OI000003760,O000546,P000718,6,1719.5,335.15,9981.85
OI000003761,O001112,P000422,3,973.57,110.34,2810.37
OI000003762,O000153,P000606,2,365.97,79.14,652.8000000000001
OI000003763,O002305,P000502,2,1021.62,185.56,1857.68
OI000003764,O000929,P000705,7,335.71,34.56,2315.41
OI000003765,O002349,P000805,3,43.34,7.37,122.65
OI000003766,O001112,P000693,2,748.02,0.49,1495.55
OI000003767,O002140,P000664,8,58.71,10.55,459.13
OI000003768,O002560,P000677,10,939.01,99.22,9290.880000000001
OI000003769,O001102,P000466,2,182.23,2.54,361.91999999999996
OI000003770,O001550,P000916,8,382.73,11.39,3050.4500000000003
OI000003771,O001683,P000512,9,1305.82,168.75,11583.63
OI000003772,O001493,P000294,3,676.78,76.31,1954.03
OI000003773,O000432,P000824,6,1754.59,51.03,10476.509999999998
OI000003774,O000260,P000169,5,582.43,138.56,2773.5899999999997
OI000003775,O001751,P000657,1,128.07,21.31,106.75999999999999
OI000003776,O000188,P000967,6,1629.27,191.77,9583.849999999999
OI000003777,O000733,P000785,4,188.57,55.2,699.0799999999999
OI000003778,O002494,P000608,1,1748.7,167.99,1580.71
OI000003779,O000697,P000882,4,540.45,136.73,2025.0700000000002
OI000003780,O000912,P000753,9,691.62,48.88,6175.7
OI000003781,O002697,P000213,8,1329.61,83.61,10553.269999999999
OI000003782,O000909,P000917,7,549.32,37.78,3807.46
OI000003783,O001432,P000661,8,499.43,139.71,3855.73
OI000003784,O000880,P000101,10,106.37,9.77,1053.93
OI000003785,O001803,P000374,3,500.89,39.79,1462.88
OI000003786,O001985,P000059,6,150.35,24.86,877.2399999999999
OI000003787,O002045,P000062,8,512.56,116.65,3983.8299999999995
OI000003788,O001839,P000607,7,1009.71,141.96,6926.01
OI000003789,O000600,P000479,10,318.03,47.17,3133.1299999999997
OI000003790,O002000,P000943,6,1140.36,134.36,6707.8
OI000003791,O002796,P000499,1,253.05,52.02,201.03
OI000003792,O001379,P000070,2,1035.7,216.27,1855.13
OI000003793,O001094,P000891,4,1668.5,397.52,6276.48
OI000003794,O002327,P000993,5,827.63,159.58,3978.5699999999997
OI000003795,O000642,P000980,8,1005.65,6.06,8039.139999999999
OI000003796,O000144,P000732,6,220.12,17.22,1303.5
OI000003797,O002166,P000311,10,1032.71,1.33,10325.77
OI000003798,O001381,P000191,4,1898.07,545.22,7047.0599999999995
OI000003799,O002409,P000470,2,505.16,93.62,916.7
OI000003800,O002859,P000312,2,766.77,161.33,1372.21
OI000003801,O000389,P000523,1,945.91,4.57,941.3399999999999
OI000003802,O001059,P000177,8,256.27,27.0,2023.1599999999999
OI000003803,O000290,P000116,9,623.48,74.52,5536.799999999999
OI000003804,O001543,P000330,6,321.48,6.28,1922.6000000000001
OI000003805,O001661,P000860,6,729.47,107.87,4268.95
OI000003806,O000817,P000071,9,1107.76,254.28,9715.56
OI000003807,O000443,P000920,7,477.7,120.85,3223.05
OI000003808,O000036,P000298,1,1178.18,264.32,913.8600000000001
OI000003809,O002079,P000555,4,51.72,1.78,205.1
OI000003810,O001985,P000724,7,444.71,71.02,3041.95
OI000003811,O002756,P000305,4,37.98,7.28,144.64
OI000003812,O000529,P000947,5,737.22,106.76,3579.34
OI000003813,O001766,P000679,10,1280.62,153.21,12652.99
OI000003814,O001148,P000617,1,982.53,192.09,790.4399999999999
OI000003815,O000502,P000059,10,150.35,35.35,1468.15
OI000003816,O001068,P000391,3,1505.24,343.62,4172.1
OI000003817,O000304,P000509,9,69.55,5.25,620.6999999999999
OI000003818,O001301,P000093,1,1669.16,69.69,1599.47
OI000003819,O002135,P000429,7,1810.58,406.18,12267.88
OI000003820,O002456,P000818,5,82.46,13.9,398.4
OI000003821,O002649,P000049,9,1839.93,163.38,16395.989999999998
OI000003822,O000044,P000704,10,431.83,50.02,4268.28
OI000003823,O000725,P000887,2,1876.63,518.54,3234.7200000000003
OI000003824,O000389,P000051,9,805.96,146.34,7107.3
OI000003825,O002404,P000936,1,585.84,111.52,474.32000000000005
OI000003826,O002110,P000721,5,1126.69,287.78,5345.670000000001
OI000003827,O000174,P000004,8,971.97,249.96,7525.8
OI000003828,O000155,P000088,4,316.13,94.2,1170.32
OI000003829,O000137,P000334,5,1110.66,318.29,5235.01
OI000003830,O002528,P000933,8,1264.94,272.18,9847.34
OI000003831,O002607,P000376,6,1068.19,26.26,6382.88
OI000003832,O000523,P000638,4,303.17,61.5,1151.18
OI000003833,O002821,P000977,3,1140.0,53.67,3366.33
OI000003834,O002036,P000140,5,982.04,280.41,4629.79
OI000003835,O002956,P000300,2,47.94,13.67,82.21
OI000003836,O001680,P000040,4,556.9,49.07,2178.5299999999997
OI000003837,O000349,P000886,3,714.21,207.64,1934.9900000000002
OI000003838,O002656,P000025,3,206.32,25.34,593.62
OI000003839,O001151,P000876,2,1082.38,54.22,2110.5400000000004
OI000003840,O000006,P000734,7,155.02,36.13,1049.01
OI000003841,O002256,P000131,6,29.85,0.14,178.96000000000004
OI000003842,O002276,P000806,1,271.25,1.23,270.02
OI000003843,O000589,P000360,3,1818.99,67.91,5389.06
OI000003844,O000304,P000748,2,1442.82,180.12,2705.52
OI000003845,O001478,P000519,4,1435.63,278.02,5464.5
OI000003846,O002307,P000084,5,398.93,11.21,1983.44
OI000003847,O002254,P000620,5,1248.68,295.95,5947.450000000001
OI000003848,O002654,P000921,8,285.0,54.59,2225.41
OI000003849,O000110,P000749,6,193.78,2.41,1160.27
OI000003850,O002653,P000739,7,172.97,41.91,1168.8799999999999
OI000003851,O001174,P000986,4,504.36,67.31,1950.13
OI000003852,O000425,P000060,1,1525.07,156.76,1368.31
OI000003853,O000651,P000202,5,1657.89,42.19,8247.26
OI000003854,O001861,P000073,3,18.7,2.22,53.879999999999995
OI000003855,O000564,P000471,2,278.32,67.65,488.99
OI000003856,O002511,P000340,5,338.38,100.17,1591.73
OI000003857,O001320,P000602,3,668.37,94.69,1910.42
OI000003858,O002239,P000677,3,939.01,119.78,2697.2499999999995
OI000003859,O000379,P000929,4,644.09,136.17,2440.19
OI000003860,O002788,P000071,4,1107.76,256.29,4174.75
OI000003861,O000311,P000385,1,1874.09,380.73,1493.36
OI000003862,O002055,P000504,3,1701.63,116.43,4988.46
OI000003863,O001451,P000412,4,1511.32,90.37,5954.91
OI000003864,O001125,P000881,9,1764.4,397.03,15482.57
OI000003865,O001397,P000268,1,796.4,160.69,635.71
OI000003866,O000222,P000708,2,163.15,19.14,307.16
OI000003867,O000260,P000271,5,384.17,16.07,1904.7800000000002
OI000003868,O000505,P000712,5,27.1,7.92,127.58
OI000003869,O001802,P000063,1,211.84,25.05,186.79
OI000003870,O001450,P000671,6,301.49,73.51,1735.43
OI000003871,O002628,P000094,1,477.6,76.6,401.0
OI000003872,O002164,P000937,4,1807.84,18.77,7212.589999999999
OI000003873,O001135,P000085,5,311.52,80.97,1476.6299999999999
OI000003874,O000890,P000407,10,1856.65,177.39,18389.11
OI000003875,O002739,P000316,4,203.79,24.09,791.0699999999999
OI000003876,O000921,P000691,9,1704.2,479.94,14857.86
OI000003877,O000445,P000016,8,839.54,3.71,6712.61
OI000003878,O000338,P000780,8,930.67,276.76,7168.599999999999
OI000003879,O001731,P000715,7,297.93,21.2,2064.3100000000004
OI000003880,O000946,P000390,4,758.72,135.98,2898.9
OI000003881,O002658,P000021,6,1233.2,262.64,7136.56
OI000003882,O001190,P000640,5,389.41,90.94,1856.1100000000001
OI000003883,O001769,P000023,10,1958.73,356.45,19230.85
OI000003884,O000578,P000231,3,1513.28,70.22,4469.62
OI000003885,O002563,P000927,7,1640.75,343.49,11141.76
OI000003886,O002292,P000793,2,299.32,62.18,536.46
OI000003887,O002203,P000457,6,968.45,140.4,5670.300000000001
OI000003888,O001866,P000541,2,12.92,2.54,23.3
OI000003889,O000710,P000219,5,982.72,212.04,4701.56
OI000003890,O002562,P000050,10,563.1,38.31,5592.69
OI000003891,O002032,P000099,7,1700.25,86.97,11814.78
OI000003892,O000409,P000795,2,664.38,23.06,1305.7
OI000003893,O002304,P000864,8,723.69,203.26,5586.26
OI000003894,O001700,P000819,4,462.02,113.98,1734.1
OI000003895,O000567,P000880,10,1367.88,244.28,13434.52
OI000003896,O000074,P000167,8,465.82,81.84,3644.72
OI000003897,O001273,P000342,10,942.36,139.39,9284.210000000001
OI000003898,O001919,P000076,10,1993.18,126.02,19805.78
OI000003899,O002804,P000019,9,896.65,44.01,8025.839999999999
OI000003900,O001248,P000836,6,1875.69,70.57,11183.57
OI000003901,O001842,P000474,2,640.18,179.27,1101.09
OI000003902,O000808,P000998,8,1771.97,190.09,13985.67
OI000003903,O002740,P000503,10,460.81,46.85,4561.25
OI000003904,O002466,P000147,3,45.28,13.14,122.7
OI000003905,O001345,P000605,10,1505.93,98.18,14961.12
OI000003906,O001045,P000880,10,1367.88,348.67,13330.130000000001
OI000003907,O002867,P000142,3,1364.85,280.72,3813.83
OI000003908,O002543,P000116,7,623.48,107.68,4256.68
OI000003909,O000003,P000121,10,1866.2,211.22,18450.78
OI000003910,O002045,P000379,9,243.16,15.09,2173.35
OI000003911,O002932,P000779,3,1324.14,206.81,3765.61
OI000003912,O000937,P000583,8,835.47,216.22,6467.54
OI000003913,O001162,P000259,7,1864.34,520.43,12529.949999999999
OI000003914,O000997,P000538,1,1885.34,525.37,1359.9699999999998
OI000003915,O001885,P000783,5,1511.59,94.19,7463.76
OI000003916,O000718,P000168,9,139.17,21.59,1230.94
OI000003917,O001981,P000162,7,140.8,8.22,977.3800000000001
OI000003918,O001501,P000330,9,321.48,41.18,2852.1400000000003
OI000003919,O001106,P000495,10,299.25,80.62,2911.88
OI000003920,O001446,P000909,8,679.7,180.17,5257.43
OI000003921,O002144,P000158,1,1994.69,344.62,1650.0700000000002
OI000003922,O000660,P000671,9,301.49,10.21,2703.2
OI000003923,O002205,P000865,10,678.15,40.88,6740.62
OI000003924,O001809,P000435,6,31.91,8.5,182.96
OI000003925,O001220,P000786,3,701.62,197.71,1907.15
OI000003926,O001753,P000793,7,299.32,41.82,2053.4199999999996
OI000003927,O000831,P000217,2,1403.4,410.53,2396.2700000000004
OI000003928,O000908,P000609,7,822.73,50.09,5709.02
OI000003929,O001253,P000947,5,737.22,208.11,3477.9900000000002
OI000003930,O002195,P000324,6,484.71,6.64,2901.62
OI000003931,O000980,P001000,2,191.78,8.54,375.02
OI000003932,O001767,P000914,9,1300.83,375.59,11331.88
OI000003933,O000247,P000991,4,859.29,122.76,3314.3999999999996
OI000003934,O000405,P000966,2,951.42,24.46,1878.3799999999999
OI000003935,O002951,P000910,6,360.6,62.18,2101.4200000000005
OI000003936,O000193,P000868,8,1467.0,95.63,11640.37
OI000003937,O000345,P000745,8,1928.84,495.35,14935.369999999999
OI000003938,O002742,P000665,9,1713.81,509.43,14914.859999999999
OI000003939,O000500,P000004,7,971.97,179.91,6623.88
OI000003940,O000403,P000951,7,85.6,20.82,578.3799999999999
OI000003941,O000896,P000039,5,998.6,222.55,4770.45
OI000003942,O001662,P000411,6,798.36,26.03,4764.13
OI000003943,O002646,P000093,7,1669.16,31.53,11652.59
OI000003944,O002188,P000789,7,5.28,0.86,36.1
OI000003945,O002733,P000830,1,1444.33,368.28,1076.05
OI000003946,O001036,P000061,4,1202.79,241.39,4569.7699999999995
OI000003947,O001517,P000027,8,541.67,112.83,4220.53
OI000003948,O001799,P000354,6,770.78,132.43,4492.25
OI000003949,O002315,P000443,3,1408.17,393.18,3831.3300000000004
OI000003950,O001349,P000397,2,1296.06,122.01,2470.1099999999997
OI000003951,O000205,P000226,3,661.78,113.84,1871.5
OI000003952,O001005,P000596,3,1359.57,79.2,3999.51
OI000003953,O001406,P000853,2,1677.26,93.09,3261.43
OI000003954,O002513,P000817,8,586.32,94.34,4596.22
OI000003955,O000620,P000174,3,3.71,0.72,10.409999999999998
OI000003956,O000506,P000947,4,737.22,35.63,2913.25
OI000003957,O001372,P000869,8,279.78,17.25,2220.99
OI000003958,O000228,P000429,9,1810.58,491.08,15804.14
OI000003959,O002175,P000197,10,374.57,13.19,3732.5099999999998
OI000003960,O002693,P000398,4,490.78,1.66,1961.4599999999998
OI000003961,O001613,P000960,5,11.21,0.51,55.540000000000006
OI000003962,O002839,P000717,5,85.48,2.5,424.90000000000003
OI000003963,O000993,P000714,8,44.9,10.28,348.92
OI000003964,O002500,P000424,2,875.88,97.18,1654.58
OI000003965,O001155,P000576,6,1838.36,440.82,10589.34
OI000003966,O002553,P000163,5,214.31,19.01,1052.54
OI000003967,O002802,P000226,8,661.78,15.47,5278.7699999999995
OI000003968,O000763,P000279,5,948.41,276.04,4466.01
OI000003969,O001407,P000339,7,780.43,35.44,5427.57
OI000003970,O001909,P000293,2,1434.85,57.71,2811.99
OI000003971,O001746,P000908,7,336.6,49.29,2306.9100000000003
OI000003972,O000235,P000456,6,1611.1,410.72,9255.88
OI000003973,O002805,P000400,7,227.73,43.72,1550.3899999999999
OI000003974,O002828,P000585,10,1330.02,234.1,13066.1
OI000003975,O001479,P000734,2,155.02,40.81,269.23
OI000003976,O000524,P000068,2,146.58,36.96,256.20000000000005
OI000003977,O000948,P000624,9,401.33,21.28,3590.6899999999996
OI000003978,O000380,P000534,10,1699.3,220.1,16772.9
OI000003979,O001255,P000476,3,119.95,30.91,328.94
OI000003980,O000461,P000262,10,736.56,168.66,7196.94
OI000003981,O001903,P000732,7,220.12,53.7,1487.14
OI000003982,O001415,P000240,10,796.09,96.77,7864.13
OI000003983,O002708,P000817,1,586.32,163.37,422.95000000000005
OI000003984,O002623,P000313,4,20.74,3.02,79.94
OI000003985,O001787,P000330,5,321.48,50.81,1556.5900000000001
OI000003986,O002016,P000758,7,20.98,0.73,146.13000000000002
OI000003987,O001739,P000260,3,1962.91,384.42,5504.31
OI000003988,O000808,P000974,4,89.43,4.96,352.76000000000005
OI000003989,O001645,P000997,5,1002.0,126.22,4883.78
OI000003990,O000689,P000723,10,1384.13,383.3,13458.000000000002
OI000003991,O002313,P000816,6,1126.29,0.37,6757.37
OI000003992,O000690,P000801,10,373.91,2.72,3736.3800000000006
OI000003993,O000171,P000394,6,1813.72,444.56,10437.76
OI000003994,O001634,P000128,4,538.17,81.52,2071.16
OI000003995,O000104,P000543,2,1560.53,394.65,2726.41
OI000003996,O001896,P000983,5,813.84,242.86,3826.34
OI000003997,O000762,P000920,5,477.7,9.31,2379.19
OI000003998,O000221,P000415,8,723.99,156.26,5635.66
OI000003999,O000150,P000913,9,1745.3,430.47,15277.23
OI000004000,O001061,P000504,2,1701.63,45.52,3357.7400000000002
OI000004001,O000424,P000119,6,1333.68,204.58,7797.5
OI000004002,O000632,P000347,10,689.1,11.63,6879.37
OI000004003,O000642,P000746,9,577.19,43.74,5150.970000000001
OI000004004,O001613,P000391,8,1505.24,339.89,11702.03
OI000004005,O001659,P000252,10,197.08,40.02,1930.7800000000002
OI000004006,O002301,P000863,3,1876.0,27.36,5600.64
OI000004007,O001492,P000040,9,556.9,137.67,4874.429999999999
OI000004008,O000869,P000687,1,1421.54,244.05,1177.49
OI000004009,O000914,P000043,9,1704.4,193.04,15146.56
OI000004010,O001202,P000690,9,294.63,18.87,2632.8
OI000004011,O001646,P000615,2,811.64,56.57,1566.71
OI000004012,O002509,P000776,9,980.91,18.44,8809.75
OI000004013,O001421,P000344,10,217.3,36.99,2136.01
OI000004014,O002643,P000093,6,1669.16,282.74,9732.220000000001
OI000004015,O001443,P000787,1,1652.19,30.13,1622.06
OI000004016,O000013,P000303,1,133.92,0.75,133.17
OI000004017,O002719,P000442,2,120.29,36.07,204.51000000000002
OI000004018,O000468,P000269,4,976.7,20.49,3886.3100000000004
OI000004019,O000331,P000581,9,498.49,65.19,4421.22
OI000004020,O000580,P000542,1,1424.41,227.2,1197.21
OI000004021,O000793,P000973,2,1012.91,94.5,1931.32
OI000004022,O000999,P000902,4,493.12,8.39,1964.09
OI000004023,O001717,P000236,7,631.33,76.1,4343.21
OI000004024,O000687,P000512,5,1305.82,156.95,6372.15
OI000004025,O001235,P000130,9,21.09,0.51,189.3
OI000004026,O002849,P000611,6,512.0,61.88,3010.12
OI000004027,O001561,P000779,8,1324.14,122.61,10470.51
OI000004028,O000713,P000309,6,1158.95,171.2,6782.500000000001
OI000004029,O002757,P000329,4,475.33,93.62,1807.6999999999998
OI000004030,O000253,P000649,4,1663.88,320.98,6334.540000000001
OI000004031,O000839,P000876,7,1082.38,226.63,7350.030000000001
OI000004032,O000735,P000916,5,382.73,99.75,1813.9
OI000004033,O001344,P000497,8,242.36,58.82,1880.0600000000002
OI000004034,O001832,P000412,9,1511.32,389.38,13212.5
OI000004035,O001655,P000049,7,1839.93,408.64,12470.87
OI000004036,O001217,P000442,10,120.29,23.86,1179.0400000000002
OI000004037,O001515,P000299,10,933.61,177.6,9158.5
OI000004038,O000575,P000297,8,144.92,40.25,1119.11
OI000004039,O000570,P000217,2,1403.4,160.79,2646.01
OI000004040,O000775,P000316,4,203.79,35.52,779.64
OI000004041,O001363,P000984,1,116.44,26.62,89.82
OI000004042,O000198,P000964,5,160.72,19.34,784.26
OI000004043,O000092,P000207,1,1903.85,404.16,1499.6899999999998
OI000004044,O001315,P000233,9,113.86,29.73,995.01
OI000004045,O002320,P000583,2,835.47,102.6,1568.3400000000001
OI000004046,O001298,P000410,2,1774.59,281.88,3267.2999999999997
OI000004047,O001253,P000607,6,1009.71,180.06,5878.2
OI000004048,O000418,P000695,8,354.3,71.37,2763.03
OI000004049,O001888,P000074,9,254.86,20.59,2273.15
OI000004050,O002044,P000319,8,1662.56,370.55,12929.93
OI000004051,O002224,P000374,7,500.89,95.33,3410.9
OI000004052,O001589,P000465,7,890.88,66.42,6169.74
OI000004053,O001726,P000335,5,225.93,6.76,1122.89
OI000004054,O001386,P000933,9,1264.94,14.9,11369.560000000001
OI000004055,O002712,P000242,6,97.78,10.3,576.3800000000001
OI000004056,O000908,P000869,9,279.78,34.29,2483.7299999999996
OI000004057,O001109,P000699,8,197.26,9.13,1568.9499999999998
OI000004058,O001314,P000503,5,460.81,111.32,2192.73
OI000004059,O001218,P000815,9,15.61,1.33,139.16
OI000004060,O000750,P000237,3,1622.17,464.62,4401.89
OI000004061,O001023,P000107,5,303.72,65.44,1453.16
OI000004062,O001326,P000610,3,1977.72,329.14,5604.0199999999995
OI000004063,O001067,P000515,2,153.98,9.24,298.71999999999997
OI000004064,O000128,P000708,2,163.15,44.57,281.73
OI000004065,O000406,P000408,9,1670.62,11.78,15023.799999999997
OI000004066,O000341,P000552,1,682.23,203.95,478.28000000000003
OI000004067,O001234,P000043,8,1704.4,391.16,13244.04
OI000004068,O002321,P000101,2,106.37,29.26,183.48000000000002
OI000004069,O002046,P000235,5,1886.98,492.28,8942.619999999999
OI000004070,O001905,P000915,7,788.11,67.22,5449.55
OI000004071,O002203,P000659,7,181.9,40.6,1232.7
OI000004072,O001997,P000178,8,1190.26,1.49,9520.59
OI000004073,O002245,P000355,2,1953.77,471.76,3435.7799999999997
OI000004074,O002726,P000870,2,1323.98,2.0,2645.96
OI000004075,O002834,P000723,1,1384.13,113.17,1270.96
OI000004076,O002641,P000553,10,1099.35,262.78,10730.72
OI000004077,O001885,P000350,4,190.6,23.76,738.64
OI000004078,O001942,P000867,5,1286.29,218.03,6213.42
OI000004079,O002116,P000300,2,47.94,7.33,88.55
OI000004080,O001811,P000072,3,809.43,2.41,2425.88
OI000004081,O002291,P000824,8,1754.59,130.46,13906.26
OI000004082,O002171,P000189,5,1389.24,237.91,6708.29
OI000004083,O000594,P000559,4,444.5,16.8,1761.2
OI000004084,O001447,P000794,8,415.67,35.72,3289.6400000000003
OI000004085,O000141,P000580,4,1016.39,134.56,3931.0
OI000004086,O000466,P000661,6,499.43,105.68,2890.9
OI000004087,O001632,P000728,7,1285.83,71.56,8929.25
OI000004088,O001612,P000365,10,47.53,4.67,470.63
OI000004089,O000917,P000411,2,798.36,151.26,1445.46
OI000004090,O002909,P000222,1,395.06,89.11,305.95
OI000004091,O002885,P000454,4,884.28,201.77,3335.35
OI000004092,O000568,P000793,2,299.32,86.96,511.68
OI000004093,O000740,P000036,4,434.19,55.76,1681.0
OI000004094,O000541,P000119,10,1333.68,388.0,12948.800000000001
OI000004095,O002210,P000583,2,835.47,134.37,1536.5700000000002
OI000004096,O000698,P000399,2,441.58,51.53,831.63
OI000004097,O000978,P000446,1,1640.14,3.32,1636.8200000000002
OI000004098,O001637,P000948,5,961.55,73.0,4734.75
OI000004099,O001750,P000386,7,242.92,52.6,1647.84
OI000004100,O001442,P000297,10,144.92,36.99,1412.2099999999998
OI000004101,O000545,P000557,1,37.77,5.6,32.17
OI000004102,O000917,P000194,3,1736.61,103.16,5106.67
OI000004103,O002781,P000034,4,1185.61,332.84,4409.599999999999
OI000004104,O000421,P000731,8,448.45,93.67,3493.93
OI000004105,O002287,P000311,4,1032.71,101.37,4029.4700000000003
OI000004106,O000219,P000969,1,1988.87,541.5,1447.37
OI000004107,O001267,P000741,2,1657.77,86.51,3229.0299999999997
OI000004108,O000602,P000909,2,679.7,123.29,1236.1100000000001
OI000004109,O001462,P000827,10,326.87,74.17,3194.5299999999997
OI000004110,O000718,P000932,9,848.21,231.83,7402.06
OI000004111,O002193,P000161,1,273.91,81.75,192.16000000000003
OI000004112,O000365,P000304,3,1518.34,52.54,4502.48
OI000004113,O002520,P000430,4,32.92,4.18,127.5
OI000004114,O000786,P000552,5,682.23,60.1,3351.05
OI000004115,O002318,P000596,5,1359.57,117.16,6680.69
OI000004116,O002690,P000800,6,1455.26,125.28,8606.279999999999
OI000004117,O002200,P000265,9,76.77,12.98,677.9499999999999
OI000004118,O002903,P000048,3,494.03,120.08,1362.01
OI000004119,O000928,P000844,3,459.84,19.74,1359.78
OI000004120,O001276,P000369,10,1463.28,267.72,14365.08
OI000004121,O000870,P000409,3,256.31,10.55,758.3800000000001
OI000004122,O001107,P000235,7,1886.98,423.76,12785.1
OI000004123,O002425,P000936,5,585.84,62.06,2867.1400000000003
OI000004124,O000051,P000124,2,662.53,182.75,1142.31
OI000004125,O000145,P000807,6,74.33,8.08,437.90000000000003
OI000004126,O002698,P000550,3,110.91,4.01,328.72
OI000004127,O000539,P000636,9,269.04,22.98,2398.38
OI000004128,O000593,P000871,5,26.45,7.07,125.18
OI000004129,O001875,P000489,5,1314.0,184.22,6385.78
OI000004130,O001130,P000436,3,1726.17,328.9,4849.610000000001
OI000004131,O002620,P000588,9,558.58,158.39,4868.83
OI000004132,O000357,P000021,10,1233.2,106.51,12225.49
OI000004133,O001905,P000812,4,1705.52,460.83,6361.25
OI000004134,O002214,P000259,10,1864.34,436.27,18207.129999999997
OI000004135,O000156,P000721,1,1126.69,6.02,1120.67
OI000004136,O000124,P000671,6,301.49,2.73,1806.21
OI000004137,O002706,P000981,7,1764.41,409.77,11941.1
OI000004138,O000132,P000546,1,1154.69,213.53,941.1600000000001
OI000004139,O002681,P000680,1,962.16,206.68,755.48
OI000004140,O001686,P000464,7,1269.9,141.5,8747.800000000001
OI000004141,O001131,P000919,1,678.3,44.46,633.8399999999999
OI000004142,O002689,P000239,8,1699.59,126.94,13469.779999999999
OI000004143,O000123,P000851,8,213.39,9.2,1697.9199999999998
OI000004144,O000821,P000537,8,1276.32,381.51,9829.05
OI000004145,O002064,P000377,7,561.23,15.69,3912.92
OI000004146,O000098,P000595,8,1528.15,346.53,11878.67
OI000004147,O000902,P000741,5,1657.77,319.75,7969.1
OI000004148,O002540,P000671,4,301.49,88.03,1117.93
OI000004149,O001472,P000973,6,1012.91,165.26,5912.2
OI000004150,O002283,P000326,6,1654.72,401.99,9526.33
OI000004151,O001452,P000643,8,1834.47,344.0,14331.76
OI000004152,O002446,P000987,10,665.36,57.21,6596.39
OI000004153,O001253,P000016,10,839.54,144.77,8250.63
OI000004154,O002109,P000610,5,1977.72,50.19,9838.41
OI000004155,O000473,P000780,4,930.67,164.1,3558.58
OI000004156,O000447,P000567,3,233.93,41.62,660.17
OI000004157,O001911,P000259,5,1864.34,384.58,8937.119999999999
OI000004158,O002008,P000566,9,1883.35,453.86,16496.289999999997
OI000004159,O002268,P000855,2,1185.68,152.91,2218.4500000000003
OI000004160,O001056,P000942,8,846.42,108.12,6663.24
OI000004161,O002807,P000140,3,982.04,113.12,2833.0
OI000004162,O000470,P000600,10,1070.06,126.52,10574.079999999998
OI000004163,O001214,P000051,2,805.96,131.83,1480.0900000000001
OI000004164,O001202,P000319,3,1662.56,270.87,4716.81
OI000004165,O000636,P000365,4,47.53,4.64,185.48000000000002
OI000004166,O000262,P000111,2,1817.6,197.16,3438.04
OI000004167,O001818,P000674,9,1151.2,34.03,10326.77
OI000004168,O002016,P000716,2,223.06,7.74,438.38
OI000004169,O000320,P000337,6,794.19,161.27,4603.87
OI000004170,O000301,P000092,3,547.84,157.61,1485.9099999999999
OI000004171,O001095,P000990,9,375.59,62.51,3317.7999999999997
OI000004172,O002141,P000114,7,133.13,35.49,896.42
OI000004173,O001841,P000712,6,27.1,6.28,156.32000000000002
OI000004174,O002320,P000709,10,1469.08,271.02,14419.779999999999
OI000004175,O002187,P000953,8,452.68,49.63,3571.81
OI000004176,O002844,P000034,10,1185.61,205.16,11650.939999999999
OI000004177,O002697,P000022,10,40.0,7.73,392.27
OI000004178,O002891,P000020,10,628.21,169.1,6113.0
OI000004179,O001335,P000971,5,444.87,104.8,2119.5499999999997
OI000004180,O000318,P000742,2,319.51,80.97,558.05
OI000004181,O002704,P000488,1,1839.36,79.17,1760.1899999999998
OI000004182,O002467,P000683,4,84.74,4.01,334.95
OI000004183,O002315,P000177,6,256.27,62.81,1474.81
OI000004184,O001747,P000771,3,1098.48,307.41,2988.03
OI000004185,O001842,P000443,7,1408.17,37.75,9819.44
OI000004186,O001894,P000335,7,225.93,33.14,1548.37
OI000004187,O002009,P000750,8,765.43,88.8,6034.639999999999
OI000004188,O000589,P000713,10,1793.11,512.8,17418.3
OI000004189,O001314,P000716,4,223.06,64.74,827.5
OI000004190,O000242,P000099,9,1700.25,50.23,15252.02
OI000004191,O001228,P000397,7,1296.06,347.64,8724.78
OI000004192,O002209,P000740,4,222.9,34.64,856.96
OI000004193,O000002,P000049,2,1839.93,180.63,3499.23
OI000004194,O000314,P000457,9,968.45,216.76,8499.29
OI000004195,O000423,P000254,5,972.14,133.77,4726.929999999999
OI000004196,O000806,P000485,1,941.85,87.38,854.47
OI000004197,O001986,P000101,9,106.37,30.1,927.23
OI000004198,O001845,P000715,5,297.93,7.47,1482.18
OI000004199,O000141,P000019,2,896.65,21.23,1772.07
OI000004200,O002201,P000717,2,85.48,14.98,155.98000000000002
OI000004201,O002745,P000564,5,1904.75,338.01,9185.74
OI000004202,O002133,P000478,5,459.93,96.64,2203.01
OI000004203,O000369,P000524,7,705.15,131.39,4804.66
OI000004204,O000004,P000030,9,1474.37,42.95,13226.379999999997
OI000004205,O000338,P000932,2,848.21,204.49,1491.93
OI000004206,O002384,P000799,5,563.74,56.21,2762.49
OI000004207,O001197,P000459,1,1585.62,441.31,1144.31
OI000004208,O001109,P000239,9,1699.59,123.28,15173.029999999999
OI000004209,O001762,P000714,4,44.9,5.01,174.59
OI000004210,O000152,P000949,5,419.56,86.47,2011.3300000000002
OI000004211,O002330,P000531,9,512.68,62.7,4551.42
OI000004212,O001023,P000312,7,766.77,126.58,5240.8099999999995
OI000004213,O000051,P000356,3,254.34,0.05,762.97
OI000004214,O000346,P000036,3,434.19,116.54,1186.03
OI000004215,O002795,P000918,4,284.36,51.88,1085.56
OI000004216,O002235,P000477,5,192.02,7.43,952.6700000000001
OI000004217,O000793,P000222,5,395.06,60.93,1914.37
OI000004218,O002609,P000625,2,226.17,52.77,399.57
OI000004219,O001810,P000073,4,18.7,2.62,72.17999999999999
OI000004220,O000952,P000672,5,574.61,12.67,2860.38
OI000004221,O001024,P000240,4,796.09,98.13,3086.23
OI000004222,O001643,P000487,9,1467.14,437.91,12766.35
OI000004223,O002763,P000888,5,217.17,47.4,1038.4499999999998
OI000004224,O002408,P000331,7,1444.86,116.09,9997.929999999998
OI000004225,O001180,P000756,1,1075.19,311.36,763.83
OI000004226,O002314,P000985,7,749.97,138.5,5111.29
OI000004227,O002562,P000484,10,768.71,157.78,7529.320000000001
OI000004228,O000478,P000592,5,371.17,31.85,1824.0000000000002
OI000004229,O000519,P000033,9,265.77,16.68,2375.25
OI000004230,O000389,P000298,6,1178.18,324.53,6744.55
OI000004231,O002494,P000758,2,20.98,5.67,36.29
OI000004232,O000329,P000865,2,678.15,23.31,1332.99
OI000004233,O001043,P000818,2,82.46,0.5,164.42
OI000004234,O001447,P000585,7,1330.02,41.05,9269.09
OI000004235,O002185,P000526,9,461.38,33.49,4118.93
OI000004236,O001266,P000636,9,269.04,23.92,2397.44
OI000004237,O000748,P000467,4,847.94,162.63,3229.13
OI000004238,O002723,P000382,8,1397.07,310.6,10865.96
OI000004239,O001058,P000844,10,459.84,48.83,4549.57
OI000004240,O002216,P000340,4,338.38,3.87,1349.65
OI000004241,O001972,P000753,4,691.62,69.06,2697.42
OI000004242,O001577,P000795,4,664.38,83.14,2574.38
OI000004243,O002809,P000675,8,953.37,210.54,7416.42
OI000004244,O001309,P000310,9,1948.09,73.18,17459.629999999997
OI000004245,O000377,P000408,9,1670.62,125.5,14910.079999999998
OI000004246,O001666,P000439,3,501.44,12.13,1492.1899999999998
OI000004247,O000117,P000593,6,823.83,173.67,4769.31
OI000004248,O000669,P000904,4,483.23,27.66,1905.26
OI000004249,O000040,P000015,8,1818.5,342.57,14205.43
OI000004250,O001355,P000798,6,257.74,21.37,1525.0700000000002
OI000004251,O001686,P000488,7,1839.36,224.05,12651.47
OI000004252,O002377,P000433,1,353.66,62.21,291.45000000000005
OI000004253,O000699,P000122,6,1945.52,227.66,11445.46
OI000004254,O001949,P000793,1,299.32,0.6,298.71999999999997
OI000004255,O001524,P000607,6,1009.71,85.07,5973.1900000000005
OI000004256,O000216,P000867,10,1286.29,246.11,12616.789999999999
OI000004257,O000859,P000815,8,15.61,4.45,120.42999999999999
OI000004258,O002595,P000137,2,1305.73,135.58,2475.88
OI000004259,O001729,P000171,8,1191.32,18.11,9512.449999999999
OI000004260,O000938,P000320,6,1011.98,127.95,5943.93
OI000004261,O000577,P000493,9,1855.43,531.84,16167.029999999999
OI000004262,O001211,P000742,1,319.51,52.66,266.85
OI000004263,O002758,P000136,9,1094.77,239.89,9613.04
OI000004264,O000587,P000224,8,1528.69,432.45,11797.07
OI000004265,O002633,P000181,10,794.31,25.91,7917.19
OI000004266,O001535,P000056,8,1443.17,203.6,11341.76
OI000004267,O002777,P000665,10,1713.81,8.19,17129.91
OI000004268,O001136,P000676,8,91.61,19.97,712.91
OI000004269,O001292,P000955,6,1153.35,155.11,6764.99
OI000004270,O001072,P000141,2,1728.79,0.1,3457.48
OI000004271,O001262,P000678,2,144.37,13.9,274.84000000000003
OI000004272,O001746,P000711,6,1217.93,278.12,7029.46
OI000004273,O002251,P000469,5,927.16,114.37,4521.43
OI000004274,O002304,P000915,3,788.11,159.27,2205.06
OI000004275,O002114,P000794,5,415.67,40.52,2037.83
OI000004276,O002486,P000096,10,372.33,6.39,3716.91
OI000004277,O000876,P000994,2,1250.17,123.18,2377.1600000000003
OI000004278,O001115,P000907,3,1911.53,96.75,5637.84
OI000004279,O000584,P000009,5,1829.84,492.34,8656.859999999999
OI000004280,O002299,P000949,8,419.56,6.44,3350.04
OI000004281,O000880,P000615,10,811.64,37.5,8078.9
OI000004282,O000855,P000471,10,278.32,73.84,2709.3599999999997
OI000004283,O001577,P000143,7,898.04,176.04,6110.24
OI000004284,O001020,P000568,10,953.56,118.62,9416.979999999998
OI000004285,O000567,P000274,5,58.35,9.1,282.65
OI000004286,O000066,P000140,8,982.04,120.73,7735.59
OI000004287,O000508,P000683,8,84.74,5.16,672.76
OI000004288,O002579,P000763,9,1986.37,526.28,17351.05
OI000004289,O001203,P000823,6,760.05,24.77,4535.529999999999
OI000004290,O002259,P000378,5,381.87,82.1,1827.25
OI000004291,O002963,P000477,9,192.02,20.42,1707.76
OI000004292,O001388,P000189,2,1389.24,16.36,2762.12
OI000004293,O000711,P000554,8,1891.17,354.46,14774.900000000001
OI000004294,O002693,P000693,10,748.02,39.73,7440.47
OI000004295,O002186,P000337,10,794.19,59.71,7882.1900000000005
OI000004296,O001215,P000013,4,627.66,174.98,2335.66
OI000004297,O000794,P000862,4,1783.07,368.16,6764.12
OI000004298,O001235,P000557,1,37.77,9.28,28.490000000000002
OI000004299,O002532,P000531,3,512.68,42.55,1495.49
OI000004300,O000005,P000507,5,1029.09,23.13,5122.32
OI000004301,O000203,P000629,9,1677.51,151.72,14945.87
OI000004302,O000184,P000838,2,1035.16,255.87,1814.4500000000003
OI000004303,O000728,P000327,8,1741.17,151.36,13778.0
OI000004304,O002349,P000606,7,365.97,27.75,2534.04
OI000004305,O001772,P000819,2,462.02,85.75,838.29
OI000004306,O000293,P000753,10,691.62,125.51,6790.69
OI000004307,O001540,P000261,9,1772.1,367.02,15581.88
OI000004308,O002475,P000684,4,1874.6,137.49,7360.91
OI000004309,O002697,P000368,4,24.19,4.38,92.38000000000001
OI000004310,O001936,P000738,5,767.97,186.72,3653.1300000000006
OI000004311,O000401,P000091,1,56.35,6.89,49.46
OI000004312,O000070,P000251,1,253.9,29.12,224.78
OI000004313,O002271,P000145,1,2.73,0.61,2.12
OI000004314,O001633,P000849,4,1059.2,57.5,4179.3
OI000004315,O002085,P000673,10,500.63,130.04,4876.26
OI000004316,O001647,P000061,3,1202.79,293.35,3315.02
OI000004317,O002959,P000508,3,882.84,43.29,2605.23
OI000004318,O000215,P000441,7,1536.52,164.19,10591.449999999999
OI000004319,O001761,P000679,7,1280.62,237.58,8726.76
OI000004320,O002794,P000308,1,1925.87,503.46,1422.4099999999999
OI000004321,O000700,P000784,6,157.64,7.81,938.03
OI000004322,O001138,P000064,3,1406.61,13.66,4206.17
OI000004323,O002174,P000263,7,222.37,61.45,1495.14
OI000004324,O001013,P000631,3,1717.28,73.6,5078.24
OI000004325,O001682,P000363,9,284.75,71.36,2491.39
OI000004326,O002668,P000233,10,113.86,20.92,1117.6799999999998
OI000004327,O000047,P000702,2,1444.85,191.63,2698.0699999999997
OI000004328,O000439,P000595,2,1528.15,201.76,2854.54
OI000004329,O000616,P000289,2,1937.94,328.53,3547.3500000000004
OI000004330,O001124,P000181,7,794.31,176.9,5383.27
OI000004331,O002085,P000422,1,973.57,244.25,729.32
OI000004332,O001357,P000334,2,1110.66,65.7,2155.6200000000003
OI000004333,O000418,P000735,4,1898.21,550.21,7042.63
OI000004334,O002483,P000385,3,1874.09,124.72,5497.549999999999
OI000004335,O001373,P000379,10,243.16,10.94,2420.66
OI000004336,O001087,P000078,8,1648.51,289.6,12898.48
OI000004337,O000833,P000115,1,37.57,8.87,28.700000000000003
OI000004338,O000852,P000974,1,89.43,6.55,82.88000000000001
OI000004339,O001491,P000934,4,509.97,133.38,1906.5
OI000004340,O002163,P000184,8,127.09,34.29,982.4300000000001
OI000004341,O002128,P000978,10,618.23,44.02,6138.28
OI000004342,O001443,P000677,2,939.01,52.85,1825.17
OI000004343,O000695,P000532,5,1097.79,324.08,5164.87
OI000004344,O001616,P000449,8,595.59,44.0,4720.72
OI000004345,O001814,P000412,4,1511.32,27.44,6017.84
OI000004346,O002588,P000835,1,1852.55,465.5,1387.05
OI000004347,O000924,P000771,6,1098.48,145.58,6445.3
OI000004348,O001242,P000867,4,1286.29,38.44,5106.72
OI000004349,O000147,P000381,9,539.13,41.39,4810.78
OI000004350,O002381,P000209,7,240.61,36.15,1648.12
OI000004351,O000909,P000243,9,297.92,28.86,2652.42
OI000004352,O000943,P000299,1,933.61,117.6,816.01
OI000004353,O002561,P000627,8,62.03,7.21,489.03000000000003
OI000004354,O002694,P000725,4,1732.02,86.36,6841.72
OI000004355,O001393,P000055,2,1701.66,46.43,3356.8900000000003
OI000004356,O002341,P000780,9,930.67,110.75,8265.279999999999
OI000004357,O002891,P000563,8,197.63,21.45,1559.59
OI000004358,O000198,P000187,5,362.53,58.85,1753.8
OI000004359,O000586,P000349,8,245.34,43.42,1919.3
OI000004360,O000207,P000307,6,1199.79,309.48,6889.26
OI000004361,O000667,P000755,3,439.64,101.26,1217.66
OI000004362,O001499,P000726,9,928.18,149.28,8204.339999999998
OI000004363,O000964,P000511,2,803.09,186.48,1419.7
OI000004364,O001305,P000906,2,661.16,35.98,1286.34
OI000004365,O001259,P000850,4,672.56,23.47,2666.77
OI000004366,O000614,P000809,2,64.16,4.84,123.47999999999999
OI000004367,O000058,P000039,5,998.6,122.21,4870.79
OI000004368,O001665,P000809,8,64.16,0.94,512.3399999999999
OI000004369,O002371,P000996,4,356.46,68.9,1356.9399999999998
OI000004370,O001902,P000450,6,793.14,219.83,4539.01
OI000004371,O001489,P000603,9,1296.91,125.15,11547.04
OI000004372,O000490,P000165,3,1110.52,150.31,3181.25
OI000004373,O002056,P000350,9,190.6,38.71,1676.6899999999998
OI000004374,O001264,P000537,3,1276.32,226.74,3602.2200000000003
OI000004375,O000519,P000058,3,1167.45,193.21,3309.1400000000003
OI000004376,O000800,P000747,3,427.5,121.42,1161.08
OI000004377,O002208,P000670,1,937.31,95.57,841.74
OI000004378,O000566,P000637,5,816.43,144.89,3937.2599999999998
OI000004379,O002622,P000855,7,1185.68,232.56,8067.2
OI000004380,O001547,P000649,8,1663.88,375.14,12935.900000000001
OI000004381,O000165,P000565,2,684.28,72.53,1296.03
OI000004382,O001970,P000867,8,1286.29,247.09,10043.23
OI000004383,O000393,P000128,3,538.17,57.93,1556.5799999999997
OI000004384,O002409,P000537,2,1276.32,310.08,2242.56
OI000004385,O001547,P000915,10,788.11,191.58,7689.52
OI000004386,O001386,P000664,5,58.71,4.63,288.92
OI000004387,O000603,P000290,2,271.21,44.29,498.12999999999994
OI000004388,O001819,P000804,3,935.51,174.5,2632.0299999999997
OI000004389,O001828,P000210,3,849.87,188.93,2360.6800000000003
OI000004390,O002799,P000565,9,684.28,75.71,6082.8099999999995
OI000004391,O000803,P000195,1,828.98,84.11,744.87
OI000004392,O000496,P000763,5,1986.37,299.22,9632.63
OI000004393,O001930,P000599,4,308.14,68.41,1164.1499999999999
OI000004394,O000208,P000045,6,1873.28,102.63,11137.050000000001
OI000004395,O001365,P000751,9,408.73,74.37,3604.2000000000003
OI000004396,O000236,P000802,5,1573.02,195.69,7669.410000000001
OI000004397,O000026,P000757,3,330.69,22.52,969.55
OI000004398,O001701,P000531,5,512.68,100.08,2463.3199999999997
OI000004399,O001999,P000277,7,134.75,15.15,928.1
OI000004400,O000895,P000582,4,982.67,279.65,3651.0299999999997
OI000004401,O002624,P000598,1,649.92,62.83,587.0899999999999
OI000004402,O001132,P000841,6,214.82,7.65,1281.27
OI000004403,O000730,P000781,7,220.22,33.47,1508.07
OI000004404,O000343,P000626,3,1056.06,278.17,2890.0099999999998
OI000004405,O002469,P000262,2,736.56,181.03,1292.09
OI000004406,O000101,P000135,6,1752.72,491.19,10025.13
OI000004407,O001985,P000669,7,709.86,82.77,4886.25
OI000004408,O002732,P000948,10,961.55,40.39,9575.11
OI000004409,O002848,P000690,2,294.63,62.63,526.63
OI000004410,O001056,P000280,2,896.18,230.01,1562.35
OI000004411,O002990,P000634,8,1987.65,36.5,15864.7
OI000004412,O001879,P000560,7,120.18,16.08,825.18
OI000004413,O001515,P000544,3,1583.93,107.58,4644.21
OI000004414,O001448,P000160,9,122.22,23.16,1076.82
OI000004415,O000870,P000869,4,279.78,44.06,1075.06
OI000004416,O001974,P000661,2,499.43,81.89,916.97
OI000004417,O001565,P000761,8,198.42,9.06,1578.3
OI000004418,O001685,P000317,10,409.42,86.42,4007.78
OI000004419,O002724,P000009,10,1829.84,363.49,17934.909999999996
OI000004420,O002391,P000804,6,935.51,239.43,5373.629999999999
OI000004421,O001092,P000158,3,1994.69,405.07,5579.0
OI000004422,O000839,P000888,9,217.17,4.5,1950.03
OI000004423,O002018,P000467,4,847.94,232.06,3159.7000000000003
OI000004424,O001050,P000446,5,1640.14,422.85,7777.85
OI000004425,O000321,P000884,3,592.0,146.28,1629.72
OI000004426,O001626,P000239,2,1699.59,127.76,3271.4199999999996
OI000004427,O000749,P000190,5,560.65,38.05,2765.2
OI000004428,O001841,P000002,9,1734.43,443.12,15166.75
OI000004429,O000281,P000892,9,19.01,0.11,170.98
OI000004430,O002756,P000020,4,628.21,105.01,2407.83
OI000004431,O002366,P000091,10,56.35,6.57,556.93
OI000004432,O001081,P000359,1,17.82,5.14,12.68
OI000004433,O001366,P000208,3,877.76,57.52,2575.7599999999998
OI000004434,O000998,P000217,5,1403.4,89.29,6927.71
OI000004435,O000672,P000108,6,122.16,33.04,699.9200000000001
OI000004436,O002640,P000920,7,477.7,128.78,3215.12
OI000004437,O002205,P000095,6,1267.28,184.83,7418.85
OI000004438,O000913,P000153,4,1133.43,326.11,4207.610000000001
OI000004439,O000237,P000498,10,1597.19,380.88,15591.020000000002
OI000004440,O001199,P000226,4,661.78,67.52,2579.6
OI000004441,O002170,P000163,5,214.31,28.12,1043.43
OI000004442,O002766,P000493,3,1855.43,215.58,5350.71
OI000004443,O001164,P000550,8,110.91,30.32,856.9599999999999
OI000004444,O002158,P000304,5,1518.34,72.25,7519.45
OI000004445,O002566,P000977,7,1140.0,102.42,7877.58
OI000004446,O000997,P000235,4,1886.98,100.35,7447.57
OI000004447,O002096,P000797,5,1511.81,187.29,7371.759999999999
OI000004448,O001678,P000624,1,401.33,97.74,303.59
OI000004449,O000548,P000811,2,106.61,12.31,200.91
OI000004450,O001156,P000666,1,928.08,111.6,816.48
OI000004451,O001146,P000529,1,923.0,177.49,745.51
OI000004452,O000784,P000093,6,1669.16,101.67,9913.29
OI000004453,O000936,P000849,8,1059.2,140.8,8332.800000000001
OI000004454,O002953,P000224,1,1528.69,142.1,1386.5900000000001
OI000004455,O001163,P000050,10,563.1,4.41,5626.59
OI000004456,O000874,P000802,5,1573.02,316.15,7548.950000000001
OI000004457,O001001,P000868,4,1467.0,414.92,5453.08
OI000004458,O002268,P000040,9,556.9,8.9,5003.2
OI000004459,O002169,P000425,5,416.72,7.43,2076.1700000000005
OI000004460,O001032,P000609,10,822.73,169.71,8057.589999999999
OI000004461,O002403,P000355,5,1953.77,468.8,9300.050000000001
OI000004462,O000742,P000534,5,1699.3,190.5,8306.0
OI000004463,O001207,P000988,9,951.78,3.54,8562.48
OI000004464,O001401,P000567,6,233.93,9.87,1393.71
OI000004465,O002919,P000724,9,444.71,63.11,3939.2799999999997
OI000004466,O001356,P000586,8,33.73,9.48,260.35999999999996
OI000004467,O000011,P000073,8,18.7,4.88,144.72
OI000004468,O000951,P000164,8,1534.92,71.07,12208.29
OI000004469,O002635,P000854,7,270.75,68.39,1826.86
OI000004470,O000484,P000620,10,1248.68,42.87,12443.93
OI000004471,O000919,P000911,5,1740.99,350.56,8354.390000000001
OI000004472,O002748,P000249,8,1700.31,8.09,13594.39
OI000004473,O000486,P000588,7,558.58,140.39,3769.6700000000005
OI000004474,O002041,P000396,10,72.3,3.82,719.18
OI000004475,O002942,P000580,8,1016.39,55.56,8075.5599999999995
OI000004476,O000157,P000031,10,559.35,25.2,5568.3
OI000004477,O002760,P000346,2,1842.42,149.33,3535.51
OI000004478,O001936,P000114,2,133.13,39.94,226.32
OI000004479,O000547,P000145,10,2.73,0.22,27.080000000000002
OI000004480,O000200,P000891,7,1668.5,68.07,11611.43
OI000004481,O002578,P000829,10,34.71,5.03,342.07000000000005
OI000004482,O000797,P000440,8,1196.88,303.68,9271.36
OI000004483,O001310,P000718,5,1719.5,429.09,8168.41
OI000004484,O000015,P000264,7,336.58,69.83,2286.23
OI000004485,O002645,P000193,1,26.11,6.99,19.119999999999997
OI000004486,O002567,P000126,4,602.62,103.11,2307.37
OI000004487,O002483,P000875,1,1163.14,47.25,1115.89
OI000004488,O000073,P000037,3,1590.88,256.57,4516.070000000001
OI000004489,O000223,P000343,10,1869.22,71.81,18620.39
OI000004490,O001347,P000892,3,19.01,4.3,52.730000000000004
OI000004491,O002855,P000415,4,723.99,217.11,2678.85
OI000004492,O002797,P000087,1,437.07,39.31,397.76
OI000004493,O001575,P000897,8,1561.8,349.22,12145.18
OI000004494,O002468,P000443,2,1408.17,207.39,2608.9500000000003
OI000004495,O000616,P000941,10,1195.18,62.27,11889.53
OI000004496,O002055,P000744,3,824.67,219.65,2254.3599999999997
OI000004497,O000630,P000188,1,1044.04,82.66,961.38
OI000004498,O001243,P000170,6,808.52,61.15,4789.97
OI000004499,O001340,P000623,6,5.35,0.46,31.639999999999993
OI000004500,O000191,P000208,5,877.76,211.67,4177.13
OI000004501,O000685,P000319,6,1662.56,128.1,9847.26
OI000004502,O001277,P000347,8,689.1,8.92,5503.88
OI000004503,O002902,P000141,5,1728.79,83.29,8560.66
OI000004504,O000836,P000840,4,51.08,8.79,195.53
OI000004505,O000029,P000685,9,1730.91,71.51,15506.68
OI000004506,O000693,P000133,6,1130.53,252.8,6530.38
OI000004507,O002675,P000201,3,1143.59,164.94,3265.8299999999995
OI000004508,O000210,P000048,2,494.03,138.88,849.18
OI000004509,O001786,P000784,6,157.64,34.38,911.4599999999999
OI000004510,O001357,P000143,9,898.04,249.2,7833.16
OI000004511,O000964,P000656,7,1844.7,430.03,12482.869999999999
OI000004512,O002679,P000745,1,1928.84,11.6,1917.24
OI000004513,O001415,P000604,7,1937.68,346.26,13217.5
OI000004514,O000102,P000637,5,816.43,38.77,4043.3799999999997
OI000004515,O001296,P000832,4,197.18,27.02,761.7
OI000004516,O001272,P000956,7,24.75,3.39,169.86
OI000004517,O002157,P000490,4,184.85,8.19,731.2099999999999
OI000004518,O000098,P000799,2,563.74,53.41,1074.07
OI000004519,O001400,P000968,9,506.73,16.74,4543.83
OI000004520,O001765,P000859,9,1721.38,346.82,15145.600000000002
OI000004521,O001482,P000440,3,1196.88,141.21,3449.4300000000003
OI000004522,O001386,P000747,7,427.5,99.29,2893.21
OI000004523,O000836,P000855,7,1185.68,104.35,8195.41
OI000004524,O002846,P000076,2,1993.18,213.29,3773.07
OI000004525,O002654,P000970,1,750.28,151.97,598.31
OI000004526,O002171,P000966,1,951.42,252.95,698.47
OI000004527,O001782,P000477,2,192.02,14.96,369.08000000000004
OI000004528,O001952,P000149,10,21.16,6.26,205.34
OI000004529,O002510,P000273,8,1666.56,238.23,13094.25
OI000004530,O001024,P000346,2,1842.42,141.17,3543.67
OI000004531,O000697,P000304,9,1518.34,335.2,13329.859999999999
OI000004532,O000317,P000773,3,929.87,148.92,2640.69
OI000004533,O002677,P000086,2,596.33,44.3,1148.3600000000001
OI000004534,O002260,P000774,10,1604.87,248.07,15800.63
OI000004535,O001701,P000319,6,1662.56,63.94,9911.42
OI000004536,O002453,P000734,4,155.02,45.41,574.6700000000001
OI000004537,O000755,P000146,2,710.88,189.13,1232.63
OI000004538,O001135,P000467,2,847.94,247.67,1448.21
OI000004539,O002337,P000118,1,1067.21,221.93,845.28
OI000004540,O000688,P000252,5,197.08,56.41,928.9900000000001
OI000004541,O001552,P000896,1,61.98,11.6,50.379999999999995
OI000004542,O002429,P000817,3,586.32,107.26,1651.7
OI000004543,O000342,P000458,1,1602.05,283.32,1318.73
OI000004544,O001416,P000023,2,1958.73,319.65,3597.81
OI000004545,O001856,P000525,7,1189.62,57.38,8269.960000000001
OI000004546,O002129,P000220,4,1661.8,50.54,6596.66
OI000004547,O001620,P000622,8,371.41,90.23,2881.05
OI000004548,O001567,P000006,1,1376.48,47.84,1328.64
OI000004549,O000738,P000058,6,1167.45,321.79,6682.910000000001
OI000004550,O001269,P000272,8,1893.6,291.74,14857.06
OI000004551,O002089,P000673,8,500.63,136.69,3868.35
OI000004552,O000947,P000750,9,765.43,138.76,6750.11
OI000004553,O000945,P000928,10,1542.52,72.83,15352.37
OI000004554,O000881,P000096,2,372.33,75.25,669.41
OI000004555,O002805,P000891,6,1668.5,283.26,9727.74
OI000004556,O001064,P000193,10,26.11,1.69,259.41
OI000004557,O002645,P000768,8,552.93,54.58,4368.86
OI000004558,O000906,P000013,3,627.66,102.5,1780.48
OI000004559,O000991,P000818,8,82.46,0.58,659.0999999999999
OI000004560,O002611,P000197,6,374.57,29.55,2217.87
OI000004561,O000324,P000979,3,1379.64,151.51,3987.41
OI000004562,O000643,P000340,3,338.38,6.62,1008.52
OI000004563,O000006,P000306,2,131.12,28.38,233.86
OI000004564,O002856,P000141,1,1728.79,238.87,1489.92
OI000004565,O000714,P000300,5,47.94,2.69,237.01
OI000004566,O001417,P000033,2,265.77,41.58,489.96
OI000004567,O001537,P000903,8,1205.79,113.24,9533.08
OI000004568,O000891,P000449,4,595.59,178.68,2203.6800000000003
OI000004569,O000135,P000856,10,791.93,58.61,7860.69
OI000004570,O000560,P000631,8,1717.28,377.23,13361.01
OI000004571,O002706,P000122,3,1945.52,365.09,5471.469999999999
OI000004572,O000747,P000405,7,316.12,4.22,2208.6200000000003
OI000004573,O001844,P000270,3,380.64,101.37,1040.5500000000002
OI000004574,O002488,P000509,7,69.55,16.56,470.28999999999996
OI000004575,O000051,P000324,7,484.71,58.23,3334.74
OI000004576,O002789,P000574,1,1508.02,293.88,1214.1399999999999
OI000004577,O001457,P000878,7,1375.57,218.63,9410.36
OI000004578,O001843,P000848,10,1568.72,292.94,15394.26
OI000004579,O000424,P000735,8,1898.21,86.98,15098.7
OI000004580,O001703,P000184,1,127.09,25.12,101.97
OI000004581,O001848,P000196,10,232.25,13.4,2309.1
OI000004582,O002850,P000260,5,1962.91,559.88,9254.670000000002
OI000004583,O001573,P000348,7,1313.62,273.07,8922.27
OI000004584,O000459,P000805,5,43.34,8.6,208.10000000000002
OI000004585,O002118,P000570,9,1069.19,167.8,9454.910000000002
OI000004586,O000322,P000007,9,405.69,97.59,3553.62
OI000004587,O001402,P000767,9,1966.38,140.5,17556.920000000002
OI000004588,O000518,P000853,3,1677.26,16.23,5015.55
OI000004589,O001771,P000193,10,26.11,1.26,259.84000000000003
OI000004590,O002383,P000401,10,531.37,150.55,5163.15
OI000004591,O002170,P000922,2,1803.24,168.25,3438.23
OI000004592,O001771,P000436,9,1726.17,443.59,15091.94
OI000004593,O002080,P000639,7,674.01,178.79,4539.28
OI000004594,O001929,P000730,8,1322.13,354.14,10222.900000000001
OI000004595,O001032,P000225,1,810.98,139.86,671.12
OI000004596,O000638,P000373,9,947.7,106.66,8422.640000000001
OI000004597,O000170,P000956,3,24.75,1.83,72.42
OI000004598,O001955,P000814,2,1318.54,246.95,2390.13
OI000004599,O000485,P000110,2,1933.44,31.08,3835.8
OI000004600,O001559,P000670,2,937.31,6.87,1867.75
OI000004601,O000560,P000639,2,674.01,64.66,1283.36
OI000004602,O001692,P000348,1,1313.62,369.21,944.4099999999999
OI000004603,O000177,P000897,5,1561.8,371.55,7437.45
OI000004604,O002366,P000394,6,1813.72,416.69,10465.63
OI000004605,O001127,P000711,8,1217.93,240.09,9503.35
OI000004606,O002050,P000670,4,937.31,209.12,3540.12
OI000004607,O000509,P000788,9,1080.64,86.39,9639.37
OI000004608,O002112,P000717,3,85.48,11.82,244.62
OI000004609,O002355,P000992,6,135.46,13.62,799.14
OI000004610,O000436,P000153,3,1133.43,288.1,3112.19
OI000004611,O000337,P000397,5,1296.06,239.8,6240.499999999999
OI000004612,O001429,P000442,5,120.29,13.76,587.69
OI000004613,O002341,P000903,6,1205.79,138.28,7096.46
OI000004614,O001615,P000439,3,501.44,26.85,1477.47
OI000004615,O000421,P000037,1,1590.88,363.28,1227.6000000000001
OI000004616,O000605,P000566,7,1883.35,118.56,13064.89
OI000004617,O002119,P000003,7,353.8,88.4,2388.2
OI000004618,O001078,P000602,7,668.37,75.54,4603.05
OI000004619,O002854,P000808,1,254.28,33.53,220.75
OI000004620,O000398,P000608,6,1748.7,145.75,10346.45
OI000004621,O001712,P000406,5,139.86,30.2,669.1
OI000004622,O001749,P000193,3,26.11,7.58,70.75
OI000004623,O002845,P000903,6,1205.79,72.62,7162.12
OI000004624,O000273,P000090,3,911.3,65.96,2667.9399999999996
OI000004625,O001395,P000494,2,1011.4,32.3,1990.5
OI000004626,O000773,P000509,7,69.55,7.23,479.61999999999995
OI000004627,O001229,P000936,1,585.84,16.82,569.02
OI000004628,O001557,P000368,9,24.19,6.06,211.65
OI000004629,O000471,P000249,8,1700.31,78.6,13523.88
OI000004630,O000866,P000052,4,1644.34,281.63,6295.73
OI000004631,O000721,P000311,3,1032.71,102.23,2995.9
OI000004632,O002162,P000207,6,1903.85,82.82,11340.279999999999
OI000004633,O000115,P000993,5,827.63,235.64,3902.5099999999998
OI000004634,O002814,P000928,10,1542.52,269.44,15155.76
OI000004635,O002698,P000228,7,224.88,11.38,1562.7799999999997
OI000004636,O001356,P000429,6,1810.58,365.98,10497.5
OI000004637,O002117,P000043,7,1704.4,153.55,11777.250000000002
OI000004638,O001746,P000952,5,1174.25,336.32,5534.93
OI000004639,O001823,P000754,8,998.49,185.92,7802.0
OI000004640,O000092,P000975,4,197.12,9.62,778.86
OI000004641,O002377,P000436,7,1726.17,492.94,11590.25
OI000004642,O002567,P000933,1,1264.94,322.56,942.3800000000001
OI000004643,O000216,P000318,1,1732.19,258.6,1473.5900000000001
OI000004644,O002111,P000690,4,294.63,26.05,1152.47
OI000004645,O002455,P000679,2,1280.62,257.25,2303.99
OI000004646,O002624,P000636,2,269.04,38.08,500.00000000000006
OI000004647,O001998,P000259,9,1864.34,496.6,16282.459999999997
OI000004648,O000110,P000906,10,661.16,118.85,6492.749999999999
OI000004649,O000511,P000248,6,372.05,45.07,2187.23
OI000004650,O001595,P000710,3,1371.3,183.3,3930.5999999999995
OI000004651,O002429,P000937,2,1807.84,115.12,3500.56
OI000004652,O000655,P000411,4,798.36,211.55,2981.89
OI000004653,O001323,P000365,8,47.53,10.32,369.92
OI000004654,O000667,P000335,9,225.93,4.39,2028.98
OI000004655,O002642,P000497,8,242.36,3.38,1935.5
OI000004656,O001681,P000176,2,1380.48,197.91,2563.05
OI000004657,O001799,P000609,8,822.73,99.87,6481.97
OI000004658,O000187,P000361,1,944.24,104.8,839.44
OI000004659,O001849,P000381,5,539.13,157.8,2537.85
OI000004660,O000004,P000904,5,483.23,9.99,2406.1600000000003
OI000004661,O000026,P000986,5,504.36,11.58,2510.2200000000003
OI000004662,O002985,P000718,6,1719.5,340.04,9976.96
OI000004663,O001019,P000478,4,459.93,133.74,1705.98
OI000004664,O000977,P000246,7,818.96,71.43,5661.29
OI000004665,O001063,P000410,2,1774.59,307.01,3242.17
OI000004666,O000015,P000580,8,1016.39,28.33,8102.79
OI000004667,O000999,P000776,5,980.91,112.87,4791.68
OI000004668,O001745,P000233,10,113.86,25.87,1112.73
OI000004669,O002675,P000464,5,1269.9,251.22,6098.28
OI000004670,O000351,P000681,7,270.62,59.12,1835.2200000000003
OI000004671,O002625,P000149,10,21.16,1.42,210.18
OI000004672,O002201,P000967,7,1629.27,373.27,11031.619999999999
OI000004673,O002458,P000418,9,246.0,44.11,2169.89
OI000004674,O000444,P000644,7,189.11,42.43,1281.34
OI000004675,O002650,P000440,4,1196.88,69.51,4718.01
OI000004676,O002020,P000923,6,286.61,20.58,1699.0800000000002
OI000004677,O000325,P000241,6,1279.61,349.68,7327.98
OI000004678,O000600,P000189,2,1389.24,63.32,2715.16
OI000004679,O002459,P000328,10,151.76,10.43,1507.1699999999998
OI000004680,O000149,P000458,4,1602.05,117.31,6290.889999999999
OI000004681,O000401,P000261,8,1772.1,344.11,13832.689999999999
OI000004682,O002998,P000741,8,1657.77,154.4,13107.76
OI000004683,O002708,P000437,6,1649.68,392.69,9505.39
OI000004684,O001264,P000208,3,877.76,253.73,2379.5499999999997
OI000004685,O001520,P000261,2,1772.1,408.08,3136.12
OI000004686,O001600,P000650,6,330.37,6.89,1975.33
OI000004687,O000017,P000847,10,197.07,10.36,1960.34
OI000004688,O002763,P000331,7,1444.86,146.46,9967.56
OI000004689,O001413,P000877,9,1494.67,395.51,13056.52
OI000004690,O000844,P000540,1,531.52,3.68,527.84
OI000004691,O002415,P000701,8,847.69,135.11,6646.410000000001
OI000004692,O000287,P000844,2,459.84,127.13,792.55
OI000004693,O001270,P000438,4,1368.96,259.73,5216.110000000001
OI000004694,O000724,P000954,7,1799.27,209.63,12385.26
OI000004695,O002031,P000812,1,1705.52,103.48,1602.04
OI000004696,O000670,P000659,8,181.9,14.57,1440.63
OI000004697,O002282,P000912,1,1468.14,170.42,1297.72
OI000004698,O002403,P000783,7,1511.59,114.71,10466.42
OI000004699,O000989,P000818,6,82.46,14.81,479.95
OI000004700,O002239,P000801,3,373.91,27.47,1094.26
OI000004701,O001000,P000261,10,1772.1,51.17,17669.83
OI000004702,O000154,P000384,2,930.26,194.83,1665.69
OI000004703,O002581,P000022,7,40.0,6.97,273.03
OI000004704,O000155,P000111,7,1817.6,470.82,12252.38
OI000004705,O002863,P000496,9,1057.48,297.49,9219.83
OI000004706,O002359,P000735,6,1898.21,512.98,10876.28
OI000004707,O001571,P000859,10,1721.38,265.2,16948.600000000002
OI000004708,O001047,P000990,1,375.59,109.31,266.28
OI000004709,O001930,P000647,3,753.4,151.75,2108.45
OI000004710,O000249,P000035,7,611.08,170.78,4106.780000000001
OI000004711,O001240,P000816,5,1126.29,184.28,5447.17
OI000004712,O000635,P000336,5,1022.87,226.55,4887.8
OI000004713,O001058,P000264,10,336.58,15.25,3350.5499999999997
OI000004714,O000905,P000262,9,736.56,158.56,6470.479999999999
OI000004715,O000242,P000510,5,173.14,3.32,862.3799999999999
OI000004716,O001331,P000547,1,122.18,31.21,90.97
OI000004717,O000776,P000215,2,1358.6,318.57,2398.6299999999997
OI000004718,O002956,P000675,6,953.37,203.73,5516.490000000001
OI000004719,O002348,P000312,7,766.77,201.37,5166.0199999999995
OI000004720,O000104,P000127,3,94.06,6.93,275.25
OI000004721,O002813,P000843,6,304.52,52.36,1774.76
OI000004722,O000599,P000281,10,1799.35,466.7,17526.8
OI000004723,O000124,P000249,3,1700.31,357.59,4743.34
OI000004724,O001400,P000566,2,1883.35,384.76,3381.9399999999996
OI000004725,O000998,P000164,4,1534.92,409.1,5730.58
OI000004726,O001456,P000932,4,848.21,120.76,3272.08
OI000004727,O002791,P000991,1,859.29,208.63,650.66
OI000004728,O002723,P000873,2,646.85,167.7,1126.0
OI000004729,O000598,P000605,5,1505.93,177.97,7351.68
OI000004730,O002776,P000502,10,1021.62,74.64,10141.560000000001
OI000004731,O000841,P000141,4,1728.79,255.9,6659.26
OI000004732,O000565,P000977,10,1140.0,170.63,11229.37
OI000004733,O001187,P000259,4,1864.34,422.28,7035.08
OI000004734,O001116,P000104,2,373.15,61.54,684.76
OI000004735,O002788,P000154,3,378.8,97.55,1038.8500000000001
OI000004736,O001774,P000408,7,1670.62,390.23,11304.11
OI000004737,O000790,P000767,2,1966.38,540.32,3392.44
OI000004738,O001536,P000484,3,768.71,121.0,2185.13
OI000004739,O001028,P000108,5,122.16,15.82,594.9799999999999
OI000004740,O001420,P000252,8,197.08,46.37,1530.2700000000002
OI000004741,O001616,P000410,4,1774.59,305.95,6792.41
OI000004742,O002056,P000092,6,547.84,19.45,3267.59
OI000004743,O001815,P000108,5,122.16,28.41,582.39
OI000004744,O002667,P000137,3,1305.73,6.59,3910.6
OI000004745,O000339,P000305,2,37.98,9.72,66.24
OI000004746,O001261,P000882,4,540.45,95.5,2066.3
OI000004747,O002923,P000846,4,896.44,253.93,3331.8300000000004
OI000004748,O000624,P000208,9,877.76,3.91,7895.93
OI000004749,O002583,P000214,8,24.93,2.55,196.89
OI000004750,O001774,P000547,5,122.18,30.54,580.3600000000001
OI000004751,O001771,P000150,6,1591.64,108.63,9441.210000000001
OI000004752,O001602,P000782,10,188.19,39.24,1842.66
OI000004753,O002151,P000070,3,1035.7,29.7,3077.4000000000005
OI000004754,O002297,P000765,6,1330.0,353.51,7626.49
OI000004755,O002432,P000714,7,44.9,3.95,310.35
OI000004756,O002214,P000406,4,139.86,34.01,525.4300000000001
OI000004757,O000183,P000778,3,759.17,148.02,2129.49
OI000004758,O002415,P000645,5,1972.5,504.32,9358.18
OI000004759,O000127,P000719,3,1827.14,237.85,5243.57
OI000004760,O001773,P000674,9,1151.2,236.45,10124.35
OI000004761,O001384,P000811,3,106.61,16.51,303.32
OI000004762,O000859,P000909,1,679.7,179.4,500.30000000000007
OI000004763,O002228,P000095,1,1267.28,254.44,1012.8399999999999
OI000004764,O000960,P000670,5,937.31,100.27,4586.279999999999
OI000004765,O001926,P000016,8,839.54,211.64,6504.679999999999
OI000004766,O002342,P000522,4,939.16,113.41,3643.23
OI000004767,O001428,P000722,1,455.23,90.77,364.46000000000004
OI000004768,O001605,P000425,6,416.72,5.56,2494.76
OI000004769,O000803,P000786,4,701.62,132.09,2674.39
OI000004770,O002561,P000453,2,167.58,16.06,319.1
OI000004771,O002205,P000078,2,1648.51,104.51,3192.5099999999998
OI000004772,O001579,P000953,5,452.68,131.04,2132.36
OI000004773,O000880,P000743,8,1834.29,143.03,14531.289999999999
OI000004774,O000047,P000920,8,477.7,60.18,3761.42
OI000004775,O002241,P000190,9,560.65,155.66,4890.19
OI000004776,O001034,P000718,6,1719.5,388.82,9928.18
OI000004777,O002168,P000440,10,1196.88,125.16,11843.640000000001
OI000004778,O002273,P000455,3,432.41,115.35,1181.88
OI000004779,O000687,P000006,3,1376.48,13.91,4115.530000000001
OI000004780,O000725,P000169,6,582.43,15.59,3478.99
OI000004781,O001105,P000893,8,156.29,6.56,1243.76
OI000004782,O001327,P000593,1,823.83,42.13,781.7
OI000004783,O001031,P000144,1,995.44,242.62,752.82
OI000004784,O001821,P000483,10,779.77,57.13,7740.57
OI000004785,O001075,P000846,6,896.44,62.49,5316.150000000001
OI000004786,O002987,P000240,9,796.09,102.13,7062.68
OI000004787,O001801,P000684,1,1874.6,381.57,1493.03
OI000004788,O002199,P000827,8,326.87,47.1,2567.86
OI000004789,O000504,P000836,5,1875.69,7.27,9371.18
OI000004790,O002064,P000322,9,1261.31,316.93,11034.859999999999
OI000004791,O001549,P000708,6,163.15,46.97,931.9300000000001
OI000004792,O000071,P000252,2,197.08,39.17,354.99
OI000004793,O002714,P000119,8,1333.68,73.27,10596.17
OI000004794,O001723,P000126,7,602.62,9.67,4208.67
OI000004795,O001018,P000781,10,220.22,3.31,2198.89
OI000004796,O000417,P000901,8,49.1,6.02,386.78000000000003
OI000004797,O001420,P000783,2,1511.59,351.0,2672.18
OI000004798,O002793,P000126,1,602.62,71.19,531.4300000000001
OI000004799,O002131,P000732,9,220.12,28.91,1952.1699999999998
OI000004800,O001054,P000496,10,1057.48,243.98,10330.82
OI000004801,O001454,P000648,9,1706.26,82.86,15273.48
OI000004802,O000226,P000690,5,294.63,87.35,1385.8000000000002
OI000004803,O001935,P000343,9,1869.22,229.85,16593.13
OI000004804,O001335,P000243,10,297.92,56.62,2922.5800000000004
OI000004805,O002305,P000360,2,1818.99,70.39,3567.59
OI000004806,O002173,P000528,8,1159.69,83.35,9194.17
OI000004807,O001982,P000691,8,1704.2,83.99,13549.61
OI000004808,O001949,P000512,2,1305.82,359.83,2251.81
OI000004809,O002221,P000764,3,71.15,7.35,206.10000000000002
OI000004810,O001896,P000075,6,1725.0,50.22,10299.78
OI000004811,O002907,P000357,10,1755.07,297.01,17253.690000000002
OI000004812,O002573,P000943,4,1140.36,90.08,4471.36
OI000004813,O002166,P000071,2,1107.76,125.44,2090.08
OI000004814,O002332,P000196,5,232.25,69.39,1091.86
OI000004815,O001093,P000417,10,460.04,13.18,4587.22
OI000004816,O002508,P000368,7,24.19,5.17,164.16000000000003
OI000004817,O001141,P000269,9,976.7,188.77,8601.53
OI000004818,O001212,P000053,9,918.6,177.61,8089.79
OI000004819,O002182,P000830,9,1444.33,97.28,12901.689999999999
OI000004820,O002112,P000517,10,255.91,72.27,2486.83
OI000004821,O002912,P000848,8,1568.72,224.52,12325.24
OI000004822,O000083,P000256,1,91.68,27.34,64.34
OI000004823,O002086,P000036,2,434.19,77.38,791.0
OI000004824,O002148,P000690,9,294.63,69.71,2581.96
OI000004825,O001887,P000058,10,1167.45,153.42,11521.08
OI000004826,O002091,P000394,7,1813.72,350.4,12345.640000000001
OI000004827,O001351,P000303,10,133.92,32.14,1307.0599999999997
OI000004828,O002381,P000818,10,82.46,0.1,824.4999999999999
OI000004829,O000248,P000573,6,21.71,5.98,124.27999999999999
OI000004830,O002061,P000688,7,1532.29,428.91,10297.119999999999
OI000004831,O002497,P000545,2,707.48,128.2,1286.76
OI000004832,O001893,P000841,2,214.82,48.3,381.34
OI000004833,O001174,P000588,2,558.58,137.82,979.3400000000001
OI000004834,O000924,P000868,9,1467.0,394.78,12808.22
OI000004835,O002181,P000191,2,1898.07,401.5,3394.64
OI000004836,O002239,P000307,3,1199.79,315.97,3283.3999999999996
OI000004837,O001424,P000063,6,211.84,13.84,1257.2
OI000004838,O000468,P000677,9,939.01,12.66,8438.43
OI000004839,O001834,P000428,9,745.37,109.79,6598.54
OI000004840,O001431,P000059,1,150.35,34.9,115.44999999999999
OI000004841,O002800,P000411,2,798.36,88.62,1508.1
OI000004842,O000347,P000715,7,297.93,82.99,2002.5200000000002
OI000004843,O002138,P000974,8,89.43,3.46,711.98
OI000004844,O001408,P000270,2,380.64,30.16,731.12
OI000004845,O001088,P000279,5,948.41,171.67,4570.38
OI000004846,O000045,P000266,5,1275.51,350.33,6027.22
OI000004847,O000041,P000319,3,1662.56,177.48,4810.200000000001
OI000004848,O002133,P000336,9,1022.87,245.78,8960.05
OI000004849,O002704,P000360,5,1818.99,508.88,8586.070000000002
OI000004850,O002318,P000651,6,799.02,191.66,4602.46
OI000004851,O001051,P000268,5,796.4,104.96,3877.04
OI000004852,O002326,P000843,7,304.52,8.49,2123.15
OI000004853,O000990,P000840,10,51.08,7.21,503.59
OI000004854,O000670,P000914,10,1300.83,23.65,12984.65
OI000004855,O002210,P000005,10,1877.25,164.86,18607.64
OI000004856,O000286,P000470,8,505.16,99.35,3941.9300000000003
OI000004857,O002077,P000465,10,890.88,98.11,8810.689999999999
OI000004858,O002702,P000251,2,253.9,64.86,442.94
OI000004859,O000272,P000311,4,1032.71,98.27,4032.57
OI000004860,O000410,P000740,3,222.9,10.52,658.1800000000001
OI000004861,O002184,P000692,5,1094.93,167.02,5307.63
OI000004862,O000456,P000585,10,1330.02,5.37,13294.83
OI000004863,O000460,P000656,6,1844.7,275.86,10792.34
OI000004864,O000251,P000781,1,220.22,4.36,215.85999999999999
OI000004865,O000309,P000544,4,1583.93,1.73,6333.990000000001
OI000004866,O002630,P000236,8,631.33,166.92,4883.72
OI000004867,O000743,P000347,1,689.1,137.62,551.48
OI000004868,O001167,P000796,4,609.16,19.73,2416.91
OI000004869,O000646,P000059,10,150.35,29.74,1473.76
OI000004870,O001063,P000898,10,86.67,3.62,863.08
OI000004871,O001648,P000586,2,33.73,1.23,66.22999999999999
OI000004872,O000581,P000149,2,21.16,1.0,41.32
OI000004873,O002927,P000434,7,230.55,26.95,1586.9
OI000004874,O002106,P000085,10,311.52,78.22,3036.98
OI000004875,O001433,P000056,1,1443.17,407.59,1035.5800000000002
OI000004876,O002889,P000830,2,1444.33,161.23,2727.43
OI000004877,O000434,P000464,10,1269.9,228.46,12470.54
OI000004878,O000407,P000145,6,2.73,0.1,16.279999999999998
OI000004879,O002269,P000752,5,1858.86,302.96,8991.34
OI000004880,O002684,P000789,2,5.28,0.86,9.700000000000001
OI000004881,O001380,P000529,7,923.0,0.88,6460.12
OI000004882,O000458,P000669,9,709.86,207.08,6181.66
OI000004883,O002458,P000062,7,512.56,16.41,3571.5099999999998
OI000004884,O001504,P000952,8,1174.25,161.63,9232.37
OI000004885,O000771,P000659,5,181.9,48.04,861.46
OI000004886,O002462,P000464,5,1269.9,23.95,6325.55
OI000004887,O001884,P000753,6,691.62,159.98,3989.7400000000002
OI000004888,O002587,P000767,4,1966.38,82.18,7783.34
OI000004889,O001488,P000154,9,378.8,0.83,3408.3700000000003
OI000004890,O001022,P000258,4,907.59,229.62,3400.7400000000002
OI000004891,O000539,P000346,3,1842.42,448.0,5079.26
OI000004892,O001477,P001000,5,191.78,4.57,954.3299999999999
OI000004893,O000256,P000754,3,998.49,134.33,2861.1400000000003
OI000004894,O000487,P000220,1,1661.8,211.11,1450.69
OI000004895,O001619,P000377,4,561.23,47.35,2197.57
OI000004896,O000277,P000418,10,246.0,72.82,2387.18
OI000004897,O000304,P000056,1,1443.17,18.0,1425.17
OI000004898,O000715,P000159,8,761.6,185.59,5907.21
OI000004899,O001700,P000054,4,1664.6,449.96,6208.44
OI000004900,O002307,P000100,7,487.73,66.45,3347.6600000000003
OI000004901,O002292,P000892,2,19.01,0.13,37.89
OI000004902,O002584,P000310,4,1948.09,206.42,7585.94
OI000004903,O001517,P000094,1,477.6,134.11,343.49
OI000004904,O002772,P000044,5,677.5,196.24,3191.26
OI000004905,O002719,P000623,1,5.35,0.46,4.89
OI000004906,O000167,P000296,9,742.88,180.78,6505.14
OI000004907,O001678,P000524,6,705.15,12.56,4218.339999999999
OI000004908,O002630,P000417,7,460.04,72.93,3147.3500000000004
OI000004909,O000823,P000396,4,72.3,17.2,272.0
OI000004910,O001649,P000294,2,676.78,2.18,1351.3799999999999
OI000004911,O001841,P000915,5,788.11,53.52,3887.03
OI000004912,O001977,P000576,5,1838.36,484.53,8707.269999999999
OI000004913,O002563,P000918,5,284.36,31.99,1389.8100000000002
OI000004914,O001166,P000185,3,643.85,170.05,1761.5000000000002
OI000004915,O001125,P000402,8,1679.86,199.5,13239.38
OI000004916,O001297,P000068,9,146.58,5.15,1314.07
OI000004917,O002101,P000818,10,82.46,4.47,820.1299999999999
OI000004918,O002306,P000680,10,962.16,126.23,9495.37
OI000004919,O000296,P000783,9,1511.59,339.45,13264.859999999999
OI000004920,O001445,P000671,1,301.49,2.74,298.75
OI000004921,O002526,P000471,4,278.32,15.52,1097.76
OI000004922,O002365,P000733,9,393.68,78.33,3464.79
OI000004923,O001531,P000276,8,135.17,11.68,1069.6799999999998
OI000004924,O002349,P000532,9,1097.79,188.25,9691.86
OI000004925,O000864,P000482,2,720.13,60.48,1379.78
OI000004926,O002572,P000485,8,941.85,263.41,7271.39
OI000004927,O002412,P000853,5,1677.26,452.06,7934.239999999999
OI000004928,O001349,P000406,3,139.86,26.49,393.09000000000003
OI000004929,O001123,P000363,4,284.75,44.97,1094.03
OI000004930,O002112,P000865,10,678.15,147.19,6634.31
OI000004931,O000902,P000302,10,1661.73,390.51,16226.789999999999
OI000004932,O001006,P000547,3,122.18,3.39,363.15000000000003
OI000004933,O002234,P000069,3,810.99,155.58,2277.3900000000003
OI000004934,O001606,P000904,5,483.23,60.54,2355.61
OI000004935,O000971,P000578,4,730.06,126.76,2793.4799999999996
OI000004936,O000013,P000529,8,923.0,151.18,7232.82
OI000004937,O001893,P000810,2,6.44,0.32,12.56
OI000004938,O000058,P000322,4,1261.31,123.36,4921.88
OI000004939,O000925,P000878,8,1375.57,325.1,10679.46
OI000004940,O000022,P000977,3,1140.0,96.77,3323.23
OI000004941,O000026,P000363,1,284.75,16.15,268.6
OI000004942,O000764,P000996,8,356.46,32.77,2818.91
OI000004943,O001056,P000511,1,803.09,150.34,652.75
OI000004944,O000560,P000015,6,1818.5,58.15,10852.85
OI000004945,O000586,P000082,7,384.31,37.16,2653.01
OI000004946,O000598,P000097,10,1499.25,9.47,14983.03
OI000004947,O002271,P000788,8,1080.64,62.81,8582.310000000001
OI000004948,O002476,P000201,5,1143.59,134.93,5583.0199999999995
OI000004949,O001764,P000399,6,441.58,108.41,2541.07
OI000004950,O000094,P000331,4,1444.86,91.31,5688.129999999999
OI000004951,O001633,P000961,5,260.86,58.7,1245.6000000000001
OI000004952,O002024,P000042,9,1689.48,130.63,15074.69
OI000004953,O002424,P000664,5,58.71,8.84,284.71000000000004
OI000004954,O000488,P000691,10,1704.2,393.58,16648.42
OI000004955,O002795,P000139,10,1764.18,423.77,17218.03
OI000004956,O000999,P000119,1,1333.68,157.54,1176.14
OI000004957,O002697,P000819,6,462.02,71.97,2700.15
OI000004958,O002496,P000666,8,928.08,252.22,7172.42
OI000004959,O001511,P000285,10,124.41,5.4,1238.6999999999998
OI000004960,O000893,P000924,7,723.54,124.95,4939.83
OI000004961,O001236,P000706,4,1978.74,430.97,7483.99
OI000004962,O000986,P000814,6,1318.54,9.22,7902.0199999999995
OI000004963,O002571,P000958,2,1533.89,87.11,2980.67
OI000004964,O001831,P000903,6,1205.79,212.61,7022.13
OI000004965,O000577,P000324,1,484.71,91.74,392.96999999999997
OI000004966,O002995,P000801,2,373.91,7.76,740.0600000000001
OI000004967,O001746,P000494,9,1011.4,161.31,8941.29
OI000004968,O000873,P000269,2,976.7,273.29,1680.1100000000001
OI000004969,O002070,P000948,5,961.55,99.14,4708.61
OI000004970,O000079,P000667,10,301.01,3.38,3006.72
OI000004971,O002551,P000815,5,15.61,1.08,76.97
OI000004972,O001670,P000953,5,452.68,72.44,2190.96
OI000004973,O002533,P000044,5,677.5,167.44,3220.06
OI000004974,O002632,P000311,8,1032.71,262.48,7999.200000000001
OI000004975,O000245,P000231,2,1513.28,285.53,2741.0299999999997
OI000004976,O000749,P000557,4,37.77,2.37,148.71
OI000004977,O001044,P000021,4,1233.2,114.21,4818.59
OI000004978,O001724,P000583,3,835.47,53.52,2452.89
OI000004979,O000811,P000605,10,1505.93,195.77,14863.53
OI000004980,O000111,P000034,4,1185.61,72.98,4669.46
OI000004981,O000578,P000317,4,409.42,28.67,1609.01
OI000004982,O000454,P000663,2,416.43,76.82,756.04
OI000004983,O001140,P000478,6,459.93,121.57,2638.0099999999998
OI000004984,O001456,P000807,2,74.33,17.97,130.69
OI000004985,O002338,P000013,2,627.66,101.09,1154.23
OI000004986,O001922,P000297,10,144.92,8.13,1441.0699999999997
OI000004987,O002017,P000357,8,1755.07,313.53,13727.029999999999
OI000004988,O000303,P000975,7,197.12,5.7,1374.14
OI000004989,O000928,P000544,7,1583.93,424.25,10663.26
OI000004990,O002473,P000864,9,723.69,189.63,6323.580000000001
OI000004991,O001694,P000518,4,304.09,18.17,1198.1899999999998
OI000004992,O002580,P000978,5,618.23,182.91,2908.2400000000002
OI000004993,O002348,P000488,2,1839.36,522.16,3156.56
OI000004994,O000017,P000324,6,484.71,61.95,2846.31
OI000004995,O001850,P000208,7,877.76,11.35,6132.969999999999
OI000004996,O002236,P000837,6,1155.87,231.37,6703.849999999999
OI000004997,O001341,P000037,8,1590.88,384.12,12342.92
OI000004998,O001369,P000536,6,470.49,83.53,2739.41
OI000004999,O002453,P000777,3,1885.84,3.63,5653.889999999999
OI000005000,O001818,P000809,3,64.16,12.49,179.98999999999998
OI000005001,O000362,P000759,1,80.17,5.52,74.65
OI000005002,O002042,P000377,6,561.23,150.1,3217.28
OI000005003,O001723,P000603,10,1296.91,161.27,12807.83
OI000005004,O002279,P000726,3,928.18,226.98,2557.56
OI000005005,O002832,P000771,10,1098.48,37.04,10947.759999999998
OI000005006,O000710,P000749,5,193.78,43.29,925.61
OI000005007,O000387,P000526,5,461.38,84.27,2222.63
OI000005008,O001313,P000444,5,777.75,72.51,3816.24
OI000005009,O002453,P000727,9,692.57,75.8,6157.33
OI000005010,O000481,P000305,1,37.98,1.57,36.41
OI000005011,O000324,P000232,6,71.84,16.46,414.58000000000004
OI000005012,O002796,P000565,4,684.28,152.9,2584.22
OI000005013,O000099,P000906,8,661.16,196.85,5092.429999999999
OI000005014,O000434,P000611,8,512.0,18.85,4077.15
OI000005015,O001284,P000293,2,1434.85,349.1,2520.6
OI000005016,O002383,P000118,6,1067.21,127.66,6275.6
OI000005017,O002505,P000455,8,432.41,80.09,3379.19
OI000005018,O001948,P000758,7,20.98,1.17,145.69000000000003
OI000005019,O000544,P000391,1,1505.24,348.68,1156.56
OI000005020,O000610,P000559,3,444.5,119.79,1213.71
OI000005021,O000749,P000110,3,1933.44,412.12,5388.2
OI000005022,O000912,P000931,8,128.64,28.66,1000.4599999999999
OI000005023,O001555,P000587,3,896.13,216.79,2471.6
OI000005024,O002958,P000815,3,15.61,2.33,44.5
OI000005025,O002826,P000818,7,82.46,0.4,576.8199999999999
OI000005026,O000741,P000330,3,321.48,77.12,887.32
OI000005027,O001355,P000871,2,26.45,0.29,52.61
OI000005028,O000702,P000906,5,661.16,37.39,3268.41
OI000005029,O000355,P000467,8,847.94,118.05,6665.47
OI000005030,O000148,P000210,8,849.87,60.99,6737.97
OI000005031,O002226,P000317,10,409.42,31.73,4062.4700000000003
OI000005032,O000453,P000941,6,1195.18,15.29,7155.79
OI000005033,O000952,P000743,3,1834.29,254.12,5248.75
OI000005034,O000001,P000016,4,839.54,55.83,3302.33
OI000005035,O000128,P000801,7,373.91,23.77,2593.6000000000004
OI000005036,O001874,P000786,3,701.62,155.19,1949.67
OI000005037,O002055,P000108,9,122.16,21.84,1077.6000000000001
OI000005038,O002174,P000139,2,1764.18,162.82,3365.54
OI000005039,O001093,P000589,6,286.46,16.77,1701.9899999999998
OI000005040,O000016,P000810,6,6.44,1.43,37.21
OI000005041,O002068,P000206,6,1585.25,328.52,9182.98
OI000005042,O002870,P000905,8,354.74,106.27,2731.65
OI000005043,O000676,P000162,9,140.8,33.21,1233.99
OI000005044,O002694,P000240,6,796.09,127.48,4649.06
OI000005045,O002757,P000309,2,1158.95,84.15,2233.75
OI000005046,O001144,P000087,10,437.07,118.46,4252.24
OI000005047,O002902,P000733,4,393.68,86.2,1488.52
OI000005048,O001133,P000008,4,1423.64,265.39,5429.17
OI000005049,O001083,P000889,9,889.74,119.39,7888.2699999999995
OI000005050,O001563,P000399,1,441.58,38.01,403.57
OI000005051,O000227,P000198,5,1826.72,129.23,9004.37
OI000005052,O001569,P000836,9,1875.69,176.47,16704.739999999998
OI000005053,O000791,P000117,8,278.66,20.64,2208.6400000000003
OI000005054,O002728,P000358,4,500.38,57.01,1944.51
OI000005055,O001788,P000485,3,941.85,252.91,2572.6400000000003
OI000005056,O002282,P000193,6,26.11,0.98,155.68
OI000005057,O001312,P000762,4,1859.39,517.6,6919.96
OI000005058,O001011,P000135,9,1752.72,274.37,15500.109999999999
OI000005059,O002427,P000296,1,742.88,87.41,655.47
OI000005060,O001641,P000867,1,1286.29,241.96,1044.33
OI000005061,O000899,P000112,5,1915.88,535.44,9043.960000000001
OI000005062,O002214,P000974,2,89.43,5.45,173.41000000000003
OI000005063,O000028,P000664,4,58.71,8.7,226.14000000000001
OI000005064,O002892,P000887,10,1876.63,38.13,18728.170000000002
OI000005065,O001983,P000141,6,1728.79,254.29,10118.449999999999
OI000005066,O001744,P000454,8,884.28,68.88,7005.36
OI000005067,O000469,P000037,1,1590.88,417.06,1173.8200000000002
OI000005068,O000250,P000074,2,254.86,72.41,437.31000000000006
OI000005069,O002875,P000791,8,210.89,35.45,1651.6699999999998
OI000005070,O001039,P000576,3,1838.36,156.57,5358.51
OI000005071,O001416,P000872,1,1307.54,175.31,1132.23
OI000005072,O000231,P000718,4,1719.5,363.27,6514.73
OI000005073,O002257,P000652,9,1405.91,93.05,12560.140000000001
OI000005074,O000577,P000942,6,846.42,109.23,4969.29
OI000005075,O000148,P000578,7,730.06,83.37,5027.05
OI000005076,O000836,P000452,6,117.57,6.03,699.39
OI000005077,O001861,P000490,7,184.85,22.52,1271.43
OI000005078,O002439,P000060,6,1525.07,328.7,8821.72
OI000005079,O002029,P000589,8,286.46,33.85,2257.83
OI000005080,O001568,P000273,4,1666.56,236.89,6429.349999999999
OI000005081,O001981,P000731,3,448.45,61.38,1283.9699999999998
OI000005082,O002540,P000849,2,1059.2,160.21,1958.19
OI000005083,O002358,P000869,8,279.78,26.9,2211.3399999999997
OI000005084,O001426,P000725,3,1732.02,419.93,4776.129999999999
OI000005085,O002247,P000258,4,907.59,188.57,3441.79
OI000005086,O001679,P000008,8,1423.64,98.72,11290.400000000001
OI000005087,O000001,P000965,5,549.05,24.27,2720.98
OI000005088,O000444,P000619,8,1009.05,62.9,8009.5
OI000005089,O002732,P000291,2,1717.2,237.32,3197.08
OI000005090,O000753,P000880,4,1367.88,159.52,5312.0
OI000005091,O000815,P000903,7,1205.79,11.18,8429.349999999999
OI000005092,O001552,P000647,2,753.4,0.57,1506.23
OI000005093,O001619,P000697,3,1507.6,368.02,4154.779999999999
OI000005094,O002668,P000997,5,1002.0,238.86,4771.14
OI000005095,O002487,P000747,5,427.5,32.95,2104.55
OI000005096,O000643,P000985,5,749.97,163.63,3586.2200000000003
OI000005097,O002383,P000004,3,971.97,166.8,2749.1099999999997
OI000005098,O000967,P000744,9,824.67,70.81,7351.219999999999
OI000005099,O000712,P000974,1,89.43,7.79,81.64
OI000005100,O002327,P000717,6,85.48,21.96,490.92
OI000005101,O000350,P000064,10,1406.61,228.92,13837.179999999998
OI000005102,O002659,P000570,1,1069.19,62.95,1006.24
OI000005103,O001896,P000646,6,1100.42,191.97,6410.55
OI000005104,O001627,P000639,9,674.01,142.48,5923.610000000001
OI000005105,O002570,P000877,9,1494.67,365.65,13086.380000000001
OI000005106,O000163,P000880,5,1367.88,0.52,6838.88
OI000005107,O001033,P000613,9,405.81,101.13,3551.16
OI000005108,O000040,P000844,4,459.84,108.84,1730.52
OI000005109,O000134,P000468,7,1513.53,5.53,10589.179999999998
OI000005110,O001348,P000045,3,1873.28,197.36,5422.4800000000005
OI000005111,O001662,P000951,4,85.6,7.73,334.66999999999996
OI000005112,O000061,P000808,1,254.28,33.91,220.37
OI000005113,O002042,P000591,9,1452.79,50.32,13024.79
OI000005114,O002975,P000333,8,1755.03,253.52,13786.72
OI000005115,O002608,P000403,5,1448.48,118.49,7123.91
OI000005116,O001262,P000564,1,1904.75,535.75,1369.0
OI000005117,O002516,P000603,1,1296.91,16.44,1280.47
OI000005118,O002833,P000811,4,106.61,15.74,410.7
OI000005119,O002133,P000872,9,1307.54,291.62,11476.24
OI000005120,O000870,P000095,9,1267.28,151.63,11253.890000000001
OI000005121,O000577,P000843,4,304.52,61.36,1156.72
OI000005122,O002324,P000779,7,1324.14,79.67,9189.310000000001
OI000005123,O001887,P000232,4,71.84,2.61,284.75
OI000005124,O002424,P000443,6,1408.17,291.04,8157.9800000000005
OI000005125,O002839,P000663,2,416.43,54.31,778.55
OI000005126,O002662,P000953,5,452.68,85.04,2178.36
OI000005127,O000799,P000092,3,547.84,70.44,1573.08
OI000005128,O000475,P000967,6,1629.27,433.01,9342.609999999999
OI000005129,O001280,P000509,8,69.55,15.51,540.89
OI000005130,O001712,P000191,9,1898.07,61.34,17021.29
OI000005131,O000594,P000089,10,1258.98,107.16,12482.64
OI000005132,O001954,P000734,8,155.02,21.39,1218.77
OI000005133,O001988,P000628,5,251.53,52.64,1205.01
OI000005134,O002153,P000580,3,1016.39,207.72,2841.4500000000003
OI000005135,O001261,P000911,3,1740.99,170.66,5052.31
OI000005136,O002554,P000165,8,1110.52,170.97,8713.19
OI000005137,O000906,P000011,1,20.96,0.67,20.29
OI000005138,O002037,P000677,4,939.01,71.24,3684.8
OI000005139,O001754,P000130,10,21.09,2.02,208.88
OI000005140,O000843,P000797,9,1511.81,192.15,13414.14
OI000005141,O002992,P000640,1,389.41,75.52,313.89000000000004
OI000005142,O002009,P000715,8,297.93,23.42,2360.02
OI000005143,O002743,P000050,3,563.1,16.69,1672.6100000000001
OI000005144,O002455,P000800,4,1455.26,214.33,5606.71
OI000005145,O002901,P000598,6,649.92,81.16,3818.3599999999997
OI000005146,O002354,P000452,7,117.57,29.64,793.35
OI000005147,O001120,P000250,9,191.78,5.73,1720.29
OI000005148,O001685,P000705,6,335.71,3.31,2010.9499999999998
OI000005149,O001121,P000877,8,1494.67,269.15,11688.210000000001
OI000005150,O002760,P000840,5,51.08,10.01,245.39
OI000005151,O001382,P000984,8,116.44,14.65,916.87
OI000005152,O002541,P000519,6,1435.63,169.03,8444.75
OI000005153,O001164,P000365,9,47.53,1.39,426.38
OI000005154,O001367,P000955,2,1153.35,324.59,1982.11
OI000005155,O002936,P000495,3,299.25,71.02,826.73
OI000005156,O002502,P000868,10,1467.0,103.98,14566.02
OI000005157,O000537,P000714,6,44.9,3.0,266.4
OI000005158,O002551,P000889,9,889.74,230.41,7777.25
OI000005159,O001892,P000789,2,5.28,0.5,10.06
OI000005160,O001611,P000868,3,1467.0,151.58,4249.42
OI000005161,O001604,P000597,9,1891.26,221.15,16800.19
OI000005162,O001842,P000881,8,1764.4,308.14,13807.060000000001
OI000005163,O001787,P000195,6,828.98,194.33,4779.55
OI000005164,O000460,P000749,3,193.78,34.63,546.71
OI000005165,O001958,P000134,5,1280.87,337.48,6066.869999999999
OI000005166,O002190,P000031,3,559.35,65.03,1613.0200000000002
OI000005167,O002815,P000994,8,1250.17,118.68,9882.68
OI000005168,O001533,P000411,10,798.36,226.08,7757.52
OI000005169,O002289,P000952,10,1174.25,262.89,11479.61
OI000005170,O000425,P000021,7,1233.2,366.3,8266.1
OI000005171,O000799,P000987,7,665.36,135.75,4521.77
OI000005172,O001142,P000108,8,122.16,26.22,951.06
OI000005173,O000515,P000491,9,873.76,87.88,7775.96
OI000005174,O001731,P000686,2,3.82,0.56,7.08
OI000005175,O002030,P000466,6,182.23,28.08,1065.3
OI000005176,O000334,P000302,8,1661.73,310.24,12983.6
OI000005177,O000730,P000656,9,1844.7,115.85,16486.45
OI000005178,O001694,P000332,8,1943.63,471.32,15077.720000000001
OI000005179,O002046,P000397,4,1296.06,253.21,4931.03
OI000005180,O001796,P000314,7,1319.43,251.89,8984.12
OI000005181,O002742,P000486,2,1162.43,308.13,2016.73
OI000005182,O002810,P000563,2,197.63,28.14,367.12
OI000005183,O000668,P000573,8,21.71,0.94,172.74
OI000005184,O002009,P000600,9,1070.06,301.67,9328.869999999999
OI000005185,O001804,P000595,1,1528.15,430.64,1097.5100000000002
OI000005186,O001478,P000353,7,397.84,50.87,2734.0099999999998
OI000005187,O001192,P000106,1,654.84,185.82,469.02000000000004
OI000005188,O001559,P000632,8,782.75,130.15,6131.85
OI000005189,O000366,P000938,10,788.58,13.65,7872.150000000001
OI000005190,O001621,P000042,8,1689.48,221.39,13294.45
OI000005191,O000608,P000686,7,3.82,0.5,26.24
OI000005192,O002021,P000511,7,803.09,136.59,5485.04
OI000005193,O002564,P000472,10,264.67,55.6,2591.1000000000004
OI000005194,O001099,P000279,2,948.41,236.95,1659.87
OI000005195,O002813,P000986,3,504.36,59.84,1453.24
OI000005196,O002612,P000097,4,1499.25,415.63,5581.37
OI000005197,O000179,P000599,10,308.14,38.07,3043.3299999999995
OI000005198,O000962,P000952,3,1174.25,83.2,3439.55
OI000005199,O000398,P000323,4,964.93,167.4,3692.3199999999997
OI000005200,O002760,P000289,7,1937.94,275.12,13290.46
OI000005201,O002019,P000474,8,640.18,111.07,5010.37
OI000005202,O000417,P000861,5,1857.3,243.32,9043.18
OI000005203,O002130,P000019,1,896.65,148.06,748.5899999999999
OI000005204,O000327,P000569,7,65.61,15.23,444.03999999999996
OI000005205,O002811,P000316,1,203.79,29.39,174.39999999999998
OI000005206,O002125,P000488,4,1839.36,86.37,7271.07
OI000005207,O000053,P000831,6,1512.11,294.74,8777.92
OI000005208,O000413,P000436,1,1726.17,439.49,1286.68
OI000005209,O001084,P000933,1,1264.94,124.51,1140.43
OI000005210,O000196,P000508,7,882.84,264.46,5915.42
OI000005211,O002877,P000336,8,1022.87,112.88,8070.08
OI000005212,O001841,P000948,8,961.55,7.94,7684.46
OI000005213,O000079,P000424,5,875.88,232.9,4146.5
OI000005214,O001900,P000686,5,3.82,0.41,18.689999999999998
OI000005215,O001443,P000194,6,1736.61,476.92,9942.74
OI000005216,O000511,P000896,7,61.98,6.65,427.21
OI000005217,O001354,P000747,3,427.5,70.29,1212.21
OI000005218,O001789,P000599,2,308.14,22.28,594.0
OI000005219,O001209,P000723,3,1384.13,191.37,3961.0200000000004
OI000005220,O002251,P000204,3,375.65,33.12,1093.83
OI000005221,O001859,P000274,6,58.35,17.42,332.68
OI000005222,O000142,P000170,10,808.52,18.85,8066.349999999999
OI000005223,O000727,P000013,5,627.66,176.45,2961.85
OI000005224,O002369,P000345,10,606.24,29.79,6032.61
OI000005225,O002560,P000457,9,968.45,202.43,8513.62
OI000005226,O002073,P000699,6,197.26,32.63,1150.9299999999998
OI000005227,O002715,P000589,1,286.46,39.69,246.76999999999998
OI000005228,O001247,P000358,10,500.38,12.06,4991.74
OI000005229,O002758,P000975,5,197.12,33.17,952.4300000000001
OI000005230,O000982,P000403,6,1448.48,276.44,8414.44
OI000005231,O002861,P000032,10,671.75,74.37,6643.13
OI000005232,O002715,P000577,6,18.66,2.24,109.72000000000001
OI000005233,O002400,P000323,9,964.93,144.84,8539.529999999999
OI000005234,O002336,P000910,1,360.6,34.43,326.17
OI000005235,O000447,P000464,1,1269.9,71.74,1198.16
OI000005236,O000892,P000912,6,1468.14,378.26,8430.58
OI000005237,O000200,P000574,3,1508.02,48.64,4475.419999999999
OI000005238,O002156,P000917,4,549.32,29.52,2167.76
OI000005239,O000901,P000344,4,217.3,9.77,859.4300000000001
OI000005240,O000553,P000510,3,173.14,8.63,510.78999999999996
OI000005241,O000820,P000801,4,373.91,24.86,1470.7800000000002
OI000005242,O000467,P000088,8,316.13,4.55,2524.49
OI000005243,O002862,P000290,2,271.21,76.45,465.96999999999997
OI000005244,O002772,P000341,8,15.39,1.4,121.72
OI000005245,O000219,P000248,9,372.05,71.79,3276.6600000000003
OI000005246,O002546,P000846,2,896.44,13.31,1779.5700000000002
OI000005247,O002879,P000116,2,623.48,77.73,1169.23
OI000005248,O000439,P000438,1,1368.96,1.06,1367.9
OI000005249,O002204,P000002,5,1734.43,141.03,8531.119999999999
OI000005250,O000487,P000191,10,1898.07,290.79,18689.91
OI000005251,O002133,P000418,9,246.0,35.5,2178.5
OI000005252,O000830,P000849,8,1059.2,11.01,8462.59
OI000005253,O000493,P000950,6,414.19,32.64,2452.5
OI000005254,O000633,P000957,9,1937.89,479.95,16961.06
OI000005255,O001815,P000586,5,33.73,7.4,161.24999999999997
OI000005256,O001442,P000453,8,167.58,32.84,1307.8000000000002
OI000005257,O002289,P000395,4,288.86,79.47,1075.97
OI000005258,O000963,P000425,5,416.72,95.86,1987.7400000000005
OI000005259,O002257,P000648,4,1706.26,468.39,6356.65
OI000005260,O001000,P000905,8,354.74,6.71,2831.21
OI000005261,O001312,P000598,10,649.92,69.54,6429.66
OI000005262,O002652,P000783,10,1511.59,82.25,15033.65
OI000005263,O001688,P000808,6,254.28,69.79,1455.89
OI000005264,O002038,P000339,4,780.43,186.52,2935.2
OI000005265,O002659,P000420,10,1735.81,291.18,17066.92
OI000005266,O000701,P000405,3,316.12,27.92,920.44
OI000005267,O001560,P000162,10,140.8,6.41,1401.59
OI000005268,O002161,P000849,2,1059.2,246.61,1871.79
OI000005269,O002146,P000094,9,477.6,7.79,4290.610000000001
OI000005270,O000941,P000911,7,1740.99,424.82,11762.11
OI000005271,O001598,P000167,6,465.82,62.43,2732.4900000000002
OI000005272,O000932,P000035,8,611.08,71.31,4817.33
OI000005273,O002367,P000476,1,119.95,8.28,111.67
OI000005274,O000909,P000589,4,286.46,42.82,1103.02
OI000005275,O001944,P000265,7,76.77,8.69,528.6999999999999
OI000005276,O001158,P000718,5,1719.5,78.55,8518.95
OI000005277,O000148,P000285,8,124.41,37.02,958.26
OI000005278,O001536,P000702,1,1444.85,51.08,1393.77
OI000005279,O000650,P000108,10,122.16,5.19,1216.4099999999999
OI000005280,O002390,P000405,7,316.12,92.95,2119.8900000000003
OI000005281,O002838,P000808,9,254.28,28.79,2259.73
OI000005282,O001847,P000786,4,701.62,50.59,2755.89
OI000005283,O002309,P000059,2,150.35,0.14,300.56
OI000005284,O000555,P000547,6,122.18,30.01,703.07
OI000005285,O002763,P000598,9,649.92,134.38,5714.9
OI000005286,O002992,P000013,2,627.66,144.16,1111.1599999999999
OI000005287,O000125,P000434,9,230.55,47.91,2027.0400000000002
OI000005288,O002803,P000662,7,1396.89,250.64,9527.590000000002
OI000005289,O002095,P000894,3,1387.22,410.95,3750.71
OI000005290,O002290,P000951,3,85.6,5.73,251.06999999999996
OI000005291,O001001,P000018,4,9.09,0.03,36.33
OI000005292,O002381,P000653,8,140.61,18.38,1106.5
OI000005293,O000179,P000851,9,213.39,0.26,1920.2499999999998
OI000005294,O000753,P000584,9,1474.96,382.69,12891.949999999999
OI000005295,O000983,P000504,10,1701.63,153.63,16862.670000000002
OI000005296,O000544,P000228,7,224.88,56.99,1517.1699999999998
OI000005297,O002636,P000958,5,1533.89,299.24,7370.210000000001
OI000005298,O002959,P000803,10,282.39,30.29,2793.6099999999997
OI000005299,O000356,P000815,8,15.61,1.61,123.27
OI000005300,O002558,P000230,8,626.37,182.58,4828.38
OI000005301,O001436,P000553,6,1099.35,6.55,6589.549999999999
OI000005302,O001763,P000222,6,395.06,49.9,2320.46
OI000005303,O002256,P000162,3,140.8,30.25,392.15000000000003
OI000005304,O002104,P000564,5,1904.75,124.03,9399.72
OI000005305,O000022,P000774,6,1604.87,88.8,9540.42
OI000005306,O002641,P000990,6,375.59,85.08,2168.46
OI000005307,O002405,P000953,7,452.68,122.15,3046.61
OI000005308,O000853,P000614,5,1211.22,265.67,5790.43
OI000005309,O002516,P000636,9,269.04,77.68,2343.6800000000003
OI000005310,O001579,P000201,4,1143.59,51.67,4522.69
OI000005311,O000689,P000208,4,877.76,110.1,3400.94
OI000005312,O000866,P000687,8,1421.54,269.88,11102.44
OI000005313,O000484,P000468,4,1513.53,131.04,5923.08
OI000005314,O002343,P000010,8,503.17,19.13,4006.23
OI000005315,O000374,P000016,3,839.54,197.62,2321.0
OI000005316,O000819,P000063,4,211.84,42.69,804.6700000000001
OI000005317,O001056,P000808,4,254.28,60.14,956.98
OI000005318,O001167,P000144,3,995.44,295.3,2691.02
OI000005319,O001563,P000255,6,1148.08,208.31,6680.169999999999
OI000005320,O002220,P000055,10,1701.66,424.06,16592.54
OI000005321,O000880,P000984,3,116.44,5.85,343.46999999999997
OI000005322,O002547,P000486,7,1162.43,289.64,7847.37
OI000005323,O002737,P000759,3,80.17,0.96,239.54999999999998
OI000005324,O000241,P000516,1,60.89,0.06,60.83
OI000005325,O001343,P000032,6,671.75,17.82,4012.68
OI000005326,O002910,P000792,5,108.82,26.39,517.7099999999999
OI000005327,O002268,P000321,2,56.76,1.88,111.64
OI000005328,O000612,P000562,4,578.74,112.93,2202.03
OI000005329,O000531,P000576,8,1838.36,295.23,14411.65
OI000005330,O001461,P000348,5,1313.62,368.68,6199.419999999999
OI000005331,O000937,P000429,6,1810.58,391.11,10472.369999999999
OI000005332,O002842,P000228,3,224.88,17.47,657.17
OI000005333,O002629,P000337,1,794.19,73.66,720.5300000000001
OI000005334,O000385,P000669,8,709.86,95.38,5583.5
OI000005335,O001417,P000278,6,315.76,24.66,1869.8999999999999
OI000005336,O002397,P000142,1,1364.85,362.61,1002.2399999999999
OI000005337,O001681,P000836,3,1875.69,521.28,5105.79
OI000005338,O001118,P000848,4,1568.72,144.99,6129.89
OI000005339,O000434,P000154,7,378.8,33.47,2618.13
OI000005340,O001043,P000946,6,1945.74,561.96,11112.48
OI000005341,O000353,P000727,3,692.57,88.06,1989.65
OI000005342,O001564,P000323,4,964.93,145.87,3713.85
OI000005343,O001612,P000012,10,127.53,8.5,1266.8
OI000005344,O002367,P000100,1,487.73,21.38,466.35
OI000005345,O000505,P000196,8,232.25,50.83,1807.17
OI000005346,O002711,P000729,3,44.81,12.66,121.77000000000001
OI000005347,O001658,P000912,2,1468.14,209.75,2726.53
OI000005348,O001880,P000564,10,1904.75,149.65,18897.85
OI000005349,O000030,P000837,6,1155.87,29.74,6905.48
OI000005350,O002115,P000084,2,398.93,116.82,681.04
OI000005351,O000591,P000001,1,708.94,76.79,632.1500000000001
OI000005352,O000968,P000658,4,1009.91,52.95,3986.69
OI000005353,O001460,P000670,4,937.31,157.66,3591.58
OI000005354,O002316,P000727,1,692.57,150.23,542.34
OI000005355,O001120,P000808,2,254.28,67.98,440.58
OI000005356,O000135,P000333,2,1755.03,105.4,3404.66
OI000005357,O000101,P000016,4,839.54,22.47,3335.69
OI000005358,O000133,P000763,6,1986.37,351.74,11566.48
OI000005359,O001030,P000392,2,1336.87,364.88,2308.8599999999997
OI000005360,O002905,P000732,4,220.12,41.94,838.54
OI000005361,O000057,P000829,1,34.71,6.04,28.67
OI000005362,O002196,P000252,8,197.08,49.93,1526.71
OI000005363,O002885,P000578,1,730.06,73.55,656.51
OI000005364,O000734,P000111,7,1817.6,525.77,12197.429999999998
OI000005365,O000074,P000210,7,849.87,90.24,5858.85
OI000005366,O001964,P000382,3,1397.07,102.85,4088.36
OI000005367,O001570,P000985,8,749.97,187.22,5812.54
OI000005368,O001835,P000947,8,737.22,128.52,5769.24
OI000005369,O001914,P000486,3,1162.43,140.2,3347.09
OI000005370,O001398,P000608,10,1748.7,2.83,17484.17
OI000005371,O002179,P000832,1,197.18,10.68,186.5
OI000005372,O002701,P000262,1,736.56,156.51,580.05
OI000005373,O001533,P000045,10,1873.28,395.72,18337.079999999998
OI000005374,O001213,P000231,5,1513.28,184.27,7382.129999999999
OI000005375,O001560,P000894,8,1387.22,149.45,10948.31
OI000005376,O002032,P000165,6,1110.52,201.33,6461.79
OI000005377,O002462,P000947,1,737.22,87.34,649.88
OI000005378,O000775,P000939,2,1542.39,200.91,2883.8700000000003
OI000005379,O001203,P000574,4,1508.02,142.93,5889.15
OI000005380,O001756,P000022,3,40.0,2.84,117.16
OI000005381,O000644,P000166,5,1189.26,250.2,5696.1
OI000005382,O000764,P000876,10,1082.38,251.25,10572.550000000001
OI000005383,O001478,P000380,6,1674.15,476.49,9568.410000000002
OI000005384,O000898,P000590,7,1278.55,139.28,8810.57
OI000005385,O001952,P000008,8,1423.64,53.16,11335.960000000001
OI000005386,O002027,P000518,9,304.09,83.27,2653.54
OI000005387,O002857,P000677,4,939.01,86.53,3669.5099999999998
OI000005388,O002808,P000307,2,1199.79,80.6,2318.98
OI000005389,O001956,P000324,8,484.71,118.65,3759.0299999999997
OI000005390,O002813,P000630,7,856.78,72.62,5924.84
OI000005391,O002062,P000574,3,1508.02,38.12,4485.94
OI000005392,O001744,P000855,7,1185.68,96.32,8203.44
OI000005393,O000844,P000966,1,951.42,122.79,828.63
OI000005394,O002866,P000313,6,20.74,5.17,119.27
OI000005395,O000715,P000290,4,271.21,59.84,1025.0
OI000005396,O000740,P000726,7,928.18,6.53,6490.73
OI000005397,O001958,P000674,4,1151.2,222.42,4382.38
OI000005398,O000977,P000428,5,745.37,23.52,3703.33
OI000005399,O000683,P000829,6,34.71,5.46,202.79999999999998
OI000005400,O000694,P000591,3,1452.79,372.49,3985.88
OI000005401,O000146,P000029,2,1194.26,4.53,2383.99
OI000005402,O001243,P000670,5,937.31,207.77,4478.779999999999
OI000005403,O001729,P000501,4,178.2,48.99,663.81
OI000005404,O002572,P000736,10,365.23,44.56,3607.7400000000002
OI000005405,O000578,P000817,8,586.32,24.0,4666.56
OI000005406,O000992,P000461,5,92.03,16.24,443.90999999999997
OI000005407,O000432,P000324,4,484.71,90.05,1848.79
OI000005408,O002440,P000745,2,1928.84,121.22,3736.46
OI000005409,O001668,P000432,7,1865.88,251.08,12810.08
OI000005410,O000054,P000492,5,1144.18,252.38,5468.52
OI000005411,O002727,P000241,8,1279.61,159.06,10077.82
OI000005412,O001228,P000844,4,459.84,100.15,1739.2099999999998
OI000005413,O002893,P000968,1,506.73,98.74,407.99
OI000005414,O000516,P000565,4,684.28,98.45,2638.67
OI000005415,O001720,P000405,3,316.12,58.6,889.76
OI000005416,O000733,P000158,2,1994.69,467.33,3522.05
OI000005417,O002779,P000468,5,1513.53,350.84,7216.8099999999995
OI000005418,O001422,P000957,3,1937.89,574.03,5239.64
OI000005419,O001930,P000840,7,51.08,13.95,343.61
OI000005420,O002079,P000704,7,431.83,59.22,2963.59
OI000005421,O001144,P000334,5,1110.66,90.69,5462.610000000001
OI000005422,O000863,P000159,7,761.6,111.49,5219.71
OI000005423,O001918,P000828,7,1077.5,264.14,7278.36
OI000005424,O001893,P000185,5,643.85,176.65,3042.6
OI000005425,O000337,P000551,2,151.2,39.9,262.5
OI000005426,O001765,P000032,6,671.75,159.06,3871.44
OI000005427,O000141,P000487,1,1467.14,383.34,1083.8000000000002
OI000005428,O001790,P000678,2,144.37,20.07,268.67
OI000005429,O000952,P000040,8,556.9,121.17,4334.03
OI000005430,O002345,P000135,8,1752.72,165.96,13855.800000000001
OI000005431,O002589,P000933,6,1264.94,324.55,7265.09
OI000005432,O000842,P000540,4,531.52,134.25,1991.83
OI000005433,O001412,P000474,9,640.18,120.4,5641.22
OI000005434,O000893,P000544,9,1583.93,76.12,14179.25
OI000005435,O001748,P000160,10,122.22,34.59,1187.6100000000001
OI000005436,O002957,P000734,6,155.02,41.68,888.4400000000002
OI000005437,O001936,P000957,1,1937.89,92.32,1845.5700000000002
OI000005438,O000040,P000523,4,945.91,184.18,3599.46
OI000005439,O001206,P000457,7,968.45,63.57,6715.580000000001
OI000005440,O001330,P000080,2,1094.09,139.66,2048.52
OI000005441,O000929,P000455,9,432.41,52.07,3839.62
OI000005442,O001658,P000425,4,416.72,88.25,1578.63
OI000005443,O000197,P000320,8,1011.98,283.89,7811.95
OI000005444,O000129,P000183,6,1753.7,170.3,10351.900000000001
OI000005445,O002025,P000397,2,1296.06,1.56,2590.56
OI000005446,O002855,P000844,3,459.84,121.43,1258.09
OI000005447,O000985,P000905,1,354.74,41.5,313.24
OI000005448,O002326,P000515,6,153.98,22.14,901.7399999999999
OI000005449,O002561,P000950,6,414.19,103.01,2382.1299999999997
OI000005450,O000110,P000781,10,220.22,45.12,2157.08
OI000005451,O001827,P000860,8,729.47,88.0,5747.76
OI000005452,O000700,P000283,9,920.82,213.98,8073.4000000000015
OI000005453,O002236,P000524,6,705.15,182.37,4048.5299999999997
OI000005454,O000015,P000472,4,264.67,36.14,1022.5400000000001
OI000005455,O000749,P000378,4,381.87,18.73,1508.75
OI000005456,O001885,P000506,4,281.96,59.73,1068.11
OI000005457,O002284,P000773,7,929.87,165.82,6343.27
OI000005458,O000857,P000806,8,271.25,33.49,2136.51
OI000005459,O000113,P000616,10,1001.09,127.99,9882.91
OI000005460,O002809,P000193,8,26.11,4.76,204.12
OI000005461,O002999,P000624,6,401.33,0.76,2407.22
OI000005462,O001838,P000154,5,378.8,63.96,1830.04
OI000005463,O000338,P000351,2,498.38,86.04,910.72
OI000005464,O002702,P000049,4,1839.93,515.82,6843.900000000001
OI000005465,O001977,P000289,3,1937.94,28.77,5785.049999999999
OI000005466,O000243,P000600,3,1070.06,0.85,3209.33
OI000005467,O000875,P000690,3,294.63,83.42,800.47
OI000005468,O000774,P000561,9,867.09,226.45,7577.360000000001
OI000005469,O001732,P000507,2,1029.09,84.05,1974.1299999999999
OI000005470,O002068,P000301,6,869.74,32.76,5185.68
OI000005471,O001676,P000563,5,197.63,46.71,941.4399999999999
OI000005472,O002945,P000457,3,968.45,57.48,2847.8700000000003
OI000005473,O000636,P000449,6,595.59,133.76,3439.7799999999997
OI000005474,O000439,P000017,10,449.39,85.76,4408.139999999999
OI000005475,O002729,P000171,3,1191.32,36.04,3537.92
OI000005476,O002069,P000952,9,1174.25,266.51,10301.74
OI000005477,O000022,P000660,8,722.67,168.68,5612.679999999999
OI000005478,O002633,P000606,3,365.97,5.53,1092.38
OI000005479,O000039,P000405,4,316.12,3.69,1260.79
OI000005480,O000448,P000159,4,761.6,159.31,2887.09
OI000005481,O002606,P000818,6,82.46,18.55,476.21
OI000005482,O001840,P000114,10,133.13,16.51,1314.79
OI000005483,O000640,P000327,10,1741.17,71.03,17340.670000000002
OI000005484,O000324,P000417,2,460.04,47.97,872.11
OI000005485,O000952,P000878,8,1375.57,180.52,10824.039999999999
OI000005486,O002239,P000361,8,944.24,18.99,7534.93
OI000005487,O001781,P000269,6,976.7,241.76,5618.4400000000005
OI000005488,O002657,P000423,6,1170.54,20.26,7002.98
OI000005489,O000087,P000088,2,316.13,57.24,575.02
OI000005490,O001735,P000844,7,459.84,56.56,3162.3199999999997
OI000005491,O002758,P000389,6,639.01,145.62,3688.44
OI000005492,O001797,P000012,2,127.53,17.55,237.51
OI000005493,O002186,P000636,10,269.04,21.22,2669.1800000000003
OI000005494,O001815,P000611,3,512.0,66.55,1469.45
OI000005495,O002697,P000304,9,1518.34,263.31,13401.75
OI000005496,O000622,P000860,2,729.47,120.5,1338.44
OI000005497,O002707,P000585,7,1330.02,62.11,9248.029999999999
OI000005498,O001006,P000054,8,1664.6,338.72,12978.08
OI000005499,O001225,P000766,7,229.31,60.66,1544.51
OI000005500,O000064,P000009,4,1829.84,45.63,7273.73
OI000005501,O002387,P000439,4,501.44,79.67,1926.09
OI000005502,O002289,P000034,8,1185.61,175.81,9309.07
OI000005503,O001655,P000137,8,1305.73,335.04,10110.8
OI000005504,O000909,P000558,1,700.68,48.73,651.9499999999999
OI000005505,O000671,P000465,7,890.88,212.49,6023.67
OI000005506,O002949,P000463,6,1051.21,194.14,6113.12
OI000005507,O002880,P000335,4,225.93,48.19,855.53
OI000005508,O000988,P000430,7,32.92,9.63,220.81
OI000005509,O000343,P000583,10,835.47,86.59,8268.11
OI000005510,O000546,P000482,1,720.13,142.17,577.96
OI000005511,O000701,P000933,7,1264.94,92.34,8762.24
OI000005512,O000999,P000705,3,335.71,90.92,916.2099999999999
OI000005513,O002325,P000225,4,810.98,187.74,3056.1800000000003
OI000005514,O002468,P000483,3,779.77,17.51,2321.7999999999997
OI000005515,O002512,P000359,7,17.82,5.14,119.60000000000001
OI000005516,O001706,P000303,2,133.92,11.86,255.97999999999996
OI000005517,O001003,P000914,3,1300.83,336.55,3565.9399999999996
OI000005518,O001396,P000529,9,923.0,61.02,8245.98
OI000005519,O000928,P000648,2,1706.26,438.76,2973.76
OI000005520,O002269,P000954,10,1799.27,417.09,17575.61
OI000005521,O002150,P000379,1,243.16,27.82,215.34
OI000005522,O002229,P000948,2,961.55,89.23,1833.87
OI000005523,O001637,P000968,4,506.73,148.6,1878.3200000000002
OI000005524,O001513,P000559,3,444.5,16.5,1317.0
OI000005525,O002830,P000741,10,1657.77,93.92,16483.780000000002
OI000005526,O002881,P000570,4,1069.19,274.81,4001.9500000000003
OI000005527,O000713,P000552,9,682.23,10.32,6129.75
OI000005528,O001865,P000057,1,965.3,141.09,824.2099999999999
OI000005529,O000116,P000476,5,119.95,15.47,584.28
OI000005530,O000177,P000433,4,353.66,102.58,1312.0600000000002
OI000005531,O002284,P000579,6,1237.77,242.53,7184.09
OI000005532,O002856,P000499,1,253.05,58.8,194.25
OI000005533,O001017,P000277,6,134.75,3.89,804.61
OI000005534,O000882,P000148,6,1228.6,180.68,7190.919999999999
OI000005535,O001319,P000009,5,1829.84,3.44,9145.759999999998
OI000005536,O000279,P000706,9,1978.74,375.07,17433.59
OI000005537,O000319,P000214,5,24.93,6.94,117.71000000000001
OI000005538,O000233,P000666,2,928.08,205.65,1650.51
OI000005539,O002071,P000671,5,301.49,83.68,1423.77
OI000005540,O002401,P000615,8,811.64,103.08,6390.04
OI000005541,O001313,P000666,7,928.08,224.24,6272.320000000001
OI000005542,O002905,P000301,9,869.74,9.56,7818.099999999999
OI000005543,O000733,P000507,10,1029.09,235.9,10055.0
OI000005544,O001506,P000226,1,661.78,86.19,575.5899999999999
OI000005545,O002299,P000400,10,227.73,20.2,2257.1
OI000005546,O002499,P000148,10,1228.6,175.28,12110.72
OI000005547,O000458,P000806,2,271.25,43.09,499.40999999999997
OI000005548,O001182,P000390,7,758.72,186.54,5124.5
OI000005549,O002051,P000836,2,1875.69,219.29,3532.09
OI000005550,O001385,P000812,4,1705.52,323.06,6499.0199999999995
OI000005551,O000648,P000249,6,1700.31,262.56,9939.300000000001
OI000005552,O001317,P000521,8,1007.35,224.56,7834.24
OI000005553,O001949,P000308,1,1925.87,230.31,1695.56
OI000005554,O001611,P000605,7,1505.93,273.77,10267.74
OI000005555,O000713,P000266,3,1275.51,279.04,3547.49
OI000005556,O001072,P000066,9,1208.64,316.04,10561.72
OI000005557,O002964,P000913,1,1745.3,235.84,1509.46
OI000005558,O002164,P000659,4,181.9,1.69,725.91
OI000005559,O001677,P000848,4,1568.72,76.39,6198.49
OI000005560,O001964,P000782,4,188.19,43.88,708.88
OI000005561,O001390,P000057,7,965.3,223.59,6533.509999999999
OI000005562,O000804,P000853,4,1677.26,93.54,6615.5
OI000005563,O001129,P000661,3,499.43,106.33,1391.96
OI000005564,O000405,P000885,10,1724.8,418.17,16829.83
OI000005565,O000810,P000185,7,643.85,95.09,4411.86
OI000005566,O001027,P000873,6,646.85,97.78,3783.32
OI000005567,O002509,P000653,7,140.61,22.01,962.2600000000001
OI000005568,O002784,P000235,2,1886.98,248.24,3525.7200000000003
OI000005569,O001907,P000202,9,1657.89,320.26,14600.75
OI000005570,O000828,P000090,7,911.3,67.49,6311.61
OI000005571,O002903,P000186,1,148.72,11.2,137.52
OI000005572,O000055,P000240,1,796.09,166.2,629.8900000000001
OI000005573,O000116,P000634,2,1987.65,126.73,3848.57
OI000005574,O001076,P000113,1,1736.82,272.79,1464.03
OI000005575,O002588,P000456,2,1611.1,329.98,2892.22
OI000005576,O000606,P000891,8,1668.5,90.19,13257.81
OI000005577,O001960,P000443,9,1408.17,9.32,12664.210000000001
OI000005578,O000349,P000727,4,692.57,143.45,2626.8300000000004
OI000005579,O001234,P000876,7,1082.38,27.23,7549.430000000001
OI000005580,O000439,P000391,3,1505.24,336.47,4179.25
OI000005581,O000393,P000701,2,847.69,125.5,1569.88
OI000005582,O000863,P000293,10,1434.85,323.27,14025.23
OI000005583,O002091,P000038,10,851.35,188.62,8324.88
OI000005584,O002363,P000395,10,288.86,53.69,2834.9100000000003
OI000005585,O001720,P000166,6,1189.26,248.68,6886.879999999999
OI000005586,O000831,P000179,10,1746.85,120.88,17347.62
OI000005587,O001134,P000467,6,847.94,207.07,4880.570000000001
OI000005588,O002726,P000820,9,440.62,68.38,3897.2
OI000005589,O000390,P000879,10,1178.98,49.45,11740.349999999999
OI000005590,O001205,P000111,4,1817.6,126.91,7143.49
OI000005591,O001195,P000158,4,1994.69,415.6,7563.16
OI000005592,O002589,P000182,1,1372.23,21.7,1350.53
OI000005593,O001522,P000560,6,120.18,6.81,714.2700000000001
OI000005594,O001045,P000356,5,254.34,33.28,1238.42
OI000005595,O001445,P000134,2,1280.87,25.78,2535.9599999999996
OI000005596,O001764,P000787,6,1652.19,80.02,9833.119999999999
OI000005597,O001272,P000720,2,121.26,18.08,224.44
OI000005598,O001295,P000095,2,1267.28,345.19,2189.37
OI000005599,O000177,P000416,10,1137.53,25.45,11349.849999999999
OI000005600,O002083,P000151,2,711.98,7.09,1416.8700000000001
OI000005601,O002411,P000009,3,1829.84,435.66,5053.86
OI000005602,O002812,P000899,8,1132.98,155.65,8908.19
OI000005603,O002975,P000459,4,1585.62,8.39,6334.089999999999
OI000005604,O002974,P000722,5,455.23,15.64,2260.51
OI000005605,O002754,P000580,10,1016.39,165.96,9997.94
OI000005606,O002124,P000972,9,1944.33,108.19,17390.780000000002
OI000005607,O002726,P000200,4,1368.99,151.17,5324.79
OI000005608,O000677,P000876,3,1082.38,283.84,2963.3
OI000005609,O001846,P000082,5,384.31,55.58,1865.97
OI000005610,O002615,P000307,6,1199.79,109.61,7089.13
OI000005611,O002481,P000474,6,640.18,57.05,3784.0299999999997
OI000005612,O000121,P000526,1,461.38,122.4,338.98
OI000005613,O001521,P000163,8,214.31,29.42,1685.06
OI000005614,O002294,P000998,4,1771.97,289.44,6798.4400000000005
OI000005615,O000137,P000474,10,640.18,187.72,6214.079999999999
OI000005616,O000138,P000227,7,544.88,56.18,3757.98
OI000005617,O001121,P000402,3,1679.86,180.32,4859.26
OI000005618,O000518,P000404,9,39.18,3.73,348.89
OI000005619,O001591,P000659,1,181.9,45.78,136.12
OI000005620,O002127,P000756,2,1075.19,8.59,2141.79
OI000005621,O000359,P000264,1,336.58,97.42,239.15999999999997
OI000005622,O001435,P000388,3,833.48,134.66,2365.78
OI000005623,O001727,P000295,5,813.42,47.15,4019.95
OI000005624,O002926,P000237,3,1622.17,199.06,4667.45
OI000005625,O000411,P000715,4,297.93,22.22,1169.5
OI000005626,O000868,P000175,1,524.31,93.75,430.55999999999995
OI000005627,O002280,P000668,9,1135.87,299.48,9923.349999999999
OI000005628,O002723,P000288,4,997.91,26.94,3964.7
OI000005629,O000438,P000953,6,452.68,101.55,2614.5299999999997
OI000005630,O000821,P000884,6,592.0,59.15,3492.85
OI000005631,O000413,P000987,6,665.36,28.36,3963.7999999999997
OI000005632,O000759,P000332,4,1943.63,423.03,7351.490000000001
OI000005633,O002784,P000249,6,1700.31,474.21,9727.650000000001
OI000005634,O001084,P000445,5,15.37,4.35,72.5
OI000005635,O002400,P000162,9,140.8,7.0,1260.2
OI000005636,O002994,P000025,7,206.32,47.13,1397.11
OI000005637,O001034,P000130,7,21.09,5.55,142.07999999999998
OI000005638,O000134,P000993,5,827.63,63.56,4074.5899999999997
OI000005639,O000277,P000215,3,1358.6,214.34,3861.4599999999996
OI000005640,O001378,P000518,9,304.09,86.78,2650.0299999999997
OI000005641,O000103,P000741,7,1657.77,237.07,11367.32
OI000005642,O002599,P000832,4,197.18,9.16,779.5600000000001
OI000005643,O000985,P000402,2,1679.86,59.76,3299.9599999999996
OI000005644,O001436,P000228,10,224.88,23.62,2225.1800000000003
OI000005645,O000838,P000387,1,1137.42,136.06,1001.3600000000001
OI000005646,O000283,P000796,9,609.16,123.1,5359.339999999999
OI000005647,O002397,P000906,10,661.16,23.6,6587.999999999999
OI000005648,O000400,P000569,7,65.61,2.47,456.79999999999995
OI000005649,O000582,P000454,6,884.28,184.87,5120.81
OI000005650,O002425,P000081,2,113.79,9.45,218.13000000000002
OI000005651,O001521,P000104,6,373.15,68.58,2170.3199999999997
OI000005652,O001575,P000771,5,1098.48,63.04,5429.36
OI000005653,O002278,P000029,3,1194.26,103.28,3479.4999999999995
OI000005654,O000601,P000922,9,1803.24,507.15,15722.01
OI000005655,O001325,P000501,2,178.2,24.18,332.21999999999997
OI000005656,O002245,P000197,5,374.57,68.88,1803.9699999999998
OI000005657,O001458,P000673,4,500.63,63.46,1939.06
OI000005658,O002147,P000594,1,1038.1,307.11,730.9899999999999
OI000005659,O001941,P000528,3,1159.69,146.48,3332.59
OI000005660,O002928,P000314,10,1319.43,157.48,13036.820000000002
OI000005661,O000665,P000737,4,482.37,131.71,1797.77
OI000005662,O000601,P000046,6,1555.11,385.42,8945.24
OI000005663,O001011,P000928,7,1542.52,110.3,10687.34
OI000005664,O001616,P000050,9,563.1,11.16,5056.740000000001
OI000005665,O002460,P000999,9,1761.88,520.41,15336.510000000002
OI000005666,O001735,P000394,2,1813.72,98.86,3528.58
OI000005667,O002133,P000703,2,1588.79,182.31,2995.27
OI000005668,O000659,P000409,5,256.31,15.2,1266.35
OI000005669,O001033,P000844,8,459.84,122.18,3556.54
OI000005670,O000500,P000186,5,148.72,33.82,709.78
OI000005671,O000871,P000770,1,1272.05,13.97,1258.08
OI000005672,O002921,P000510,10,173.14,13.1,1718.3
OI000005673,O000672,P000734,2,155.02,8.55,301.49
OI000005674,O002254,P000343,2,1869.22,313.5,3424.94
OI000005675,O002049,P000479,3,318.03,34.55,919.54
OI000005676,O002535,P000641,7,1031.81,9.9,7212.77
OI000005677,O001657,P000108,1,122.16,18.61,103.55
OI000005678,O000362,P000116,5,623.48,161.04,2956.36
OI000005679,O000691,P000289,3,1937.94,245.63,5568.19
OI000005680,O001186,P000241,5,1279.61,48.52,6349.529999999999
OI000005681,O000775,P000862,10,1783.07,457.75,17372.95
OI000005682,O000435,P000984,5,116.44,6.31,575.8900000000001
OI000005683,O002134,P000805,5,43.34,7.05,209.65
OI000005684,O002152,P000639,3,674.01,86.99,1935.04
OI000005685,O001919,P000996,4,356.46,51.83,1374.01
OI000005686,O001243,P000529,10,923.0,17.18,9212.82
OI000005687,O000165,P000978,7,618.23,17.35,4310.26
OI000005688,O002437,P000087,1,437.07,116.57,320.5
OI000005689,O002927,P000570,3,1069.19,242.57,2965.0
OI000005690,O002812,P000264,7,336.58,29.72,2326.34
OI000005691,O000793,P000048,7,494.03,53.56,3404.65
OI000005692,O000711,P000284,4,313.06,28.37,1223.8700000000001
OI000005693,O002255,P000903,2,1205.79,323.54,2088.04
OI000005694,O001647,P000837,2,1155.87,324.85,1986.8899999999999
OI000005695,O001007,P000550,5,110.91,30.03,524.52
OI000005696,O001962,P000711,7,1217.93,307.42,8218.09
OI000005697,O002838,P000208,1,877.76,263.1,614.66
OI000005698,O002230,P000756,3,1075.19,203.18,3022.3900000000003
OI000005699,O002902,P000827,9,326.87,39.47,2902.36
OI000005700,O001538,P000782,1,188.19,27.26,160.93
OI000005701,O000306,P000701,6,847.69,46.43,5039.71
OI000005702,O001822,P000415,4,723.99,22.71,2873.25
OI000005703,O001997,P000138,7,742.8,140.28,5059.32
OI000005704,O002979,P000264,9,336.58,84.93,2944.29
OI000005705,O001774,P000345,6,606.24,136.8,3500.64
OI000005706,O001717,P000462,5,1819.98,445.71,8654.19
OI000005707,O001397,P000726,8,928.18,105.24,7320.2
OI000005708,O002105,P000911,9,1740.99,383.62,15285.289999999999
OI000005709,O001720,P000486,5,1162.43,118.53,5693.620000000001
OI000005710,O000236,P000641,6,1031.81,171.29,6019.57
OI000005711,O000360,P000943,8,1140.36,267.48,8855.4
OI000005712,O000919,P000385,4,1874.09,84.65,7411.71
OI000005713,O001897,P000473,7,1794.25,10.01,12549.74
OI000005714,O002640,P000875,5,1163.14,76.28,5739.420000000001
OI000005715,O002871,P000904,4,483.23,34.64,1898.28
OI000005716,O002661,P000428,8,745.37,135.81,5827.15
OI000005717,O001580,P000768,3,552.93,35.12,1623.67
OI000005718,O002739,P000063,2,211.84,9.68,414.0
OI000005719,O002134,P000046,10,1555.11,376.45,15174.649999999998
OI000005720,O000507,P000466,10,182.23,19.81,1802.49
OI000005721,O000806,P000591,7,1452.79,291.8,9877.73
OI000005722,O002802,P000406,7,139.86,11.64,967.3800000000001
OI000005723,O000656,P000502,2,1021.62,176.97,1866.27
OI000005724,O002832,P000203,1,372.51,100.78,271.73
OI000005725,O002190,P000184,9,127.09,18.91,1124.8999999999999
OI000005726,O000824,P000967,3,1629.27,392.21,4495.599999999999
OI000005727,O001598,P000371,1,438.52,77.43,361.09
OI000005728,O000884,P000714,4,44.9,8.02,171.57999999999998
OI000005729,O001189,P000910,4,360.6,97.56,1344.8400000000001
OI000005730,O002417,P000205,10,1027.59,89.89,10186.01
OI000005731,O002329,P000997,9,1002.0,278.02,8739.98
OI000005732,O002308,P000757,1,330.69,58.66,272.03
OI000005733,O001958,P000842,8,191.61,26.36,1506.5200000000002
OI000005734,O001542,P000304,1,1518.34,89.91,1428.4299999999998
OI000005735,O002654,P000041,9,834.66,58.36,7453.58
OI000005736,O001775,P000722,7,455.23,18.17,3168.44
OI000005737,O001117,P000270,6,380.64,94.64,2189.2000000000003
OI000005738,O000410,P000351,6,498.38,142.25,2848.0299999999997
OI000005739,O001261,P000675,2,953.37,78.67,1828.07
OI000005740,O002739,P000557,4,37.77,9.66,141.42000000000002
OI000005741,O002203,P000819,7,462.02,119.06,3115.08
OI000005742,O001740,P000469,2,927.16,243.15,1611.1699999999998
OI000005743,O002213,P000210,5,849.87,115.57,4133.780000000001
OI000005744,O000463,P000584,9,1474.96,421.95,12852.689999999999
OI000005745,O001252,P000497,7,242.36,26.8,1669.72
OI000005746,O000355,P000654,4,755.13,25.62,2994.9
OI000005747,O002847,P000272,9,1893.6,116.16,16926.239999999998
OI000005748,O002642,P000624,5,401.33,107.16,1899.4899999999998
OI000005749,O000801,P000756,4,1075.19,177.0,4123.76
OI000005750,O000608,P000222,5,395.06,52.1,1923.2
OI000005751,O002752,P000704,7,431.83,83.26,2939.5499999999997
OI000005752,O000400,P000493,9,1855.43,160.53,16538.34
OI000005753,O001818,P000483,10,779.77,108.69,7689.01
OI000005754,O000186,P000937,6,1807.84,502.01,10345.029999999999
OI000005755,O002863,P000173,3,1705.15,249.12,4866.330000000001
OI000005756,O001181,P000858,10,1053.91,53.29,10485.81
OI000005757,O000212,P000438,2,1368.96,46.9,2691.02
OI000005758,O000943,P000481,8,1447.12,21.42,11555.539999999999
OI000005759,O000267,P000218,7,1997.53,42.31,13940.4
OI000005760,O001058,P000718,2,1719.5,487.25,2951.75
OI000005761,O002870,P000820,7,440.62,118.63,2965.71
OI000005762,O001510,P000201,7,1143.59,249.57,7755.5599999999995
OI000005763,O000847,P000795,6,664.38,68.94,3917.3399999999997
OI000005764,O000561,P000979,8,1379.64,411.76,10625.36
OI000005765,O000242,P000908,4,336.6,46.18,1300.22
OI000005766,O000344,P000484,7,768.71,212.63,5168.34
OI000005767,O002146,P000003,9,353.8,99.75,3084.4500000000003
OI000005768,O002610,P000685,9,1730.91,333.81,15244.380000000001
OI000005769,O000464,P000668,6,1135.87,63.89,6751.329999999999
OI000005770,O002111,P000324,6,484.71,85.59,2822.6699999999996
OI000005771,O001996,P000313,1,20.74,0.41,20.33
OI000005772,O000429,P000276,9,135.17,0.7,1215.83
OI000005773,O000637,P000467,6,847.94,16.71,5070.93
OI000005774,O002814,P000763,2,1986.37,89.18,3883.56
OI000005775,O001459,P000643,8,1834.47,248.73,14427.03
OI000005776,O000065,P000479,5,318.03,34.45,1555.6999999999998
OI000005777,O000676,P000904,9,483.23,59.25,4289.82
OI000005778,O002600,P000166,7,1189.26,314.68,8010.139999999999
OI000005779,O001832,P000724,8,444.71,51.03,3506.6499999999996
OI000005780,O001850,P000846,2,896.44,179.63,1613.25
OI000005781,O002009,P000422,8,973.57,13.35,7775.21
OI000005782,O001607,P000435,2,31.91,4.91,58.91
OI000005783,O000108,P000153,10,1133.43,177.56,11156.740000000002
OI000005784,O001392,P000032,2,671.75,43.68,1299.82
OI000005785,O001809,P000128,8,538.17,129.27,4176.089999999999
OI000005786,O000492,P000562,8,578.74,163.03,4466.89
OI000005787,O001617,P000961,2,260.86,52.72,469.0
OI000005788,O001813,P000298,3,1178.18,150.19,3384.35
OI000005789,O001427,P000568,1,953.56,59.02,894.54
OI000005790,O001232,P000283,10,920.82,125.65,9082.550000000001
OI000005791,O002647,P000376,9,1068.19,135.82,9477.890000000001
OI000005792,O002683,P000461,4,92.03,19.94,348.18
OI000005793,O001154,P000346,10,1842.42,356.45,18067.75
OI000005794,O002984,P000876,4,1082.38,209.95,4119.570000000001
OI000005795,O001334,P000247,5,1979.0,204.12,9690.88
OI000005796,O000364,P000623,5,5.35,0.58,26.17
OI000005797,O002813,P000426,5,462.37,70.49,2241.36
OI000005798,O002167,P000223,5,1597.96,304.81,7684.99
OI000005799,O001855,P000195,3,828.98,210.06,2276.88
OI000005800,O002163,P000569,8,65.61,8.63,516.25
OI000005801,O002007,P000891,6,1668.5,497.79,9513.21
OI000005802,O001133,P000581,1,498.49,69.54,428.95
OI000005803,O001591,P000374,8,500.89,19.62,3987.5
OI000005804,O002541,P000292,1,234.11,25.55,208.56
OI000005805,O002136,P000300,9,47.94,7.39,424.07
OI000005806,O000223,P000538,9,1885.34,317.32,16650.739999999998
OI000005807,O002928,P000301,7,869.74,104.44,5983.740000000001
OI000005808,O001832,P000145,10,2.73,0.35,26.95
OI000005809,O001278,P000258,2,907.59,69.53,1745.65
OI000005810,O001700,P000224,10,1528.69,395.1,14891.800000000001
OI000005811,O000128,P000137,2,1305.73,57.55,2553.91
OI000005812,O000718,P000357,9,1755.07,337.31,15458.32
OI000005813,O002625,P000512,8,1305.82,330.12,10116.439999999999
OI000005814,O002773,P000963,8,344.78,25.64,2732.6
OI000005815,O000780,P000970,6,750.28,102.75,4398.93
OI000005816,O002383,P000918,6,284.36,42.37,1663.7900000000002
OI000005817,O001606,P000054,9,1664.6,62.83,14918.57
OI000005818,O002675,P000112,8,1915.88,86.9,15240.140000000001
OI000005819,O000499,P000608,5,1748.7,204.06,8539.44
OI000005820,O002674,P000674,4,1151.2,265.15,4339.650000000001
OI000005821,O002331,P000499,1,253.05,52.11,200.94
OI000005822,O002860,P000492,6,1144.18,317.31,6547.7699999999995
OI000005823,O000708,P000716,5,223.06,56.92,1058.3799999999999
OI000005824,O002510,P000920,1,477.7,119.11,358.59
OI000005825,O000127,P000355,3,1953.77,570.01,5291.299999999999
OI000005826,O002463,P000326,5,1654.72,309.83,7963.77
OI000005827,O001338,P000442,5,120.29,27.46,573.99
OI000005828,O000984,P000813,8,156.58,43.74,1208.9
OI000005829,O001954,P000167,9,465.82,19.33,4173.05
OI000005830,O002335,P000330,4,321.48,86.82,1199.1000000000001
OI000005831,O001371,P000815,10,15.61,1.31,154.79
OI000005832,O000213,P000612,7,120.35,31.58,810.8699999999999
OI000005833,O000328,P000523,8,945.91,60.24,7507.04
OI000005834,O000940,P000891,9,1668.5,480.59,14535.91
OI000005835,O000517,P000110,10,1933.44,317.56,19016.84
OI000005836,O002817,P000726,6,928.18,105.07,5464.01
OI000005837,O002688,P000538,5,1885.34,94.9,9331.8
OI000005838,O000974,P000890,6,347.96,60.24,2027.5199999999998
OI000005839,O002690,P000413,9,999.73,267.48,8730.09
OI000005840,O000221,P000853,7,1677.26,77.57,11663.25
OI000005841,O001830,P000098,9,1762.8,125.33,15739.869999999999
OI000005842,O001100,P000302,7,1661.73,138.19,11493.92
OI000005843,O002081,P000746,6,577.19,136.5,3326.6400000000003
OI000005844,O002373,P000609,10,822.73,113.52,8113.779999999999
OI000005845,O002986,P000505,3,1800.61,271.03,5130.8
OI000005846,O002334,P000342,10,942.36,170.03,9253.57
OI000005847,O000868,P000337,1,794.19,112.88,681.3100000000001
OI000005848,O002588,P000570,6,1069.19,264.77,6150.370000000001
OI000005849,O000716,P000157,2,1411.2,321.61,2500.79
OI000005850,O002683,P000913,7,1745.3,99.15,12117.95
OI000005851,O001923,P000256,10,91.68,13.8,903.0000000000001
OI000005852,O000664,P000914,5,1300.83,175.57,6328.58
OI000005853,O001139,P000205,6,1027.59,147.2,6018.339999999999
OI000005854,O002792,P000668,9,1135.87,172.82,10050.009999999998
OI000005855,O001139,P000332,10,1943.63,493.97,18942.33
OI000005856,O000813,P000417,7,460.04,39.25,3181.03
OI000005857,O002113,P000072,2,809.43,15.08,1603.78
OI000005858,O000312,P000767,1,1966.38,172.28,1794.1000000000001
OI000005859,O000607,P000610,5,1977.72,148.01,9740.59
OI000005860,O001976,P000152,2,68.04,7.47,128.61
OI000005861,O002632,P000206,7,1585.25,234.61,10862.14
OI000005862,O000498,P000845,1,1606.54,268.64,1337.9
OI000005863,O002505,P000467,5,847.94,98.3,4141.400000000001
OI000005864,O000777,P000669,8,709.86,57.1,5621.78
OI000005865,O001295,P000677,1,939.01,256.66,682.3499999999999
OI000005866,O001819,P000094,9,477.6,49.46,4248.9400000000005
OI000005867,O001722,P000062,2,512.56,84.16,940.9599999999999
OI000005868,O000583,P000110,7,1933.44,395.68,13138.4
OI000005869,O002536,P000976,10,1278.46,288.84,12495.76
OI000005870,O001978,P000549,7,1789.52,214.71,12311.93
OI000005871,O000196,P000815,4,15.61,2.63,59.809999999999995
OI000005872,O002995,P000226,5,661.78,198.12,3110.7799999999997
OI000005873,O000629,P000239,4,1699.59,488.75,6309.61
OI000005874,O001700,P000436,10,1726.17,255.04,17006.66
OI000005875,O002230,P000501,4,178.2,51.34,661.4599999999999
OI000005876,O002941,P000003,6,353.8,85.37,2037.4300000000003
OI000005877,O000636,P000570,8,1069.19,161.76,8391.76
OI000005878,O000494,P000075,2,1725.0,185.5,3264.5
OI000005879,O000563,P000500,4,1471.06,74.47,5809.7699999999995
OI000005880,O000867,P000232,3,71.84,18.81,196.71
OI000005881,O000091,P000047,6,233.35,13.68,1386.4199999999998
OI000005882,O002951,P000702,7,1444.85,378.92,9735.029999999999
OI000005883,O000532,P000161,6,273.91,67.04,1576.42
OI000005884,O002484,P000051,7,805.96,102.09,5539.63
OI000005885,O000967,P000293,1,1434.85,170.94,1263.9099999999999
OI000005886,O001444,P000969,1,1988.87,511.56,1477.31
OI000005887,O000851,P000229,1,1312.83,0.91,1311.9199999999998
OI000005888,O002340,P000744,3,824.67,114.57,2359.4399999999996
OI000005889,O000068,P000150,2,1591.64,324.94,2858.34
OI000005890,O001083,P000965,2,549.05,146.75,951.3499999999999
OI000005891,O000691,P000283,1,920.82,223.7,697.1200000000001
OI000005892,O002778,P000297,1,144.92,40.89,104.02999999999999
OI000005893,O001112,P000809,1,64.16,14.85,49.309999999999995
OI000005894,O002484,P000561,7,867.09,20.48,6049.150000000001
OI000005895,O000306,P000218,6,1997.53,293.06,11692.12
OI000005896,O001244,P000568,4,953.56,243.87,3570.37
OI000005897,O000614,P000476,10,119.95,17.64,1181.86
OI000005898,O001382,P000669,9,709.86,158.78,6229.96
OI000005899,O002670,P000872,7,1307.54,14.42,9138.359999999999
OI000005900,O000152,P000499,10,253.05,35.17,2495.33
OI000005901,O001635,P000836,4,1875.69,280.13,7222.63
OI000005902,O000168,P000192,10,1167.53,296.12,11379.179999999998
OI000005903,O002237,P000818,6,82.46,8.57,486.19
OI000005904,O002322,P000544,10,1583.93,212.59,15626.710000000001
OI000005905,O002277,P000673,6,500.63,0.79,3002.99
OI000005906,O000879,P000414,2,131.02,11.17,250.87000000000003
OI000005907,O000418,P000561,6,867.09,138.72,5063.82
OI000005908,O001521,P000814,2,1318.54,287.78,2349.3
OI000005909,O000924,P000877,2,1494.67,22.25,2967.09
OI000005910,O002007,P000721,3,1126.69,156.72,3223.3500000000004
OI000005911,O001144,P000124,2,662.53,192.95,1132.11
OI000005912,O002607,P000304,3,1518.34,160.21,4394.8099999999995
OI000005913,O000474,P000505,10,1800.61,71.31,17934.789999999997
OI000005914,O001251,P000135,4,1752.72,172.1,6838.78
OI000005915,O002248,P000731,2,448.45,50.39,846.51
OI000005916,O001541,P000089,3,1258.98,255.19,3521.75
OI000005917,O002668,P000928,10,1542.52,4.31,15420.890000000001
OI000005918,O000940,P000778,7,759.17,53.71,5260.48
OI000005919,O000154,P000018,6,9.09,1.93,52.61
OI000005920,O000700,P000257,4,1644.63,157.87,6420.650000000001
OI000005921,O001381,P000946,9,1945.74,498.25,17013.41
OI000005922,O000547,P000138,3,742.8,22.19,2206.2099999999996
OI000005923,O000811,P000951,3,85.6,19.15,237.64999999999995
OI000005924,O002566,P000739,4,172.97,45.3,646.58
OI000005925,O000970,P000457,2,968.45,146.99,1789.91
OI000005926,O001197,P000359,10,17.82,3.91,174.29
OI000005927,O000050,P000289,7,1937.94,6.73,13558.85
OI000005928,O001803,P000634,6,1987.65,283.79,11642.11
OI000005929,O002256,P000961,10,260.86,24.86,2583.7400000000002
OI000005930,O001352,P000570,2,1069.19,258.33,1880.0500000000002
OI000005931,O000829,P000935,5,1094.05,252.27,5217.98
OI000005932,O001100,P000925,3,1630.6,64.45,4827.349999999999
OI000005933,O002820,P000866,5,920.6,164.99,4438.01
OI000005934,O001562,P000027,3,541.67,122.78,1502.2299999999998
OI000005935,O002148,P000312,6,766.77,78.26,4522.36
OI000005936,O002500,P000250,8,191.78,26.86,1507.38
OI000005937,O000100,P000549,4,1789.52,350.53,6807.55
OI000005938,O001911,P000230,2,626.37,79.4,1173.34
OI000005939,O001265,P000303,4,133.92,15.29,520.39
OI000005940,O001011,P000789,6,5.28,1.15,30.53
OI000005941,O002078,P000932,2,848.21,39.7,1656.72
OI000005942,O000240,P000016,2,839.54,203.77,1475.31
OI000005943,O001576,P000647,3,753.4,92.76,2167.4399999999996
OI000005944,O002250,P000515,8,153.98,36.15,1195.6899999999998
OI000005945,O001740,P000282,10,1298.18,274.4,12707.400000000001
OI000005946,O001183,P000372,5,1047.95,35.75,5204.0
OI000005947,O001010,P000128,6,538.17,98.25,3130.7699999999995
OI000005948,O001674,P000391,7,1505.24,386.07,10150.61
OI000005949,O000356,P000766,5,229.31,35.21,1111.34
OI000005950,O002669,P000704,6,431.83,26.42,2564.56
OI000005951,O002087,P000166,3,1189.26,197.82,3369.9599999999996
OI000005952,O001255,P000583,9,835.47,109.92,7409.31
OI000005953,O001597,P000234,10,1658.18,57.31,16524.489999999998
OI000005954,O001191,P000635,9,794.9,147.01,7007.089999999999
OI000005955,O000692,P000045,3,1873.28,358.03,5261.81
OI000005956,O001110,P000842,5,191.61,8.08,949.97
OI000005957,O002275,P000742,9,319.51,73.54,2802.05
OI000005958,O002889,P000535,7,691.04,89.6,4747.679999999999
OI000005959,O000368,P000379,3,243.16,43.66,685.82
OI000005960,O000087,P000652,5,1405.91,294.1,6735.45
OI000005961,O000822,P000636,6,269.04,41.99,1572.2500000000002
OI000005962,O002962,P000068,7,146.58,42.51,983.5500000000002
OI000005963,O001084,P000005,4,1877.25,281.37,7227.63
OI000005964,O000370,P000440,6,1196.88,295.4,6885.880000000001
OI000005965,O000096,P000032,3,671.75,44.9,1970.35
OI000005966,O002789,P000112,8,1915.88,406.06,14920.980000000001
OI000005967,O002866,P000272,9,1893.6,82.23,16960.17
OI000005968,O001252,P000881,2,1764.4,454.8,3074.0
OI000005969,O002772,P000404,6,39.18,3.81,231.26999999999998
OI000005970,O001405,P000070,3,1035.7,140.41,2966.6900000000005
OI000005971,O000147,P000888,8,217.17,3.06,1734.3
OI000005972,O001730,P000182,7,1372.23,144.36,9461.25
OI000005973,O001128,P000334,5,1110.66,208.06,5345.24
OI000005974,O002342,P000072,7,809.43,2.41,5663.599999999999
OI000005975,O001440,P000672,7,574.61,61.31,3960.96
OI000005976,O001898,P000319,3,1662.56,267.89,4719.79
OI000005977,O002042,P000217,10,1403.4,63.59,13970.41
OI000005978,O002597,P000939,3,1542.39,456.59,4170.58
OI000005979,O001233,P000061,2,1202.79,229.86,2175.72
OI000005980,O001962,P000160,8,122.22,22.04,955.72
OI000005981,O000171,P000678,10,144.37,0.8,1442.9
OI000005982,O000009,P000779,8,1324.14,246.32,10346.800000000001
OI000005983,O002807,P000893,10,156.29,23.71,1539.1899999999998
OI000005984,O002214,P000913,10,1745.3,102.39,17350.61
OI000005985,O002848,P000038,4,851.35,67.34,3338.06
OI000005986,O001065,P000603,1,1296.91,261.04,1035.8700000000001
OI000005987,O001459,P000854,9,270.75,57.87,2378.88
OI000005988,O001737,P000793,9,299.32,30.34,2663.54
OI000005989,O000354,P000680,8,962.16,41.92,7655.36
OI000005990,O002119,P000859,7,1721.38,40.82,12008.84
OI000005991,O001966,P000006,2,1376.48,288.14,2464.82
OI000005992,O001335,P000084,7,398.93,82.85,2709.6600000000003
OI000005993,O001890,P000824,4,1754.59,115.98,6902.38
OI000005994,O000877,P000734,4,155.02,16.64,603.44
OI000005995,O002965,P000571,1,971.97,48.61,923.36
OI000005996,O002083,P000309,8,1158.95,24.04,9247.56
OI000005997,O002158,P000358,4,500.38,120.14,1881.3799999999999
OI000005998,O000610,P000102,8,44.65,2.63,354.57
OI000005999,O002364,P000929,5,644.09,147.87,3072.5800000000004
OI000006000,O002950,P000291,8,1717.2,66.18,13671.42
OI000006001,O001124,P000532,1,1097.79,104.97,992.8199999999999
OI000006002,O002589,P000735,9,1898.21,254.87,16829.02
OI000006003,O002842,P000740,8,222.9,30.59,1752.6100000000001
OI000006004,O000271,P000935,6,1094.05,266.49,6297.8099999999995
OI000006005,O001851,P000463,2,1051.21,50.33,2052.09
OI000006006,O001799,P000900,2,1752.18,47.76,3456.6
OI000006007,O001205,P000914,7,1300.83,53.96,9051.85
OI000006008,O000156,P000451,2,1164.33,25.09,2303.5699999999997
OI000006009,O001515,P000261,5,1772.1,200.58,8659.92
OI000006010,O000987,P000561,9,867.09,89.77,7714.04
OI000006011,O001695,P000988,3,951.78,30.67,2824.67
OI000006012,O001188,P000722,10,455.23,44.26,4508.04
OI000006013,O000815,P000420,9,1735.81,371.67,15250.619999999999
OI000006014,O001284,P000863,7,1876.0,347.85,12784.15
OI000006015,O001443,P000555,2,51.72,2.49,100.95
OI000006016,O000657,P000551,9,151.2,18.69,1342.11
OI000006017,O000527,P000883,3,1104.69,198.3,3115.77
OI000006018,O001467,P000853,3,1677.26,11.35,5020.429999999999
OI000006019,O000855,P000309,2,1158.95,46.27,2271.63
OI000006020,O001743,P000609,4,822.73,202.05,3088.87
OI000006021,O000160,P000040,3,556.9,85.98,1584.7199999999998
OI000006022,O001946,P000663,5,416.43,64.15,2018.0
OI000006023,O002071,P000968,6,506.73,52.37,2988.01
OI000006024,O000217,P000334,10,1110.66,123.02,10983.58
OI000006025,O002605,P000513,8,268.03,23.28,2120.9599999999996
OI000006026,O000404,P000629,3,1677.51,172.09,4860.44
OI000006027,O000769,P000697,2,1507.6,271.35,2743.85
OI000006028,O001222,P000323,6,964.93,244.32,5545.26
OI000006029,O002654,P000305,4,37.98,0.31,151.60999999999999
OI000006030,O002209,P000648,10,1706.26,407.2,16655.399999999998
OI000006031,O001326,P000159,8,761.6,193.93,5898.87
OI000006032,O002350,P000835,1,1852.55,361.55,1491.0
OI000006033,O002093,P000087,8,437.07,80.68,3415.88
OI000006034,O002819,P000752,5,1858.86,262.59,9031.71
OI000006035,O001879,P000097,7,1499.25,380.83,10113.92
OI000006036,O001077,P000505,3,1800.61,217.96,5183.87
OI000006037,O000695,P000810,8,6.44,0.58,50.940000000000005
OI000006038,O001499,P000608,8,1748.7,130.53,13859.07
OI000006039,O000566,P000154,9,378.8,78.88,3330.32
OI000006040,O000916,P000088,4,316.13,88.54,1175.98
OI000006041,O000986,P000415,10,723.99,168.11,7071.79
OI000006042,O002516,P000836,7,1875.69,12.3,13117.53
OI000006043,O001096,P000369,5,1463.28,232.56,7083.839999999999
OI000006044,O001551,P000741,8,1657.77,254.55,13007.61
OI000006045,O001742,P000124,7,662.53,7.62,4630.09
OI000006046,O000075,P000070,10,1035.7,184.76,10172.24
OI000006047,O000706,P000202,8,1657.89,468.0,12795.12
OI000006048,O002836,P000958,5,1533.89,311.51,7357.9400000000005
OI000006049,O002708,P000904,9,483.23,89.51,4259.5599999999995
OI000006050,O001093,P000229,9,1312.83,41.39,11774.08
OI000006051,O001401,P000295,2,813.42,120.32,1506.52
OI000006052,O000996,P000216,7,1516.37,162.41,10452.18
OI000006053,O002831,P000338,10,402.46,84.04,3940.56
OI000006054,O000717,P000347,4,689.1,29.05,2727.35
OI000006055,O000092,P000964,1,160.72,27.38,133.34
OI000006056,O001303,P000204,4,375.65,75.91,1426.6899999999998
OI000006057,O002596,P000633,3,1471.94,240.38,4175.44
OI000006058,O000003,P000116,6,623.48,68.55,3672.33
OI000006059,O002410,P000404,4,39.18,8.11,148.61
OI000006060,O002091,P000315,4,305.52,54.05,1168.03
OI000006061,O002725,P000843,4,304.52,0.11,1217.97
OI000006062,O002809,P000300,2,47.94,3.64,92.24
OI000006063,O001257,P000475,9,769.99,18.25,6911.66
OI000006064,O002784,P000840,4,51.08,13.22,191.1
OI000006065,O002177,P000928,7,1542.52,72.24,10725.4
OI000006066,O002156,P000672,3,574.61,152.14,1571.69
OI000006067,O000934,P000968,5,506.73,55.85,2477.8
OI000006068,O002861,P000298,5,1178.18,334.01,5556.89
OI000006069,O002893,P000547,9,122.18,11.84,1087.7800000000002
OI000006070,O002545,P000090,6,911.3,133.87,5333.929999999999
OI000006071,O001657,P000980,2,1005.65,101.05,1910.25
OI000006072,O002929,P000987,6,665.36,64.0,3928.16
OI000006073,O002106,P000983,2,813.84,169.78,1457.9
OI000006074,O002861,P000757,10,330.69,42.99,3263.9100000000003
OI000006075,O001483,P000626,8,1056.06,15.57,8432.91
OI000006076,O002739,P000003,7,353.8,84.01,2392.5899999999997
OI000006077,O001900,P000035,9,611.08,28.64,5471.08
OI000006078,O000128,P000864,9,723.69,143.11,6370.100000000001
OI000006079,O001164,P000853,8,1677.26,229.08,13189.0
OI000006080,O002009,P000754,1,998.49,88.85,909.64
OI000006081,O001967,P000755,10,439.64,19.88,4376.5199999999995
OI000006082,O002786,P000877,10,1494.67,114.28,14832.42
OI000006083,O002708,P000121,7,1866.2,0.66,13062.74
OI000006084,O001075,P000065,8,509.27,87.9,3986.2599999999998
OI000006085,O001715,P000637,1,816.43,82.89,733.54
OI000006086,O001253,P000266,4,1275.51,8.06,5093.98
OI000006087,O002224,P000935,9,1094.05,53.27,9793.179999999998
OI000006088,O001240,P000495,2,299.25,26.06,572.44
OI000006089,O001587,P000981,1,1764.41,388.13,1376.2800000000002
OI000006090,O001314,P000080,2,1094.09,254.12,1934.06
OI000006091,O001804,P000395,1,288.86,47.78,241.08
OI000006092,O000769,P000006,1,1376.48,94.12,1282.3600000000001
OI000006093,O000098,P000296,4,742.88,173.1,2798.42
OI000006094,O000231,P000175,7,524.31,145.05,3525.1199999999994
OI000006095,O000905,P000575,9,81.85,18.21,718.4399999999999
OI000006096,O000260,P000264,6,336.58,100.02,1919.46
OI000006097,O000140,P000806,3,271.25,28.52,785.23
OI000006098,O001830,P000047,10,233.35,2.36,2331.14
OI000006099,O001730,P000704,4,431.83,36.7,1690.62
OI000006100,O001285,P000022,7,40.0,5.16,274.84
OI000006101,O000824,P000980,3,1005.65,279.86,2737.0899999999997
OI000006102,O000593,P000772,2,545.84,71.28,1020.4000000000001
OI000006103,O002270,P000804,3,935.51,217.07,2589.4599999999996
OI000006104,O000300,P000417,2,460.04,124.67,795.4100000000001
OI000006105,O002436,P000064,4,1406.61,389.49,5236.95
OI000006106,O001210,P000876,9,1082.38,103.05,9638.370000000003
OI000006107,O001605,P000511,2,803.09,47.67,1558.51
OI000006108,O002263,P000615,9,811.64,33.56,7271.2
OI000006109,O002158,P000116,9,623.48,157.0,5454.32
OI000006110,O002124,P000275,3,254.29,12.16,750.71
OI000006111,O000458,P000259,3,1864.34,233.01,5360.009999999999
OI000006112,O000511,P000270,1,380.64,94.29,286.34999999999997
OI000006113,O000626,P000129,9,1756.87,474.32,15337.509999999998
OI000006114,O000280,P000431,1,1519.75,131.86,1387.8899999999999
OI000006115,O001822,P000832,5,197.18,1.54,984.3600000000001
OI000006116,O000268,P000548,10,1041.61,281.04,10135.059999999998
OI000006117,O000778,P000959,6,1273.64,73.03,7568.81
OI000006118,O001341,P000564,7,1904.75,307.67,13025.58
OI000006119,O000816,P000906,1,661.16,76.37,584.79
OI000006120,O001843,P000060,10,1525.07,270.47,14980.23
OI000006121,O000445,P000559,3,444.5,109.9,1223.6
OI000006122,O001590,P000302,7,1661.73,34.26,11597.85
OI000006123,O000719,P000026,3,1337.21,337.39,3674.2400000000002
OI000006124,O002768,P000131,3,29.85,2.36,87.19000000000001
OI000006125,O000243,P000439,5,501.44,29.66,2477.54
OI000006126,O002633,P000712,10,27.1,5.01,265.99
OI000006127,O000222,P000591,1,1452.79,316.55,1136.24
OI000006128,O000502,P000248,6,372.05,78.34,2153.96
OI000006129,O000065,P000416,8,1137.53,131.24,8969.0
OI000006130,O000571,P000671,1,301.49,54.37,247.12
OI000006131,O000363,P000975,7,197.12,23.42,1356.42
OI000006132,O000489,P000468,7,1513.53,237.51,10357.199999999999
OI000006133,O000955,P000225,10,810.98,178.51,7931.29
OI000006134,O001162,P000906,6,661.16,41.54,3925.42
OI000006135,O002455,P000147,3,45.28,7.18,128.66
OI000006136,O002364,P000739,3,172.97,5.86,513.05
OI000006137,O002954,P000926,6,1091.53,111.43,6437.75
OI000006138,O002730,P000737,9,482.37,89.6,4251.73
OI000006139,O001409,P000612,10,120.35,5.26,1198.24
OI000006140,O002482,P000517,9,255.91,74.07,2229.12
OI000006141,O000985,P000492,2,1144.18,62.06,2226.3
OI000006142,O000694,P000907,8,1911.53,560.87,14731.369999999999
OI000006143,O002353,P000115,1,37.57,8.96,28.61
OI000006144,O002570,P000034,10,1185.61,202.81,11653.289999999999
OI000006145,O002356,P000857,10,1910.95,386.71,18722.79
OI000006146,O000735,P000072,8,809.43,227.05,6248.389999999999
OI000006147,O002526,P000829,7,34.71,7.46,235.51
OI000006148,O000103,P000284,10,313.06,65.09,3065.5099999999998
OI000006149,O001876,P000116,2,623.48,43.05,1203.91
OI000006150,O000286,P000175,1,524.31,111.04,413.2699999999999
OI000006151,O001690,P000701,10,847.69,204.7,8272.2
OI000006152,O001239,P000537,7,1276.32,308.88,8625.36
OI000006153,O000370,P000719,5,1827.14,228.35,8907.35
OI000006154,O000563,P000584,7,1474.96,156.88,10167.840000000002
OI000006155,O002446,P000291,4,1717.2,306.91,6561.89
OI000006156,O000888,P000283,9,920.82,184.66,8102.720000000001
OI000006157,O002692,P000700,9,1213.44,2.62,10918.34
OI000006158,O001966,P000086,3,596.33,114.36,1674.6300000000003
OI000006159,O002630,P000429,2,1810.58,102.34,3518.8199999999997
OI000006160,O000545,P000893,10,156.29,35.54,1527.36
OI000006161,O002785,P000598,7,649.92,115.69,4433.75
OI000006162,O002179,P000464,8,1269.9,211.4,9947.800000000001
OI000006163,O000501,P000092,9,547.84,12.18,4918.38
OI000006164,O001162,P000025,3,206.32,0.56,618.4000000000001
OI000006165,O001300,P000286,8,1963.66,47.7,15661.58
OI000006166,O001039,P000252,9,197.08,0.34,1773.38
OI000006167,O001947,P000478,7,459.93,19.82,3199.69
OI000006168,O001524,P000725,5,1732.02,470.22,8189.88
OI000006169,O000432,P000270,4,380.64,111.44,1411.12
OI000006170,O001301,P000844,7,459.84,125.13,3093.7499999999995
OI000006171,O000109,P000022,7,40.0,9.29,270.71
OI000006172,O001251,P000735,3,1898.21,325.89,5368.74
OI000006173,O001267,P000908,7,336.6,42.81,2313.3900000000003
OI000006174,O002294,P000420,1,1735.81,5.9,1729.9099999999999
OI000006175,O001999,P000482,6,720.13,79.4,4241.38
OI000006176,O000407,P000572,10,873.06,74.68,8655.919999999998
OI000006177,O002339,P000764,9,71.15,16.8,623.5500000000001
OI000006178,O000063,P000851,5,213.39,7.64,1059.3099999999997
OI000006179,O000255,P000482,7,720.13,160.21,4880.7
OI000006180,O000275,P000644,6,189.11,43.2,1091.46
OI000006181,O001383,P000963,6,344.78,81.91,1986.7699999999998
OI000006182,O000131,P000479,1,318.03,78.83,239.2
OI000006183,O000857,P000229,7,1312.83,337.5,8852.31
OI000006184,O001231,P000667,7,301.01,60.0,2047.0699999999997
OI000006185,O002584,P000673,10,500.63,0.08,5006.22
OI000006186,O001755,P000506,6,281.96,34.06,1657.6999999999998
OI000006187,O002038,P000299,9,933.61,37.57,8364.92
OI000006188,O000261,P000487,4,1467.14,301.62,5566.9400000000005
OI000006189,O002571,P000355,5,1953.77,452.7,9316.15
OI000006190,O001296,P000068,6,146.58,8.44,871.04
OI000006191,O001494,P000699,1,197.26,34.77,162.48999999999998
OI000006192,O000955,P000888,10,217.17,24.25,2147.45
OI000006193,O002242,P000340,1,338.38,53.8,284.58
OI000006194,O001945,P000715,5,297.93,60.5,1429.15
OI000006195,O001912,P000813,4,156.58,32.27,594.0500000000001
OI000006196,O001189,P000875,1,1163.14,299.24,863.9000000000001
OI000006197,O002660,P000419,9,480.64,47.86,4277.900000000001
OI000006198,O000314,P000351,7,498.38,64.95,3423.71
OI000006199,O002712,P000217,7,1403.4,79.52,9744.28
OI000006200,O002143,P000460,9,1891.62,300.83,16723.749999999996
OI000006201,O001462,P000746,5,577.19,26.39,2859.5600000000004
OI000006202,O002218,P000492,3,1144.18,274.14,3158.4
OI000006203,O000121,P000413,1,999.73,193.89,805.84
OI000006204,O002570,P000676,7,91.61,22.54,618.73
OI000006205,O001928,P000275,9,254.29,45.19,2243.42
OI000006206,O000904,P000873,7,646.85,155.36,4372.59
OI000006207,O000684,P000355,3,1953.77,578.1,5283.209999999999
OI000006208,O000280,P000043,4,1704.4,284.34,6533.26
OI000006209,O000564,P000872,5,1307.54,87.74,6449.96
OI000006210,O002263,P000693,2,748.02,129.91,1366.1299999999999
OI000006211,O001502,P000602,7,668.37,114.02,4564.57
OI000006212,O001294,P000499,8,253.05,56.84,1967.5600000000002
OI000006213,O001262,P000399,5,441.58,16.47,2191.4300000000003
OI000006214,O001249,P000030,7,1474.37,206.44,10114.15
OI000006215,O000912,P000144,1,995.44,123.98,871.46
OI000006216,O001046,P000112,7,1915.88,162.25,13248.91
OI000006217,O001839,P000032,1,671.75,116.93,554.8199999999999
OI000006218,O002764,P000535,9,691.04,110.88,6108.48
OI000006219,O001706,P000302,4,1661.73,172.64,6474.28
OI000006220,O001636,P000259,1,1864.34,3.31,1861.03
OI000006221,O002478,P000342,7,942.36,132.42,6464.1
OI000006222,O002241,P000381,10,539.13,141.28,5250.02
OI000006223,O001356,P000705,4,335.71,50.73,1292.11
OI000006224,O002665,P000113,2,1736.82,226.07,3247.5699999999997
OI000006225,O001331,P000378,3,381.87,100.59,1045.0200000000002
OI000006226,O002629,P000769,1,761.24,122.12,639.12
OI000006227,O001492,P000141,1,1728.79,379.95,1348.84
OI000006228,O002840,P000453,1,167.58,7.54,160.04000000000002
OI000006229,O001045,P000269,6,976.7,284.65,5575.550000000001
OI000006230,O002366,P000961,4,260.86,30.58,1012.86
OI000006231,O000277,P000535,9,691.04,132.71,6086.65
OI000006232,O000294,P000199,1,1837.59,223.09,1614.5
OI000006233,O002054,P000441,2,1536.52,247.76,2825.2799999999997
OI000006234,O000435,P000742,9,319.51,76.17,2799.42
OI000006235,O002942,P000119,2,1333.68,372.68,2294.6800000000003
OI000006236,O001166,P000335,7,225.93,52.18,1529.33
OI000006237,O002436,P000763,10,1986.37,511.42,19352.28
OI000006238,O001452,P000225,3,810.98,157.69,2275.25
OI000006239,O000487,P000627,2,62.03,11.41,112.65
OI000006240,O001986,P000983,3,813.84,84.92,2356.6
OI000006241,O001030,P000305,2,37.98,4.94,71.02
OI000006242,O002208,P000710,5,1371.3,188.3,6668.2
OI000006243,O001868,P000082,8,384.31,75.2,2999.28
OI000006244,O000296,P000005,10,1877.25,76.12,18696.38
OI000006245,O001142,P000291,6,1717.2,349.94,9953.26
OI000006246,O000157,P000216,2,1516.37,441.35,2591.39
OI000006247,O001104,P000784,4,157.64,24.73,605.8299999999999
OI000006248,O002353,P000889,9,889.74,63.97,7943.69
OI000006249,O001869,P000977,8,1140.0,24.45,9095.55
OI000006250,O002733,P000350,6,190.6,33.65,1109.9499999999998
OI000006251,O002457,P000476,1,119.95,22.38,97.57000000000001
OI000006252,O000876,P000332,5,1943.63,221.67,9496.480000000001
OI000006253,O000199,P000183,7,1753.7,432.03,11843.869999999999
OI000006254,O001415,P000034,2,1185.61,98.06,2273.16
OI000006255,O001753,P000886,8,714.21,72.77,5640.91
OI000006256,O002714,P000937,3,1807.84,189.2,5234.32
OI000006257,O001852,P000750,5,765.43,25.93,3801.22
OI000006258,O001331,P000258,10,907.59,65.3,9010.6
OI000006259,O001380,P000169,4,582.43,27.58,2302.14
OI000006260,O000119,P000743,8,1834.29,509.5,14164.82
OI000006261,O002380,P000845,4,1606.54,348.45,6077.71
OI000006262,O001644,P000556,10,542.14,149.64,5271.759999999999
OI000006263,O001637,P000830,10,1444.33,367.49,14075.81
OI000006264,O002627,P000619,6,1009.05,218.86,5835.44
OI000006265,O001408,P000944,10,161.9,29.18,1589.82
OI000006266,O000626,P000812,9,1705.52,65.78,15283.9
OI000006267,O001973,P000350,4,190.6,5.46,756.9399999999999
OI000006268,O001992,P000415,9,723.99,89.87,6426.04
OI000006269,O000201,P000642,5,777.27,101.92,3784.43
OI000006270,O002428,P000435,8,31.91,1.39,253.89000000000001
OI000006271,O001117,P000527,1,344.0,59.52,284.48
OI000006272,O001434,P000635,2,794.9,213.17,1376.6299999999999
OI000006273,O000233,P000802,7,1573.02,115.9,10895.24
OI000006274,O001327,P000887,3,1876.63,17.88,5612.01
OI000006275,O000019,P000240,8,796.09,234.77,6133.95
OI000006276,O000721,P000363,7,284.75,69.95,1923.3
OI000006277,O000902,P000279,2,948.41,202.52,1694.3
OI000006278,O001592,P000529,10,923.0,1.9,9228.1
OI000006279,O001340,P000959,10,1273.64,239.74,12496.660000000002
OI000006280,O002546,P000636,9,269.04,58.79,2362.57
OI000006281,O000541,P000572,3,873.06,150.97,2468.21
OI000006282,O000109,P000224,5,1528.69,107.92,7535.530000000001
OI000006283,O000551,P000193,1,26.11,2.04,24.07
OI000006284,O002251,P000719,10,1827.14,407.24,17864.16
OI000006285,O000890,P000602,7,668.37,2.51,4676.08
OI000006286,O001463,P000007,8,405.69,36.22,3209.3
OI000006287,O000573,P000054,4,1664.6,34.0,6624.4
OI000006288,O000579,P000290,9,271.21,9.29,2431.6
OI000006289,O002277,P000304,2,1518.34,94.28,2942.3999999999996
OI000006290,O002246,P000494,2,1011.4,64.07,1958.73
OI000006291,O000104,P000519,10,1435.63,276.36,14079.94
OI000006292,O000879,P000535,9,691.04,17.67,6201.69
OI000006293,O000825,P000563,7,197.63,44.41,1338.9999999999998
OI000006294,O001385,P000316,6,203.79,56.09,1166.65
OI000006295,O001783,P000061,10,1202.79,329.99,11697.91
OI000006296,O000539,P000170,3,808.52,223.26,2202.3
OI000006297,O001296,P000011,7,20.96,3.09,143.63
OI000006298,O002517,P000831,1,1512.11,403.84,1108.27
OI000006299,O000211,P000215,10,1358.6,403.2,13182.8
OI000006300,O001828,P000033,10,265.77,30.53,2627.1699999999996
OI000006301,O000567,P000608,1,1748.7,30.97,1717.73
OI000006302,O001441,P000413,8,999.73,219.43,7778.41
OI000006303,O001589,P000529,10,923.0,180.08,9049.92
OI000006304,O002208,P000299,6,933.61,216.17,5385.49
OI000006305,O000709,P000490,1,184.85,41.13,143.72
OI000006306,O000928,P000398,3,490.78,100.4,1371.9399999999998
OI000006307,O000834,P000656,8,1844.7,213.68,14543.92
OI000006308,O000193,P000108,7,122.16,8.42,846.7
OI000006309,O002445,P000422,8,973.57,102.55,7686.01
OI000006310,O002664,P000176,5,1380.48,145.82,6756.58
OI000006311,O002551,P000112,6,1915.88,291.97,11203.310000000001
OI000006312,O000260,P000945,6,1287.86,340.23,7386.93
OI000006313,O000259,P000658,10,1009.91,27.24,10071.86
OI000006314,O002283,P000877,10,1494.67,68.56,14878.140000000001
OI000006315,O002179,P000853,7,1677.26,494.38,11246.44
OI000006316,O001071,P000573,1,21.71,4.91,16.8
OI000006317,O001047,P000807,5,74.33,5.26,366.39
OI000006318,O000167,P000469,3,927.16,231.97,2549.51
OI000006319,O002665,P000035,1,611.08,79.22,531.86
OI000006320,O000267,P000226,5,661.78,82.01,3226.8899999999994
OI000006321,O000009,P000512,7,1305.82,192.69,8948.05
OI000006322,O001950,P000581,7,498.49,63.05,3426.38
OI000006323,O002048,P000162,1,140.8,2.22,138.58
OI000006324,O000993,P000818,1,82.46,21.61,60.849999999999994
OI000006325,O001786,P000121,10,1866.2,200.73,18461.27
OI000006326,O000933,P000908,8,336.6,84.11,2608.69
OI000006327,O000440,P000403,9,1448.48,386.56,12649.76
OI000006328,O002715,P000375,8,1711.54,18.1,13674.22
OI000006329,O000417,P000954,2,1799.27,5.59,3592.95
OI000006330,O001856,P000628,5,251.53,73.31,1184.3400000000001
OI000006331,O001114,P000057,1,965.3,62.54,902.76
OI000006332,O000520,P000091,8,56.35,12.01,438.79
OI000006333,O001528,P000466,10,182.23,5.64,1816.6599999999999
OI000006334,O001134,P000847,9,197.07,35.29,1738.34
OI000006335,O002537,P000963,8,344.78,95.34,2662.8999999999996
OI000006336,O002296,P000561,8,867.09,248.51,6688.21
OI000006337,O000747,P000778,1,759.17,56.77,702.4
OI000006338,O001917,P000208,2,877.76,153.07,1602.45
OI000006339,O002137,P000060,4,1525.07,82.23,6018.05
OI000006340,O001153,P000524,3,705.15,35.32,2080.1299999999997
OI000006341,O001389,P000662,1,1396.89,341.42,1055.47
OI000006342,O001114,P000898,8,86.67,12.53,680.83
OI000006343,O001511,P000483,3,779.77,61.79,2277.52
OI000006344,O001343,P000130,1,21.09,5.76,15.33
OI000006345,O001000,P000968,10,506.73,139.76,4927.54
OI000006346,O001733,P000916,2,382.73,108.22,657.24
OI000006347,O002466,P000540,3,531.52,106.98,1487.58
OI000006348,O000548,P000658,2,1009.91,66.68,1953.1399999999999
OI000006349,O001987,P000843,5,304.52,53.68,1468.9199999999998
OI000006350,O002997,P000424,6,875.88,230.5,5024.78
OI000006351,O002871,P000488,5,1839.36,51.34,9145.46
OI000006352,O001471,P000405,7,316.12,85.34,2127.5
OI000006353,O002113,P000833,8,269.1,58.76,2094.04
OI000006354,O001968,P000578,7,730.06,5.13,5105.29
OI000006355,O000961,P000923,9,286.61,3.84,2575.65
OI000006356,O001375,P000511,6,803.09,26.46,4792.08
OI000006357,O000511,P000110,3,1933.44,86.76,5713.5599999999995
OI000006358,O001260,P000399,10,441.58,13.5,4402.3
OI000006359,O001262,P000765,7,1330.0,338.11,8971.89
OI000006360,O000009,P000050,4,563.1,100.25,2152.15
OI000006361,O002083,P000009,8,1829.84,223.89,14414.83
OI000006362,O002622,P000643,4,1834.47,522.84,6815.04
OI000006363,O001193,P000131,2,29.85,7.42,52.28
OI000006364,O001483,P000042,5,1689.48,495.38,7952.0199999999995
OI000006365,O001150,P000537,4,1276.32,164.43,4940.849999999999
OI000006366,O001431,P000961,4,260.86,4.78,1038.66
OI000006367,O002846,P000949,2,419.56,92.93,746.19
OI000006368,O002809,P000127,6,94.06,8.57,555.79
OI000006369,O001322,P000095,10,1267.28,327.85,12344.949999999999
OI000006370,O001363,P000897,6,1561.8,135.0,9235.8
OI000006371,O000491,P000567,3,233.93,40.36,661.43
OI000006372,O001635,P000096,7,372.33,18.95,2587.36
OI000006373,O002238,P000710,4,1371.3,402.07,5083.13
OI000006374,O000040,P000051,5,805.96,158.64,3871.1600000000003
OI000006375,O001613,P000386,6,242.92,43.5,1414.02
OI000006376,O001165,P000821,6,1723.72,180.54,10161.779999999999
OI000006377,O002178,P000069,1,810.99,4.37,806.62
OI000006378,O000530,P000765,3,1330.0,126.56,3863.44
OI000006379,O002026,P000703,6,1588.79,247.3,9285.44
OI000006380,O002794,P000413,4,999.73,214.59,3784.33
OI000006381,O000637,P000770,9,1272.05,48.49,11399.96
OI000006382,O001854,P000470,6,505.16,150.29,2880.67
OI000006383,O001459,P000032,7,671.75,178.91,4523.34
OI000006384,O001825,P000575,3,81.85,10.83,234.71999999999997
OI000006385,O001916,P000031,9,559.35,37.34,4996.81
OI000006386,O002363,P000741,8,1657.77,247.44,13014.72
OI000006387,O000061,P000503,7,460.81,114.87,3110.8
OI000006388,O002829,P000909,10,679.7,75.63,6721.37
OI000006389,O000905,P000631,4,1717.28,147.96,6721.16
OI000006390,O001082,P000730,3,1322.13,357.63,3608.76
OI000006391,O002732,P000858,2,1053.91,67.29,2040.5300000000002
OI000006392,O002773,P000858,9,1053.91,41.71,9443.480000000001
OI000006393,O000761,P000702,6,1444.85,227.05,8442.05
OI000006394,O001575,P000338,5,402.46,114.37,1897.9299999999998
OI000006395,O001843,P000391,2,1505.24,34.61,2975.87
OI000006396,O002087,P000085,2,311.52,70.68,552.3599999999999
OI000006397,O001705,P000666,5,928.08,258.33,4382.070000000001
OI000006398,O001319,P000047,10,233.35,70.0,2263.5
OI000006399,O001401,P000531,2,512.68,68.38,956.9799999999999
OI000006400,O000734,P000424,3,875.88,185.45,2442.19
OI000006401,O001098,P000078,7,1648.51,46.71,11492.86
OI000006402,O001718,P000499,7,253.05,10.85,1760.5000000000002
OI000006403,O000636,P000202,1,1657.89,189.08,1468.8100000000002
OI000006404,O001821,P000749,3,193.78,55.02,526.32
OI000006405,O001850,P000842,6,191.61,12.74,1136.92
OI000006406,O001690,P000308,2,1925.87,304.98,3546.7599999999998
OI000006407,O002074,P000918,5,284.36,45.13,1376.67
OI000006408,O000927,P000094,4,477.6,109.09,1801.3100000000002
OI000006409,O002184,P000038,4,851.35,123.45,3281.9500000000003
OI000006410,O000791,P000122,7,1945.52,561.72,13056.92
OI000006411,O001410,P000683,10,84.74,10.5,836.9
OI000006412,O002076,P000439,5,501.44,15.08,2492.12
OI000006413,O002023,P000902,5,493.12,132.95,2332.65
OI000006414,O001181,P000187,1,362.53,101.17,261.35999999999996
OI000006415,O000526,P000623,5,5.35,0.97,25.78
OI000006416,O000423,P000410,10,1774.59,184.53,17561.37
OI000006417,O001796,P000797,3,1511.81,313.03,4222.400000000001
OI000006418,O000408,P000591,8,1452.79,36.67,11585.65
OI000006419,O002787,P000809,5,64.16,6.85,313.94999999999993
OI000006420,O001276,P000840,5,51.08,2.27,253.12999999999997
OI000006421,O000518,P000787,3,1652.19,386.85,4569.719999999999
OI000006422,O000230,P000534,4,1699.3,329.42,6467.78
OI000006423,O000694,P000927,4,1640.75,106.1,6456.9
OI000006424,O001721,P000461,2,92.03,12.26,171.8
OI000006425,O000389,P000788,7,1080.64,280.34,7284.14
OI000006426,O000196,P000947,2,737.22,143.87,1330.5700000000002
OI000006427,O002334,P000261,3,1772.1,207.81,5108.489999999999
OI000006428,O002519,P000806,9,271.25,15.21,2426.04
OI000006429,O000774,P000855,10,1185.68,205.81,11650.990000000002
OI000006430,O001933,P000953,2,452.68,96.7,808.66
OI000006431,O001006,P000154,4,378.8,18.5,1496.7
OI000006432,O002466,P000328,7,151.76,27.83,1034.49
OI000006433,O002605,P000414,10,131.02,14.16,1296.04
OI000006434,O001203,P000329,2,475.33,102.83,847.8299999999999
OI000006435,O001653,P000345,9,606.24,131.31,5324.849999999999
OI000006436,O000046,P000279,6,948.41,131.02,5559.44
OI000006437,O001464,P000305,2,37.98,10.25,65.71
OI000006438,O000322,P000963,7,344.78,22.19,2391.27
OI000006439,O000069,P000922,1,1803.24,369.13,1434.1100000000001
OI000006440,O002003,P000986,2,504.36,61.91,946.8100000000001
OI000006441,O002298,P000003,6,353.8,1.14,2121.6600000000003
OI000006442,O000218,P000932,2,848.21,54.79,1641.63
OI000006443,O000136,P000970,8,750.28,188.31,5813.929999999999
OI000006444,O000327,P000353,8,397.84,108.67,3074.0499999999997
OI000006445,O000174,P000651,3,799.02,177.43,2219.63
OI000006446,O002591,P000352,2,1426.45,377.67,2475.23
OI000006447,O000897,P000472,4,264.67,39.39,1019.2900000000001
OI000006448,O000730,P000054,9,1664.6,360.6,14620.8
OI000006449,O001690,P000719,2,1827.14,446.34,3207.94
OI000006450,O001919,P000755,1,439.64,27.32,412.32
OI000006451,O000410,P000966,5,951.42,14.2,4742.9
OI000006452,O002343,P000887,2,1876.63,541.41,3211.8500000000004
OI000006453,O002909,P000669,3,709.86,160.9,1968.6799999999998
OI000006454,O001181,P000056,9,1443.17,127.96,12860.570000000002
OI000006455,O002631,P000543,10,1560.53,283.41,15321.89
OI000006456,O001256,P000958,7,1533.89,352.74,10384.490000000002
OI000006457,O002095,P000103,4,35.47,6.16,135.72
OI000006458,O001940,P000410,9,1774.59,404.11,15567.199999999999
OI000006459,O001926,P000651,8,799.02,6.9,6385.26
OI000006460,O002604,P000915,3,788.11,40.02,2324.31
OI000006461,O002998,P000317,9,409.42,24.7,3660.0800000000004
OI000006462,O002158,P000777,5,1885.84,110.18,9319.019999999999
OI000006463,O000959,P000049,5,1839.93,105.2,9094.449999999999
OI000006464,O001287,P000057,10,965.3,10.92,9642.08
OI000006465,O002852,P000662,4,1396.89,89.2,5498.360000000001
OI000006466,O000397,P000691,1,1704.2,185.68,1518.52
OI000006467,O001079,P000524,2,705.15,29.6,1380.7
OI000006468,O001314,P000883,4,1104.69,123.07,4295.6900000000005
OI000006469,O002997,P000252,5,197.08,46.67,938.7300000000001
OI000006470,O002667,P000366,3,1714.09,0.65,5141.62
OI000006471,O002224,P000361,5,944.24,122.84,4598.36
OI000006472,O002061,P000041,9,834.66,215.9,7296.04
OI000006473,O002891,P000811,3,106.61,30.81,289.02
OI000006474,O000713,P000867,1,1286.29,140.1,1146.19
OI000006475,O002422,P000691,2,1704.2,285.89,3122.51
OI000006476,O002506,P000623,4,5.35,1.03,20.369999999999997
OI000006477,O000746,P000054,3,1664.6,311.77,4682.029999999999
OI000006478,O002912,P000614,2,1211.22,35.52,2386.92
OI000006479,O001301,P000595,2,1528.15,1.92,3054.38
OI000006480,O002855,P000522,3,939.16,92.91,2724.57
OI000006481,O000865,P000664,3,58.71,7.65,168.48
OI000006482,O001329,P000544,4,1583.93,321.55,6014.17
OI000006483,O002621,P000988,5,951.78,82.85,4676.049999999999
OI000006484,O000416,P000186,2,148.72,19.34,278.1
OI000006485,O000326,P000994,7,1250.17,26.42,8724.77
OI000006486,O002431,P000303,8,133.92,37.48,1033.8799999999999
OI000006487,O000954,P000352,7,1426.45,333.96,9651.19
OI000006488,O001425,P000667,5,301.01,73.17,1431.8799999999999
OI000006489,O001010,P000138,4,742.8,177.39,2793.81
OI000006490,O001602,P000871,9,26.45,3.77,234.27999999999997
OI000006491,O001037,P000039,9,998.6,293.72,8693.68
OI000006492,O001999,P000892,7,19.01,5.33,127.74000000000002
OI000006493,O000184,P000846,5,896.44,211.77,4270.43
OI000006494,O000400,P000652,2,1405.91,208.28,2603.54
OI000006495,O002516,P000040,9,556.9,26.06,4986.039999999999
OI000006496,O002357,P000373,7,947.7,40.56,6593.34
OI000006497,O000385,P000028,9,1328.0,284.98,11667.02
OI000006498,O000643,P000335,7,225.93,3.64,1577.87
OI000006499,O002411,P000508,10,882.84,188.04,8640.359999999999
OI000006500,O000216,P000896,3,61.98,10.83,175.10999999999999
OI000006501,O000017,P000172,4,598.48,133.06,2260.86
OI000006502,O001714,P000293,1,1434.85,368.5,1066.35
OI000006503,O001413,P000134,9,1280.87,46.38,11481.449999999999
OI000006504,O001064,P000246,9,818.96,46.89,7323.75
OI000006505,O002718,P000144,7,995.44,81.53,6886.55
OI000006506,O002263,P000637,8,816.43,168.71,6362.73
OI000006507,O000106,P000406,7,139.86,33.78,945.2400000000001
OI000006508,O001448,P000125,4,563.96,119.96,2135.88
OI000006509,O001308,P000910,5,360.6,31.56,1771.44
OI000006510,O002255,P000644,4,189.11,5.31,751.1300000000001
OI000006511,O001922,P000601,7,1881.3,392.89,12776.210000000001
OI000006512,O000667,P000793,4,299.32,41.82,1155.46
OI000006513,O001336,P000010,7,503.17,148.3,3373.89
OI000006514,O002174,P000096,7,372.33,36.17,2570.14
OI000006515,O002141,P000011,1,20.96,4.94,16.02
OI000006516,O002643,P000996,4,356.46,87.71,1338.1299999999999
OI000006517,O000359,P000587,10,896.13,197.05,8764.25
OI000006518,O002799,P000540,10,531.52,129.32,5185.88
OI000006519,O000264,P000605,7,1505.93,300.55,10240.960000000001
OI000006520,O002366,P000858,9,1053.91,198.17,9287.02
OI000006521,O001969,P000111,9,1817.6,36.96,16321.44
OI000006522,O002515,P000422,4,973.57,47.5,3846.78
OI000006523,O000732,P000045,10,1873.28,440.91,18291.89
OI000006524,O000134,P000793,9,299.32,30.23,2663.65
OI000006525,O002387,P000895,8,487.63,112.29,3788.75
OI000006526,O000813,P000349,9,245.34,4.08,2203.98
OI000006527,O000367,P000379,6,243.16,13.16,1445.8
OI000006528,O002295,P000098,7,1762.8,308.96,12030.640000000001
OI000006529,O001428,P000905,4,354.74,94.73,1324.23
OI000006530,O002374,P000840,7,51.08,11.12,346.44
OI000006531,O001173,P000024,10,66.96,6.15,663.4499999999999
OI000006532,O000465,P000526,8,461.38,35.23,3655.81
OI000006533,O000250,P000052,5,1644.34,120.95,8100.749999999999
OI000006534,O000826,P000813,2,156.58,20.22,292.94000000000005
OI000006535,O002668,P000366,5,1714.09,46.91,8523.539999999999
OI000006536,O001100,P000056,7,1443.17,237.06,9865.130000000001
OI000006537,O000452,P000535,8,691.04,100.9,5427.42
OI000006538,O002565,P000550,10,110.91,2.04,1107.06
OI000006539,O000612,P000333,10,1755.03,17.32,17532.98
OI000006540,O001681,P000477,6,192.02,51.99,1100.13
OI000006541,O000020,P000410,2,1774.59,78.69,3470.49
OI000006542,O001093,P000686,10,3.82,0.43,37.769999999999996
OI000006543,O002355,P000394,7,1813.72,37.56,12658.480000000001
OI000006544,O000688,P000338,2,402.46,67.98,736.9399999999999
OI000006545,O000424,P000854,7,270.75,32.22,1863.03
OI000006546,O000736,P000837,1,1155.87,141.35,1014.5199999999999
OI000006547,O000441,P000776,9,980.91,133.01,8695.18
OI000006548,O001394,P000965,4,549.05,105.75,2090.45
OI000006549,O001283,P000890,5,347.96,97.48,1642.32
OI000006550,O000430,P000401,3,531.37,109.21,1484.9
OI000006551,O000839,P000918,1,284.36,80.08,204.28000000000003
OI000006552,O001052,P000805,9,43.34,3.46,386.6000000000001
OI000006553,O001973,P000178,6,1190.26,245.87,6895.69
OI000006554,O001313,P000250,8,191.78,46.11,1488.13
OI000006555,O001409,P000674,2,1151.2,263.85,2038.5500000000002
OI000006556,O001444,P000081,8,113.79,13.92,896.4000000000001
OI000006557,O001845,P000794,3,415.67,86.09,1160.92
OI000006558,O001873,P000864,6,723.69,162.1,4180.04
OI000006559,O002206,P000930,1,1105.71,304.22,801.49
OI000006560,O001390,P000070,10,1035.7,257.66,10099.34
OI000006561,O002912,P000368,2,24.19,6.58,41.800000000000004
OI000006562,O000467,P000160,3,122.22,32.81,333.84999999999997
OI000006563,O002793,P000306,4,131.12,6.6,517.88
OI000006564,O001934,P000509,1,69.55,6.63,62.919999999999995
OI000006565,O001436,P000934,3,509.97,58.17,1471.74
OI000006566,O002888,P000363,5,284.75,7.05,1416.7
OI000006567,O001736,P000100,6,487.73,53.91,2872.4700000000003
OI000006568,O001233,P000223,10,1597.96,235.79,15743.81
OI000006569,O002180,P000317,7,409.42,40.36,2825.58
OI000006570,O001373,P000614,6,1211.22,69.08,7198.24
OI000006571,O000054,P000631,5,1717.28,503.39,8083.009999999999
OI000006572,O001428,P000405,10,316.12,64.72,3096.48
OI000006573,O000511,P000583,8,835.47,5.5,6678.26
OI000006574,O002173,P000230,4,626.37,76.14,2429.34
OI000006575,O001736,P000731,4,448.45,37.2,1756.6
OI000006576,O002705,P000010,3,503.17,57.5,1452.01
OI000006577,O001743,P000602,6,668.37,200.17,3810.05
OI000006578,O001641,P000872,5,1307.54,102.31,6435.389999999999
OI000006579,O000025,P000694,10,461.63,94.65,4521.650000000001
OI000006580,O001557,P000431,10,1519.75,252.81,14944.69
OI000006581,O000906,P000503,5,460.81,100.58,2203.4700000000003
OI000006582,O001291,P000303,1,133.92,0.05,133.86999999999998
OI000006583,O001941,P000217,6,1403.4,223.86,8196.54
OI000006584,O002767,P000116,10,623.48,85.51,6149.29
OI000006585,O000552,P000995,1,952.7,280.7,672.0
OI000006586,O002723,P000550,7,110.91,16.47,759.9
OI000006587,O002713,P000313,4,20.74,3.04,79.91999999999999
OI000006588,O001341,P000309,8,1158.95,266.69,9004.91
OI000006589,O002222,P000593,8,823.83,38.88,6551.76
OI000006590,O001470,P000370,10,1910.96,245.5,18864.1
OI000006591,O002796,P000903,7,1205.79,333.98,8106.549999999999
OI000006592,O000766,P000052,1,1644.34,441.32,1203.02
OI000006593,O001482,P000298,10,1178.18,287.87,11493.93
OI000006594,O001301,P000597,5,1891.26,329.95,9126.349999999999
OI000006595,O000743,P000251,4,253.9,3.37,1012.23
OI000006596,O002853,P000176,4,1380.48,262.56,5259.36
OI000006597,O002572,P000264,8,336.58,5.76,2686.8799999999997
OI000006598,O000795,P000952,8,1174.25,109.65,9284.35
OI000006599,O002332,P000502,3,1021.62,148.92,2915.94
OI000006600,O002975,P000304,5,1518.34,369.29,7222.41
OI000006601,O002833,P000159,1,761.6,32.66,728.94
OI000006602,O000867,P000208,7,877.76,91.55,6052.7699999999995
OI000006603,O001924,P000566,10,1883.35,363.69,18469.81
OI000006604,O001423,P000082,9,384.31,96.8,3361.99
OI000006605,O000450,P000147,10,45.28,9.19,443.61
OI000006606,O001224,P000444,6,777.75,156.62,4509.88
OI000006607,O001084,P000993,10,827.63,70.46,8205.84
OI000006608,O002050,P000128,10,538.17,58.22,5323.48
OI000006609,O000333,P000372,8,1047.95,94.29,8289.31
OI000006610,O002981,P000460,6,1891.62,122.78,11226.939999999999
OI000006611,O002175,P000850,1,672.56,132.46,540.0999999999999
OI000006612,O002742,P000112,7,1915.88,553.12,12858.039999999999
OI000006613,O001734,P000684,7,1874.6,183.79,12938.409999999998
OI000006614,O001930,P000796,9,609.16,174.96,5307.48
OI000006615,O001769,P000489,7,1314.0,275.5,8922.5
OI000006616,O002143,P000115,7,37.57,4.69,258.3
OI000006617,O000668,P000891,8,1668.5,364.14,12983.86
OI000006618,O001892,P000589,5,286.46,6.92,1425.3799999999999
OI000006619,O000630,P000739,3,172.97,1.84,517.0699999999999
OI000006620,O002776,P000784,5,157.64,38.34,749.8599999999999
OI000006621,O001638,P000344,1,217.3,6.27,211.03
OI000006622,O001198,P000363,10,284.75,1.15,2846.35
OI000006623,O000580,P000291,8,1717.2,253.03,13484.57
OI000006624,O002647,P000336,1,1022.87,165.78,857.09
OI000006625,O000104,P000669,9,709.86,158.46,6230.28
OI000006626,O000770,P000897,5,1561.8,205.58,7603.42
OI000006627,O000464,P000968,3,506.73,88.32,1431.8700000000001
OI000006628,O002172,P000495,9,299.25,7.33,2685.92
OI000006629,O002741,P000321,9,56.76,8.41,502.42999999999995
OI000006630,O001623,P000992,9,135.46,31.83,1187.3100000000002
OI000006631,O001577,P000832,1,197.18,1.31,195.87
OI000006632,O001665,P000058,8,1167.45,144.19,9195.41
OI000006633,O002752,P000995,7,952.7,268.45,6400.450000000001
OI000006634,O000123,P000234,10,1658.18,144.58,16437.219999999998
OI000006635,O002866,P000332,3,1943.63,401.55,5429.34
OI000006636,O002959,P000170,2,808.52,100.95,1516.09
OI000006637,O001673,P000425,1,416.72,4.71,412.01000000000005
OI000006638,O000329,P000824,10,1754.59,190.72,17355.179999999997
OI000006639,O000032,P000338,3,402.46,41.1,1166.28
OI000006640,O002485,P000436,10,1726.17,134.79,17126.91
OI000006641,O000577,P000825,7,1816.12,525.73,12187.11
OI000006642,O001139,P000627,2,62.03,4.21,119.85000000000001
OI000006643,O002061,P000052,10,1644.34,324.89,16118.509999999998
OI000006644,O002665,P000428,8,745.37,39.7,5923.26
OI000006645,O001651,P000340,10,338.38,84.57,3299.23
OI000006646,O000349,P000034,1,1185.61,40.23,1145.3799999999999
OI000006647,O002266,P000217,5,1403.4,339.3,6677.7
OI000006648,O002795,P000551,2,151.2,14.51,287.89
OI000006649,O001147,P000815,9,15.61,3.63,136.86
OI000006650,O000462,P000508,4,882.84,216.53,3314.83
OI000006651,O000739,P000598,2,649.92,138.78,1161.06
OI000006652,O002728,P000367,9,256.53,47.25,2261.5199999999995
OI000006653,O001571,P000086,4,596.33,75.4,2309.92
OI000006654,O000189,P000958,3,1533.89,262.5,4339.17
OI000006655,O000310,P000869,4,279.78,4.79,1114.33
OI000006656,O002775,P000605,7,1505.93,203.37,10338.14
OI000006657,O002572,P000300,4,47.94,1.26,190.5
OI000006658,O001859,P000930,3,1105.71,204.55,3112.58
OI000006659,O000389,P000832,9,197.18,44.98,1729.64
OI000006660,O001975,P000020,8,628.21,150.32,4875.360000000001
OI000006661,O000293,P000524,8,705.15,11.15,5630.05
OI000006662,O000411,P000051,1,805.96,63.31,742.6500000000001
OI000006663,O000188,P000654,10,755.13,86.23,7465.070000000001
OI000006664,O000462,P000936,9,585.84,96.4,5176.160000000001
OI000006665,O000478,P000331,6,1444.86,128.71,8540.45
OI000006666,O002810,P000081,2,113.79,3.09,224.49
OI000006667,O001786,P000517,1,255.91,43.36,212.55
OI000006668,O000813,P000076,4,1993.18,150.77,7821.95
OI000006669,O000491,P000914,5,1300.83,116.93,6387.219999999999
OI000006670,O002854,P000109,3,91.86,22.16,253.42
OI000006671,O001385,P000719,6,1827.14,224.31,10738.53
OI000006672,O002749,P000049,9,1839.93,308.2,16251.169999999998
OI000006673,O001385,P000016,7,839.54,72.62,5804.16
OI000006674,O001483,P000825,7,1816.12,542.38,12170.460000000001
OI000006675,O001595,P000169,5,582.43,113.18,2798.97
OI000006676,O000401,P000940,3,122.74,8.92,359.29999999999995
OI000006677,O000893,P000662,6,1396.89,400.59,7980.75
OI000006678,O001893,P000657,2,128.07,36.85,219.29
OI000006679,O001163,P000118,9,1067.21,153.15,9451.74
OI000006680,O001601,P000058,1,1167.45,220.1,947.35
OI000006681,O002836,P000296,10,742.88,173.72,7255.08
OI000006682,O002509,P000892,6,19.01,2.31,111.75
OI000006683,O000279,P000770,1,1272.05,185.89,1086.1599999999999
OI000006684,O002369,P000144,10,995.44,160.75,9793.650000000001
OI000006685,O002589,P000983,4,813.84,94.26,3161.1
OI000006686,O000604,P000452,4,117.57,13.01,457.27
OI000006687,O001598,P000900,8,1752.18,135.78,13881.66
OI000006688,O001101,P000407,8,1856.65,488.85,14364.35
OI000006689,O001753,P000482,6,720.13,198.33,4122.45
OI000006690,O000915,P000370,1,1910.96,264.61,1646.35
OI000006691,O002854,P000073,2,18.7,2.73,34.67
OI000006692,O001866,P000991,8,859.29,254.51,6619.8099999999995
OI000006693,O002122,P000281,2,1799.35,87.15,3511.5499999999997
OI000006694,O000999,P000909,9,679.7,185.69,5931.610000000001
OI000006695,O000493,P000480,10,694.35,152.56,6790.94
OI000006696,O000976,P000125,7,563.96,51.33,3896.3900000000003
OI000006697,O000270,P000625,6,226.17,51.59,1305.43
OI000006698,O000752,P000272,4,1893.6,231.22,7343.179999999999
OI000006699,O002428,P000104,4,373.15,100.11,1392.49
OI000006700,O000138,P000564,9,1904.75,96.36,17046.39
OI000006701,O002356,P000245,4,430.92,17.64,1706.04
OI000006702,O002772,P000940,8,122.74,14.65,967.27
OI000006703,O000803,P000472,8,264.67,17.58,2099.78
OI000006704,O001015,P000252,4,197.08,28.79,759.5300000000001
OI000006705,O001082,P000496,2,1057.48,13.04,2101.92
OI000006706,O000415,P000517,9,255.91,10.46,2292.73
OI000006707,O002366,P000161,8,273.91,24.43,2166.8500000000004
OI000006708,O001395,P000568,9,953.56,193.37,8388.669999999998
OI000006709,O000363,P000636,7,269.04,3.23,1880.0500000000002
OI000006710,O000460,P000371,1,438.52,106.14,332.38
OI000006711,O001578,P000353,8,397.84,42.8,3139.9199999999996
OI000006712,O000145,P000949,10,419.56,61.33,4134.27
OI000006713,O000444,P000607,10,1009.71,35.3,10061.800000000001
OI000006714,O002482,P000800,8,1455.26,262.55,11379.53
OI000006715,O002745,P000080,1,1094.09,84.24,1009.8499999999999
OI000006716,O002543,P000592,9,371.17,107.19,3233.34
OI000006717,O000503,P000049,9,1839.93,241.58,16317.789999999999
OI000006718,O001720,P000441,5,1536.52,77.89,7604.71
OI000006719,O002106,P000093,7,1669.16,405.06,11279.060000000001
OI000006720,O000257,P000215,7,1358.6,288.85,9221.349999999999
OI000006721,O002707,P000075,10,1725.0,65.59,17184.41
OI000006722,O000720,P000943,9,1140.36,231.41,10031.83
OI000006723,O000087,P000680,6,962.16,246.99,5525.97
OI000006724,O002323,P000178,10,1190.26,244.95,11657.65
OI000006725,O000083,P000940,3,122.74,29.08,339.14
OI000006726,O000716,P000237,10,1622.17,272.72,15948.980000000001
OI000006727,O002019,P000686,6,3.82,0.84,22.08
OI000006728,O001780,P000773,4,929.87,230.52,3488.96
OI000006729,O002385,P000560,10,120.18,30.26,1171.5400000000002
OI000006730,O000744,P000592,3,371.17,68.98,1044.53
OI000006731,O001850,P000775,6,1026.72,23.22,6137.099999999999
OI000006732,O001089,P000585,6,1330.02,31.47,7948.65
OI000006733,O000063,P000035,8,611.08,135.82,4752.820000000001
OI000006734,O000552,P000850,5,672.56,180.16,3182.64
OI000006735,O002121,P000783,7,1511.59,72.13,10509.0
OI000006736,O002862,P000386,8,242.92,53.06,1890.3
OI000006737,O000050,P000007,8,405.69,9.01,3236.5099999999998
OI000006738,O000195,P000825,5,1816.12,488.6,8591.999999999998
OI000006739,O000024,P000262,3,736.56,29.09,2180.5899999999997
OI000006740,O001355,P000237,7,1622.17,136.75,11218.44
OI000006741,O001806,P000247,6,1979.0,149.3,11724.7
OI000006742,O000787,P000752,3,1858.86,34.9,5541.68
OI000006743,O002656,P000210,6,849.87,234.02,4865.2
OI000006744,O002921,P000285,3,124.41,3.35,369.88
OI000006745,O002292,P000289,3,1937.94,400.87,5412.95
OI000006746,O002188,P000108,2,122.16,7.34,236.98
OI000006747,O000677,P000527,6,344.0,66.82,1997.18
OI000006748,O002461,P000219,5,982.72,291.13,4622.47
OI000006749,O002063,P000699,10,197.26,15.79,1956.81
OI000006750,O000511,P000587,4,896.13,27.62,3556.9
OI000006751,O001031,P000611,5,512.0,67.31,2492.69
OI000006752,O002050,P000413,1,999.73,260.5,739.23
OI000006753,O002808,P000920,7,477.7,35.24,3308.6600000000003
OI000006754,O002322,P000231,10,1513.28,380.92,14751.88
OI000006755,O000275,P000204,1,375.65,72.26,303.39
OI000006756,O002808,P000417,4,460.04,112.43,1727.73
OI000006757,O002159,P000913,5,1745.3,54.52,8671.98
OI000006758,O002886,P000149,10,21.16,6.33,205.26999999999998
OI000006759,O002234,P000723,9,1384.13,338.78,12118.390000000001
OI000006760,O001157,P000612,10,120.35,16.5,1187.0
OI000006761,O000396,P000093,10,1669.16,350.03,16341.570000000002
OI000006762,O001441,P000827,6,326.87,78.29,1882.93
OI000006763,O000808,P000828,3,1077.5,172.06,3060.44
OI000006764,O002726,P000436,8,1726.17,474.62,13334.74
OI000006765,O000161,P000259,2,1864.34,403.3,3325.3799999999997
OI000006766,O001470,P000452,8,117.57,10.46,930.0999999999999
OI000006767,O002747,P000693,3,748.02,147.3,2096.7599999999998
OI000006768,O000125,P000911,4,1740.99,467.18,6496.78
OI000006769,O002764,P000037,1,1590.88,100.18,1490.7
OI000006770,O001250,P000604,7,1937.68,85.33,13478.43
OI000006771,O000922,P000399,4,441.58,0.6,1765.72
OI000006772,O000942,P000119,1,1333.68,153.08,1180.6000000000001
OI000006773,O000339,P000554,8,1891.17,500.48,14628.880000000001
OI000006774,O002032,P000858,2,1053.91,134.14,1973.6800000000003
OI000006775,O000574,P000603,9,1296.91,285.44,11386.75
OI000006776,O001746,P000764,4,71.15,17.0,267.6
OI000006777,O002763,P000949,3,419.56,108.45,1150.23
OI000006778,O001476,P000255,4,1148.08,223.07,4369.25
OI000006779,O002313,P000507,2,1029.09,111.37,1946.81
OI000006780,O001529,P000737,7,482.37,47.78,3328.81
OI000006781,O002235,P000293,4,1434.85,16.91,5722.49
OI000006782,O000166,P000237,7,1622.17,372.73,10982.460000000001
OI000006783,O001446,P000537,2,1276.32,154.2,2398.44
OI000006784,O001657,P000182,2,1372.23,399.64,2344.82
OI000006785,O001537,P000426,4,462.37,99.38,1750.1
OI000006786,O001092,P000821,10,1723.72,169.38,17067.82
OI000006787,O002744,P000388,1,833.48,96.19,737.29
OI000006788,O000853,P000866,5,920.6,78.52,4524.48
OI000006789,O001738,P000645,8,1972.5,377.6,15402.4
OI000006790,O001982,P000542,8,1424.41,102.79,11292.49
OI000006791,O002053,P000809,4,64.16,16.61,240.02999999999997
OI000006792,O002283,P000837,7,1155.87,91.85,7999.239999999999
OI000006793,O000123,P000158,5,1994.69,568.53,9404.92
OI000006794,O002240,P000185,10,643.85,159.53,6278.97
OI000006795,O002377,P000465,7,890.88,222.42,6013.74
OI000006796,O001702,P000056,4,1443.17,8.72,5763.96
OI000006797,O000668,P000529,2,923.0,256.02,1589.98
OI000006798,O000256,P000842,5,191.61,4.63,953.4200000000001
OI000006799,O000544,P000407,4,1856.65,91.78,7334.820000000001
OI000006800,O000914,P000849,8,1059.2,97.88,8375.720000000001
OI000006801,O002552,P000869,2,279.78,59.67,499.88999999999993
OI000006802,O001250,P000090,7,911.3,170.43,6208.669999999999
OI000006803,O001932,P000411,9,798.36,21.11,7164.13
OI000006804,O000878,P000824,8,1754.59,282.62,13754.099999999999
OI000006805,O002002,P000870,1,1323.98,332.64,991.34
OI000006806,O001549,P000972,6,1944.33,556.82,11109.16
OI000006807,O000947,P000079,8,475.92,79.05,3728.31
OI000006808,O000937,P000546,10,1154.69,346.09,11200.810000000001
OI000006809,O001786,P000504,8,1701.63,482.37,13130.67
OI000006810,O000102,P000284,3,313.06,38.85,900.33
OI000006811,O002871,P000640,10,389.41,54.77,3839.3300000000004
OI000006812,O001355,P000417,2,460.04,17.93,902.1500000000001
OI000006813,O001342,P000768,8,552.93,71.14,4352.299999999999
OI000006814,O002909,P000376,5,1068.19,235.4,5105.550000000001
OI000006815,O000642,P000822,6,533.63,136.22,3065.56
OI000006816,O001968,P000577,8,18.66,4.75,144.53
OI000006817,O002744,P000425,2,416.72,25.15,808.2900000000001
OI000006818,O002807,P000455,10,432.41,100.15,4223.950000000001
OI000006819,O001130,P000082,6,384.31,11.94,2293.92
OI000006820,O000339,P000621,9,620.9,74.39,5513.709999999999
OI000006821,O000026,P000390,9,758.72,196.27,6632.21
OI000006822,O002262,P000802,9,1573.02,216.64,13940.54
OI000006823,O000999,P000792,9,108.82,3.38,975.9999999999999
OI000006824,O002191,P000364,1,622.58,100.64,521.94
OI000006825,O001334,P000190,7,560.65,39.3,3885.2499999999995
OI000006826,O001434,P000239,2,1699.59,251.88,3147.2999999999997
OI000006827,O001286,P000184,6,127.09,6.0,756.54
OI000006828,O002662,P000802,8,1573.02,317.82,12266.34
OI000006829,O001464,P000647,9,753.4,95.37,6685.23
OI000006830,O001734,P000736,2,365.23,71.73,658.73
OI000006831,O002665,P000997,9,1002.0,283.62,8734.38
OI000006832,O001724,P000386,10,242.92,48.21,2380.99
OI000006833,O002643,P000155,3,1456.93,299.89,4070.9
OI000006834,O001219,P000372,1,1047.95,124.95,923.0
OI000006835,O002080,P000120,8,18.57,4.96,143.6
OI000006836,O000688,P000115,9,37.57,3.01,335.12
OI000006837,O001460,P000682,4,1446.05,15.19,5769.01
OI000006838,O002874,P000077,2,118.6,9.12,228.07999999999998
OI000006839,O001924,P000343,9,1869.22,241.66,16581.32
OI000006840,O002930,P000420,8,1735.81,404.26,13482.22
OI000006841,O002364,P000667,6,301.01,45.58,1760.48
OI000006842,O002862,P000453,3,167.58,8.93,493.81
OI000006843,O001571,P000469,2,927.16,182.0,1672.32
OI000006844,O000641,P000684,1,1874.6,501.61,1372.9899999999998
OI000006845,O002558,P000622,9,371.41,12.09,3330.6
OI000006846,O000278,P000142,2,1364.85,99.34,2630.3599999999997
OI000006847,O000563,P000278,9,315.76,42.76,2799.08
OI000006848,O000640,P000374,6,500.89,61.09,2944.25
OI000006849,O000636,P000073,3,18.7,0.59,55.50999999999999
OI000006850,O000116,P000414,8,131.02,23.27,1024.89
OI000006851,O001995,P000886,5,714.21,184.52,3386.53
OI000006852,O002980,P000410,2,1774.59,349.0,3200.18
OI000006853,O001906,P000389,3,639.01,35.55,1881.48
OI000006854,O002240,P000217,6,1403.4,26.12,8394.28
OI000006855,O000143,P000957,9,1937.89,314.69,17126.320000000003
OI000006856,O002943,P000682,6,1446.05,237.25,8439.05
OI000006857,O002120,P000117,5,278.66,5.29,1388.0100000000002
OI000006858,O001622,P000735,10,1898.21,403.9,18578.199999999997
OI000006859,O002567,P000314,10,1319.43,224.66,12969.640000000001
OI000006860,O002445,P000650,3,330.37,42.44,948.6700000000001
OI000006861,O000153,P000723,8,1384.13,314.98,10758.060000000001
OI000006862,O000208,P000648,3,1706.26,316.37,4802.41
OI000006863,O002876,P000130,6,21.09,5.88,120.66
OI000006864,O000610,P000955,4,1153.35,91.7,4521.7
OI000006865,O002762,P000069,8,810.99,89.42,6398.5
OI000006866,O001432,P000761,10,198.42,41.35,1942.85
OI000006867,O001270,P000683,7,84.74,4.23,588.9499999999999
OI000006868,O001513,P000685,1,1730.91,345.99,1384.92
OI000006869,O002963,P000129,3,1756.87,462.31,4808.299999999999
OI000006870,O001191,P000164,9,1534.92,286.69,13527.59
OI000006871,O000997,P000452,9,117.57,0.98,1057.1499999999999
OI000006872,O002609,P000284,6,313.06,64.31,1814.0500000000002
OI000006873,O001687,P000565,9,684.28,94.18,6064.339999999999
OI000006874,O002381,P000975,10,197.12,13.21,1957.99
OI000006875,O000902,P000586,1,33.73,5.44,28.289999999999996
OI000006876,O001265,P000102,7,44.65,13.02,299.53000000000003
OI000006877,O001259,P000451,1,1164.33,46.95,1117.3799999999999
OI000006878,O002101,P000002,9,1734.43,376.04,15233.83
OI000006879,O000296,P000878,8,1375.57,113.16,10891.4
OI000006880,O002738,P000025,7,206.32,32.8,1411.44
OI000006881,O001932,P000634,10,1987.65,202.46,19674.04
OI000006882,O001138,P000376,2,1068.19,203.16,1933.22
OI000006883,O001556,P000961,4,260.86,15.71,1027.73
OI000006884,O001558,P000137,6,1305.73,182.68,7651.7
OI000006885,O000716,P000371,5,438.52,110.6,2082.0
OI000006886,O002624,P000186,2,148.72,3.22,294.21999999999997
OI000006887,O001745,P000008,1,1423.64,295.03,1128.6100000000001
OI000006888,O002826,P000671,7,301.49,4.01,2106.42
OI000006889,O002295,P000188,4,1044.04,288.7,3887.46
OI000006890,O001713,P000313,4,20.74,4.76,78.19999999999999
OI000006891,O002529,P000858,8,1053.91,265.95,8165.330000000001
OI000006892,O000558,P000905,4,354.74,103.7,1315.26
OI000006893,O002391,P000242,9,97.78,8.03,871.99
OI000006894,O001132,P000600,7,1070.06,235.16,7255.26
OI000006895,O002063,P000109,7,91.86,20.27,622.75
OI000006896,O000688,P000812,8,1705.52,506.85,13137.31
OI000006897,O001207,P000004,8,971.97,67.38,7708.38
OI000006898,O002540,P000372,4,1047.95,55.19,4136.610000000001
OI000006899,O001771,P000501,10,178.2,34.32,1747.68
OI000006900,O001398,P000113,10,1736.82,2.75,17365.45
OI000006901,O001974,P000064,1,1406.61,214.28,1192.33
OI000006902,O002840,P000700,7,1213.44,330.99,8163.09
OI000006903,O000955,P000106,9,654.84,185.76,5707.8
OI000006904,O000999,P000496,9,1057.48,76.6,9440.72
OI000006905,O000330,P000483,5,779.77,225.67,3673.18
OI000006906,O002487,P000485,2,941.85,106.82,1776.88
OI000006907,O001694,P000616,1,1001.09,280.24,720.85
OI000006908,O000363,P000728,6,1285.83,350.81,7364.169999999999
OI000006909,O000394,P000361,10,944.24,223.79,9218.609999999999
OI000006910,O000732,P000763,6,1986.37,216.48,11701.74
OI000006911,O000766,P000441,6,1536.52,251.56,8967.56
OI000006912,O001974,P000123,1,1233.06,167.39,1065.67
OI000006913,O000958,P000934,2,509.97,84.08,935.86
OI000006914,O001081,P000873,1,646.85,92.93,553.9200000000001
OI000006915,O001766,P000493,5,1855.43,471.45,8805.699999999999
OI000006916,O000810,P000892,5,19.01,0.34,94.71000000000001
OI000006917,O002491,P000661,3,499.43,98.77,1399.52
OI000006918,O002729,P000903,6,1205.79,305.14,6929.599999999999
OI000006919,O001590,P000797,6,1511.81,99.72,8971.140000000001
OI000006920,O001537,P000141,3,1728.79,59.58,5126.79
OI000006921,O001761,P000150,4,1591.64,452.02,5914.540000000001
OI000006922,O002792,P000406,6,139.86,32.93,806.2300000000001
OI000006923,O001246,P000656,2,1844.7,377.93,3311.4700000000003
OI000006924,O002713,P000841,1,214.82,20.09,194.73
OI000006925,O000732,P000010,8,503.17,75.58,3949.78
OI000006926,O000845,P000895,5,487.63,106.41,2331.7400000000002
OI000006927,O000118,P000841,7,214.82,55.54,1448.2
OI000006928,O000491,P000339,3,780.43,8.3,2332.99
OI000006929,O000336,P000898,10,86.67,24.3,842.4000000000001
OI000006930,O000500,P000094,4,477.6,84.91,1825.49
OI000006931,O001324,P000365,4,47.53,2.82,187.3
OI000006932,O000450,P000607,2,1009.71,290.03,1729.39
OI000006933,O002081,P000653,10,140.61,37.28,1368.8200000000002
OI000006934,O002447,P000763,7,1986.37,447.98,13456.61
OI000006935,O000636,P000927,3,1640.75,196.04,4726.21
OI000006936,O000434,P000444,6,777.75,174.12,4492.38
OI000006937,O002354,P000170,7,808.52,159.85,5499.789999999999
OI000006938,O000490,P000806,1,271.25,75.61,195.64
OI000006939,O001334,P000665,4,1713.81,476.81,6378.429999999999
OI000006940,O002053,P000197,9,374.57,95.23,3275.9
OI000006941,O002882,P000506,4,281.96,74.07,1053.77
OI000006942,O002022,P000731,3,448.45,19.7,1325.6499999999999
OI000006943,O000824,P000482,2,720.13,194.87,1245.3899999999999
OI000006944,O002371,P000155,1,1456.93,139.31,1317.6200000000001
OI000006945,O000536,P000908,9,336.6,90.36,2939.04
OI000006946,O002469,P000304,7,1518.34,450.69,10177.689999999999
OI000006947,O001653,P000088,3,316.13,13.76,934.63
OI000006948,O001153,P000402,6,1679.86,207.37,9871.789999999999
OI000006949,O001463,P000848,10,1568.72,147.85,15539.35
OI000006950,O001028,P000749,2,193.78,53.57,333.99
OI000006951,O002986,P000485,10,941.85,9.46,9409.04
OI000006952,O000402,P000381,1,539.13,138.35,400.78
OI000006953,O002771,P000126,4,602.62,144.77,2265.71
OI000006954,O002326,P000909,3,679.7,52.76,1986.3400000000001
OI000006955,O002697,P000115,1,37.57,1.13,36.44
OI000006956,O001020,P000923,7,286.61,42.74,1963.53
OI000006957,O000562,P000612,1,120.35,19.97,100.38
OI000006958,O001379,P000629,5,1677.51,288.46,8099.089999999999
OI000006959,O001435,P000785,8,188.57,29.04,1479.52
OI000006960,O000107,P000401,3,531.37,73.15,1520.96
OI000006961,O000625,P000231,1,1513.28,248.58,1264.7
OI000006962,O002098,P000189,4,1389.24,210.37,5346.59
OI000006963,O001439,P000701,2,847.69,168.01,1527.3700000000001
OI000006964,O002464,P000975,6,197.12,36.2,1146.52
OI000006965,O002802,P000882,1,540.45,42.38,498.07000000000005
OI000006966,O000879,P000524,4,705.15,79.37,2741.23
OI000006967,O002852,P000225,10,810.98,220.37,7889.43
OI000006968,O002068,P000094,7,477.6,75.55,3267.65
OI000006969,O000320,P000485,2,941.85,83.94,1799.76
OI000006970,O001186,P000638,9,303.17,82.93,2645.6000000000004
OI000006971,O000248,P000694,2,461.63,116.54,806.72
OI000006972,O001935,P000987,2,665.36,68.53,1262.19
OI000006973,O001917,P000836,2,1875.69,203.66,3547.7200000000003
OI000006974,O002900,P000727,10,692.57,123.83,6801.870000000001
OI000006975,O000647,P000469,8,927.16,184.7,7232.58
OI000006976,O000730,P000145,2,2.73,0.65,4.81
OI000006977,O002527,P000619,6,1009.05,193.16,5861.139999999999
OI000006978,O002498,P000728,9,1285.83,165.42,11407.05
OI000006979,O000560,P000050,7,563.1,26.22,3915.4800000000005
OI000006980,O002150,P000217,6,1403.4,316.24,8104.160000000002
OI000006981,O001493,P000692,5,1094.93,119.54,5355.110000000001
OI000006982,O002768,P000707,2,1431.91,140.94,2722.88
OI000006983,O001498,P000078,3,1648.51,93.78,4851.75
OI000006984,O002905,P000655,4,107.05,13.86,414.34
OI000006985,O002473,P000177,5,256.27,9.68,1271.6699999999998
OI000006986,O002052,P000269,4,976.7,288.11,3618.69
OI000006987,O002692,P000320,9,1011.98,131.12,8976.699999999999
OI000006988,O002774,P000968,8,506.73,140.53,3913.31
OI000006989,O002853,P000274,8,58.35,10.58,456.22
OI000006990,O002468,P000544,3,1583.93,36.35,4715.44
OI000006991,O000365,P000416,9,1137.53,31.13,10206.640000000001
OI000006992,O002454,P000632,9,782.75,170.93,6873.82
OI000006993,O002835,P000933,9,1264.94,138.01,11246.45
OI000006994,O002173,P000657,5,128.07,21.99,618.3599999999999
OI000006995,O001206,P000336,6,1022.87,181.97,5955.25
OI000006996,O001604,P000561,2,867.09,106.87,1627.31
OI000006997,O000249,P000354,6,770.78,223.7,4400.9800000000005
OI000006998,O001780,P000200,10,1368.99,57.19,13632.71
OI000006999,O001192,P000191,5,1898.07,339.96,9150.390000000001
OI000007000,O000552,P000931,5,128.64,37.74,605.4599999999999
OI000007001,O001885,P000498,1,1597.19,189.32,1407.8700000000001
OI000007002,O000754,P000895,4,487.63,99.35,1851.17
OI000007003,O000703,P000678,6,144.37,40.84,825.38
OI000007004,O001989,P000073,5,18.7,4.61,88.89
OI000007005,O001417,P000056,6,1443.17,432.12,8226.9
OI000007006,O001366,P000084,2,398.93,19.57,778.29
OI000007007,O001913,P000369,6,1463.28,341.18,8438.5
OI000007008,O000613,P000716,2,223.06,5.91,440.21
OI000007009,O000533,P000670,5,937.31,84.85,4601.699999999999
OI000007010,O002709,P000993,3,827.63,154.41,2328.48
OI000007011,O002848,P000846,9,896.44,119.8,7948.160000000001
OI000007012,O001829,P000582,1,982.67,291.88,690.79
OI000007013,O002457,P000631,5,1717.28,481.15,8105.25
OI000007014,O000332,P000855,10,1185.68,183.04,11673.76
OI000007015,O001476,P000846,8,896.44,132.68,7038.84
OI000007016,O001576,P000487,2,1467.14,94.06,2840.2200000000003
OI000007017,O000106,P000212,10,1355.24,55.44,13496.96
OI000007018,O001233,P000260,3,1962.91,539.54,5349.1900000000005
OI000007019,O001301,P000730,6,1322.13,179.79,7752.990000000001
OI000007020,O000754,P000997,8,1002.0,231.36,7784.64
OI000007021,O001780,P000157,6,1411.2,99.69,8367.51
OI000007022,O000955,P000318,5,1732.19,327.33,8333.62
OI000007023,O000069,P000942,10,846.42,219.8,8244.4
OI000007024,O001564,P000945,3,1287.86,284.41,3579.17
OI000007025,O001608,P000261,3,1772.1,282.15,5034.15
OI000007026,O000872,P000736,10,365.23,36.63,3615.67
OI000007027,O001622,P000665,7,1713.81,401.32,11595.35
OI000007028,O001200,P000934,2,509.97,138.29,881.6500000000001
OI000007029,O002173,P000901,2,49.1,14.23,83.97
OI000007030,O000226,P000499,1,253.05,16.86,236.19
OI000007031,O001397,P000606,8,365.97,70.34,2857.42
OI000007032,O002749,P000453,6,167.58,23.38,982.1
OI000007033,O001143,P000473,6,1794.25,109.18,10656.32
OI000007034,O000269,P000934,10,509.97,7.35,5092.35
OI000007035,O002599,P000221,7,829.56,13.28,5793.64
OI000007036,O001845,P000908,10,336.6,50.0,3316.0
OI000007037,O002290,P000280,2,896.18,118.85,1673.51
OI000007038,O002799,P000566,5,1883.35,412.38,9004.37
OI000007039,O002630,P000669,2,709.86,136.41,1283.31
OI000007040,O002306,P000395,2,288.86,66.7,511.02000000000004
OI000007041,O001695,P000202,4,1657.89,275.27,6356.290000000001
OI000007042,O002884,P000995,2,952.7,87.48,1817.92
OI000007043,O000039,P000254,5,972.14,186.3,4674.4
OI000007044,O001178,P000422,2,973.57,200.83,1746.3100000000002
OI000007045,O002048,P000178,10,1190.26,254.35,11648.25
OI000007046,O002729,P000613,6,405.81,85.89,2348.9700000000003
OI000007047,O000887,P000902,5,493.12,92.41,2373.19
OI000007048,O002173,P000445,2,15.37,2.63,28.11
OI000007049,O002497,P000256,8,91.68,26.94,706.5
OI000007050,O002626,P000061,5,1202.79,94.99,5918.96
OI000007051,O000166,P000160,2,122.22,21.15,223.29
OI000007052,O000293,P000012,7,127.53,2.15,890.5600000000001
OI000007053,O002037,P000198,1,1826.72,424.46,1402.26
OI000007054,O001149,P000720,5,121.26,2.34,603.96
OI000007055,O002715,P000352,4,1426.45,307.53,5398.27
OI000007056,O002105,P000296,9,742.88,194.16,6491.76
OI000007057,O000661,P000140,9,982.04,245.65,8592.710000000001
OI000007058,O001628,P000976,1,1278.46,139.39,1139.0700000000002
OI000007059,O002328,P000793,5,299.32,9.8,1486.8
OI000007060,O001800,P000113,2,1736.82,416.2,3057.44
OI000007061,O001464,P000851,2,213.39,28.39,398.39
OI000007062,O001571,P000321,2,56.76,5.2,108.32
OI000007063,O000802,P000246,10,818.96,240.31,7949.29
OI000007064,O001956,P000476,8,119.95,20.94,938.66
OI000007065,O002560,P000116,3,623.48,167.72,1702.72
OI000007066,O001042,P000221,3,829.56,146.97,2341.71
OI000007067,O001091,P000840,3,51.08,1.33,151.91
OI000007068,O000377,P000064,5,1406.61,6.2,7026.849999999999
OI000007069,O002561,P000913,9,1745.3,297.94,15409.759999999998
OI000007070,O001095,P000603,10,1296.91,314.28,12654.82
OI000007071,O001505,P000311,3,1032.71,96.12,3002.01
OI000007072,O000455,P000196,9,232.25,0.12,2090.13
OI000007073,O002564,P000027,10,541.67,138.51,5278.19
OI000007074,O001929,P000760,6,1031.49,107.75,6081.1900000000005
OI000007075,O002353,P000509,7,69.55,13.57,473.28
OI000007076,O002231,P000095,6,1267.28,250.83,7352.85
OI000007077,O000116,P000934,4,509.97,79.27,1960.6100000000001
OI000007078,O001579,P000643,9,1834.47,181.71,16328.52
OI000007079,O002062,P000245,8,430.92,78.49,3368.8700000000003
OI000007080,O000980,P000062,4,512.56,68.4,1981.8399999999997
OI000007081,O002180,P000337,10,794.19,77.42,7864.4800000000005
OI000007082,O001116,P000576,2,1838.36,363.32,3313.3999999999996
OI000007083,O000040,P000734,4,155.02,24.48,595.6
OI000007084,O003000,P000535,10,691.04,42.11,6868.29
OI000007085,O002517,P000663,1,416.43,56.18,360.25
OI000007086,O000053,P000847,9,197.07,53.61,1720.02
OI000007087,O002316,P000345,3,606.24,15.99,1802.73
OI000007088,O001922,P000282,10,1298.18,218.51,12763.29
OI000007089,O001408,P000812,10,1705.52,415.21,16639.99
OI000007090,O002817,P000591,4,1452.79,169.22,5641.94
OI000007091,O000724,P000171,3,1191.32,2.57,3571.39
OI000007092,O000343,P000122,4,1945.52,514.25,7267.83
OI000007093,O001811,P000692,2,1094.93,45.5,2144.36
OI000007094,O001988,P000462,7,1819.98,389.5,12350.36
OI000007095,O001343,P000597,6,1891.26,101.69,11245.869999999999
OI000007096,O002640,P000265,7,76.77,11.38,526.01
OI000007097,O000553,P000540,8,531.52,71.7,4180.46
OI000007098,O001179,P000175,2,524.31,126.72,921.8999999999999
OI000007099,O001411,P000436,6,1726.17,356.2,10000.82
OI000007100,O002433,P000867,8,1286.29,22.87,10267.449999999999
OI000007101,O002932,P000006,8,1376.48,201.45,10810.39
OI000007102,O001239,P000762,2,1859.39,410.86,3307.92
OI000007103,O001138,P000632,2,782.75,182.4,1383.1
OI000007104,O000727,P000272,4,1893.6,420.02,7154.379999999999
OI000007105,O001331,P000366,4,1714.09,348.22,6508.139999999999
OI000007106,O002605,P000328,9,151.76,25.26,1340.58
OI000007107,O001730,P000192,5,1167.53,188.98,5648.67
OI000007108,O000183,P000959,5,1273.64,4.54,6363.660000000001
OI000007109,O000064,P000079,4,475.92,100.34,1803.3400000000001
OI000007110,O000553,P000561,10,867.09,40.25,8630.65
OI000007111,O000170,P000632,8,782.75,167.86,6094.14
OI000007112,O000720,P000336,2,1022.87,48.43,1997.31
OI000007113,O001193,P000394,5,1813.72,516.84,8551.76
OI000007114,O000458,P000832,10,197.18,42.44,1929.3600000000001
OI000007115,O001399,P000718,4,1719.5,86.54,6791.46
OI000007116,O000487,P000499,10,253.05,13.73,2516.77
OI000007117,O001159,P000616,9,1001.09,184.8,8825.01
OI000007118,O000765,P000910,5,360.6,83.74,1719.26
OI000007119,O001473,P000619,1,1009.05,268.07,740.98
OI000007120,O001133,P000426,3,462.37,137.28,1249.8300000000002
OI000007121,O001460,P000496,10,1057.48,283.48,10291.32
OI000007122,O001737,P000564,5,1904.75,74.12,9449.63
OI000007123,O001050,P000985,5,749.97,169.51,3580.34
OI000007124,O001782,P000792,7,108.82,16.2,745.54
OI000007125,O002288,P000336,5,1022.87,74.5,5039.85
OI000007126,O000113,P000943,9,1140.36,298.65,9964.59
OI000007127,O000558,P000394,1,1813.72,182.3,1631.42
OI000007128,O000514,P000788,4,1080.64,86.81,4235.75
OI000007129,O001264,P000738,10,767.97,174.33,7505.370000000001
OI000007130,O000252,P000992,7,135.46,18.51,929.71
OI000007131,O002990,P000463,6,1051.21,213.27,6093.99
OI000007132,O001696,P000339,5,780.43,206.4,3695.7499999999995
OI000007133,O000389,P000691,1,1704.2,479.81,1224.39
OI000007134,O002682,P000372,5,1047.95,61.49,5178.26
OI000007135,O002290,P000263,6,222.37,45.44,1288.78
OI000007136,O002683,P000314,3,1319.43,35.07,3923.22
OI000007137,O000642,P000767,8,1966.38,97.31,15633.730000000001
OI000007138,O002566,P000903,3,1205.79,26.8,3590.5699999999997
OI000007139,O002377,P000369,1,1463.28,328.31,1134.97
OI000007140,O002272,P000443,3,1408.17,255.65,3968.86
OI000007141,O002180,P000891,7,1668.5,133.57,11545.93
OI000007142,O001949,P000409,9,256.31,41.33,2265.46
OI000007143,O002097,P000082,1,384.31,56.2,328.11
OI000007144,O001863,P000893,10,156.29,6.08,1556.82
OI000007145,O000133,P000252,4,197.08,31.31,757.0100000000001
OI000007146,O001200,P000917,4,549.32,85.59,2111.69
OI000007147,O001562,P000342,2,942.36,59.39,1825.33
OI000007148,O001500,P000107,4,303.72,23.11,1191.7700000000002
OI000007149,O002426,P000745,10,1928.84,499.33,18789.069999999996
OI000007150,O000740,P000267,2,1814.36,524.53,3104.1899999999996
OI000007151,O000689,P000479,7,318.03,61.75,2164.46
OI000007152,O002783,P000230,2,626.37,154.73,1098.01
OI000007153,O000063,P000704,3,431.83,109.51,1185.98
OI000007154,O001278,P000738,5,767.97,224.37,3615.4800000000005
OI000007155,O002823,P000570,5,1069.19,84.58,5261.370000000001
OI000007156,O000135,P000280,10,896.18,136.72,8825.08
OI000007157,O002042,P000279,8,948.41,242.85,7344.429999999999
OI000007158,O001202,P000607,10,1009.71,117.97,9979.130000000001
OI000007159,O000675,P000075,9,1725.0,286.92,15238.08
OI000007160,O002482,P000889,4,889.74,21.27,3537.69
OI000007161,O000006,P000871,8,26.45,3.38,208.22
OI000007162,O001180,P000838,8,1035.16,296.84,7984.4400000000005
OI000007163,O000881,P000996,7,356.46,65.47,2429.75
OI000007164,O000038,P000656,7,1844.7,358.07,12554.83
OI000007165,O002818,P000825,1,1816.12,234.63,1581.4899999999998
OI000007166,O002809,P000100,6,487.73,50.8,2875.58
OI000007167,O000143,P000793,7,299.32,11.13,2084.1099999999997
OI000007168,O000680,P000534,10,1699.3,304.58,16688.42
OI000007169,O000114,P000251,9,253.9,49.89,2235.21
OI000007170,O002024,P000300,3,47.94,5.33,138.48999999999998
OI000007171,O001397,P000861,9,1857.3,478.45,16237.25
OI000007172,O000594,P000155,9,1456.93,364.6,12747.77
OI000007173,O001086,P000952,10,1174.25,166.73,11575.77
OI000007174,O000515,P000931,1,128.64,9.19,119.44999999999999
OI000007175,O002180,P000902,10,493.12,48.9,4882.3
OI000007176,O000295,P000513,10,268.03,51.63,2628.6699999999996
OI000007177,O002563,P000358,6,500.38,147.54,2854.74
OI000007178,O001592,P000869,1,279.78,20.47,259.30999999999995
OI000007179,O000821,P000424,4,875.88,93.7,3409.82
OI000007180,O002255,P000030,6,1474.37,333.11,8513.109999999999
OI000007181,O001377,P000295,2,813.42,176.83,1450.01
OI000007182,O000833,P000128,7,538.17,122.2,3644.99
OI000007183,O001982,P000123,9,1233.06,234.52,10863.019999999999
OI000007184,O002738,P000374,6,500.89,32.36,2972.98
OI000007185,O000173,P000308,9,1925.87,330.46,17002.37
OI000007186,O002199,P000994,8,1250.17,18.0,9983.36
OI000007187,O001203,P000634,1,1987.65,156.76,1830.89
OI000007188,O002661,P000520,2,809.94,230.75,1389.13
OI000007189,O001680,P000907,6,1911.53,376.91,11092.27
OI000007190,O001355,P000149,10,21.16,6.04,205.56
OI000007191,O002622,P000610,6,1977.72,561.21,11305.11
OI000007192,O001311,P000716,1,223.06,13.18,209.88
OI000007193,O001172,P000693,3,748.02,28.64,2215.42
OI000007194,O000195,P000861,1,1857.3,275.52,1581.78
OI000007195,O000364,P000112,8,1915.88,372.64,14954.400000000001
OI000007196,O001684,P000868,5,1467.0,247.26,7087.74
OI000007197,O002801,P000637,3,816.43,197.56,2251.73
OI000007198,O002295,P000104,9,373.15,10.1,3348.25
OI000007199,O002179,P000925,9,1630.6,16.03,14659.369999999999
OI000007200,O000405,P000756,2,1075.19,77.06,2073.32
OI000007201,O001527,P000337,8,794.19,213.98,6139.540000000001
OI000007202,O002378,P000080,5,1094.09,204.37,5266.08
OI000007203,O001762,P000293,5,1434.85,167.35,7006.9
OI000007204,O001130,P000839,6,30.73,5.62,178.76
OI000007205,O001206,P000268,4,796.4,139.55,3046.0499999999997
OI000007206,O000695,P000950,6,414.19,89.12,2396.02
OI000007207,O000129,P000373,5,947.7,94.65,4643.85
OI000007208,O001319,P000119,9,1333.68,133.21,11869.910000000002
OI000007209,O002842,P000090,8,911.3,154.03,7136.37
OI000007210,O001568,P000264,7,336.58,45.53,2310.5299999999997
OI000007211,O000472,P000134,4,1280.87,358.99,4764.49
OI000007212,O002449,P000561,6,867.09,196.35,5006.19
OI000007213,O000596,P000437,2,1649.68,8.6,3290.76
OI000007214,O002226,P000342,1,942.36,163.11,779.25
OI000007215,O000263,P000988,7,951.78,193.78,6468.68
OI000007216,O001980,P000080,7,1094.09,87.35,7571.279999999999
OI000007217,O002554,P000416,4,1137.53,206.64,4343.48
OI000007218,O001473,P000563,2,197.63,39.58,355.68
OI000007219,O002979,P000812,6,1705.52,62.16,10170.96
OI000007220,O000758,P000059,5,150.35,36.44,715.31
OI000007221,O001453,P000686,4,3.82,0.74,14.54
OI000007222,O001819,P000715,7,297.93,80.84,2004.6700000000003
OI000007223,O001224,P000767,4,1966.38,26.94,7838.580000000001
OI000007224,O002629,P000729,1,44.81,12.57,32.24
OI000007225,O001319,P000029,4,1194.26,165.02,4612.0199999999995
OI000007226,O001753,P000747,3,427.5,46.7,1235.8
OI000007227,O000627,P000649,4,1663.88,465.19,6190.330000000001
OI000007228,O000692,P000768,6,552.93,108.44,3209.14
OI000007229,O002118,P000264,1,336.58,88.77,247.81
OI000007230,O002520,P000433,5,353.66,13.66,1754.64
OI000007231,O001637,P000869,1,279.78,61.77,218.00999999999996
OI000007232,O002808,P000626,1,1056.06,146.54,909.52
OI000007233,O002417,P000190,2,560.65,36.09,1085.21
OI000007234,O002032,P000965,1,549.05,160.04,389.01
OI000007235,O000655,P000653,8,140.61,38.54,1086.3400000000001
OI000007236,O000674,P000035,8,611.08,182.97,4705.67
OI000007237,O001776,P000828,7,1077.5,103.79,7438.71
OI000007238,O001860,P000801,2,373.91,103.0,644.82
OI000007239,O002160,P000728,2,1285.83,38.63,2533.0299999999997
OI000007240,O000573,P000040,1,556.9,151.2,405.7
OI000007241,O002258,P000579,8,1237.77,2.78,9899.38
OI000007242,O002793,P000498,6,1597.19,293.22,9289.92
OI000007243,O001800,P000781,10,220.22,47.72,2154.48
OI000007244,O000191,P000896,8,61.98,1.07,494.77
OI000007245,O000076,P000950,4,414.19,25.93,1630.83
OI000007246,O000194,P000945,10,1287.86,148.91,12729.689999999999
OI000007247,O000210,P000300,5,47.94,6.78,232.92
OI000007248,O002349,P000584,10,1474.96,247.12,14502.48
OI000007249,O000349,P000892,10,19.01,4.12,185.98000000000002
OI000007250,O000986,P000307,7,1199.79,209.04,8189.489999999999
OI000007251,O002433,P000981,9,1764.41,380.88,15498.810000000001
OI000007252,O002798,P000990,7,375.59,31.12,2598.0099999999998
OI000007253,O001870,P000109,9,91.86,22.75,803.99
OI000007254,O001163,P000746,7,577.19,169.52,3870.8100000000004
OI000007255,O001210,P000936,9,585.84,60.1,5212.46
OI000007256,O002490,P000104,8,373.15,20.41,2964.79
OI000007257,O002220,P000283,3,920.82,93.97,2668.4900000000002
OI000007258,O002433,P000014,5,583.15,96.69,2819.06
OI000007259,O001507,P000920,9,477.7,8.1,4291.2
OI000007260,O002689,P000986,10,504.36,110.58,4933.02
OI000007261,O000695,P000032,7,671.75,129.39,4572.86
OI000007262,O002914,P000863,8,1876.0,480.07,14527.93
OI000007263,O000470,P000827,7,326.87,53.73,2234.36
OI000007264,O002228,P000060,3,1525.07,196.99,4378.22
OI000007265,O000049,P000721,1,1126.69,272.41,854.28
OI000007266,O002369,P000361,8,944.24,240.04,7313.88
OI000007267,O002874,P000623,2,5.35,1.5,9.2
OI000007268,O000825,P000030,7,1474.37,176.53,10144.06
OI000007269,O002101,P000486,3,1162.43,187.33,3299.96
OI000007270,O002328,P000707,4,1431.91,410.68,5316.96
OI000007271,O000314,P000224,8,1528.69,111.04,12118.48
OI000007272,O001611,P000527,6,344.0,1.08,2062.92
OI000007273,O001699,P000014,3,583.15,133.38,1616.0699999999997
OI000007274,O001494,P000751,10,408.73,76.68,4010.6200000000003
OI000007275,O002724,P000665,3,1713.81,107.78,5033.650000000001
OI000007276,O002312,P000805,2,43.34,5.89,80.79
OI000007277,O000205,P000640,5,389.41,46.34,1900.7100000000003
OI000007278,O000230,P000003,2,353.8,9.97,697.63
OI000007279,O002690,P000893,5,156.29,7.0,774.4499999999999
OI000007280,O002735,P000577,10,18.66,3.46,183.14
OI000007281,O000893,P000618,2,1231.99,339.92,2124.06
OI000007282,O001583,P000237,6,1622.17,99.91,9633.11
OI000007283,O002750,P000656,9,1844.7,543.55,16058.75
OI000007284,O001592,P000537,10,1276.32,241.06,12522.14
OI000007285,O000223,P000685,9,1730.91,41.82,15536.37
OI000007286,O000146,P000825,7,1816.12,185.03,12527.81
OI000007287,O002443,P000262,4,736.56,105.71,2840.5299999999997
OI000007288,O000575,P000441,6,1536.52,99.34,9119.779999999999
OI000007289,O001469,P000364,3,622.58,106.75,1760.9900000000002
OI000007290,O002847,P000419,10,480.64,88.61,4717.79
OI000007291,O001265,P000231,1,1513.28,56.25,1457.03
OI000007292,O001146,P000327,10,1741.17,106.43,17305.27
OI000007293,O002318,P000719,5,1827.14,372.47,8763.230000000001
OI000007294,O001080,P000012,10,127.53,25.51,1249.79
OI000007295,O002372,P000316,3,203.79,16.15,595.22
OI000007296,O001432,P000020,2,628.21,127.03,1129.39
OI000007297,O000110,P000627,4,62.03,1.76,246.36
OI000007298,O002364,P000788,8,1080.64,263.1,8382.02
OI000007299,O000020,P000496,5,1057.48,162.82,5124.58
OI000007300,O001348,P000852,4,1388.94,363.41,5192.35
OI000007301,O000437,P000750,10,765.43,184.57,7469.73
OI000007302,O001602,P000808,2,254.28,67.29,441.27
OI000007303,O001501,P000047,4,233.35,8.97,924.43
OI000007304,O001766,P000386,3,242.92,47.31,681.45
OI000007305,O001300,P000497,10,242.36,72.16,2351.4400000000005
OI000007306,O001144,P000181,1,794.31,30.71,763.5999999999999
OI000007307,O001452,P000933,2,1264.94,114.93,2414.9500000000003
OI000007308,O002208,P000071,6,1107.76,187.06,6459.499999999999
OI000007309,O000853,P000636,7,269.04,60.07,1823.2100000000003
OI000007310,O001077,P000251,4,253.9,53.87,961.73
OI000007311,O000043,P000220,4,1661.8,134.73,6512.47
OI000007312,O000999,P000076,10,1993.18,124.08,19807.719999999998
OI000007313,O001792,P000844,1,459.84,56.24,403.59999999999997
OI000007314,O001920,P000873,8,646.85,119.54,5055.26
OI000007315,O001350,P000611,5,512.0,42.7,2517.3
OI000007316,O002992,P000529,9,923.0,43.84,8263.16
OI000007317,O001972,P000226,3,661.78,162.28,1823.06
OI000007318,O000098,P000174,8,3.71,0.7,28.98
OI000007319,O001406,P000237,7,1622.17,415.56,10939.630000000001
OI000007320,O001706,P000597,5,1891.26,549.36,8906.939999999999
OI000007321,O002821,P000615,10,811.64,226.65,7889.75
OI000007322,O001183,P000185,5,643.85,132.36,3086.89
OI000007323,O002024,P000826,3,623.78,162.78,1708.56
OI000007324,O001548,P000217,4,1403.4,258.03,5355.570000000001
OI000007325,O001708,P000545,9,707.48,125.32,6242.0
OI000007326,O000594,P000502,3,1021.62,74.69,2990.17
OI000007327,O002218,P000541,8,12.92,0.43,102.92999999999999
OI000007328,O001614,P000689,6,677.0,199.23,3862.77
OI000007329,O002602,P000414,4,131.02,37.23,486.85
OI000007330,O002362,P000199,8,1837.59,389.03,14311.689999999999
OI000007331,O002482,P000219,3,982.72,248.65,2699.5099999999998
OI000007332,O001259,P000870,7,1323.98,160.04,9107.82
OI000007333,O000863,P000514,1,919.74,140.15,779.59
OI000007334,O000257,P000370,2,1910.96,166.16,3655.76
OI000007335,O002430,P000116,4,623.48,55.07,2438.85
OI000007336,O000607,P000689,1,677.0,128.47,548.53
OI000007337,O001675,P000930,8,1105.71,66.52,8779.16
OI000007338,O001047,P000475,6,769.99,185.47,4434.47
OI000007339,O001945,P000134,1,1280.87,292.66,988.2099999999998
OI000007340,O000166,P000519,7,1435.63,429.32,9620.09
OI000007341,O001259,P000273,4,1666.56,133.17,6533.07
OI000007342,O000748,P000638,7,303.17,58.6,2063.59
OI000007343,O002204,P000843,7,304.52,73.18,2058.46
OI000007344,O002801,P000883,10,1104.69,173.3,10873.600000000002
OI000007345,O000597,P000541,10,12.92,2.29,126.90999999999998
OI000007346,O000359,P000627,3,62.03,1.62,184.47
OI000007347,O000124,P000262,10,736.56,4.86,7360.74
OI000007348,O002954,P000414,3,131.02,21.08,371.9800000000001
OI000007349,O001126,P000950,8,414.19,45.73,3267.79
OI000007350,O000937,P000955,2,1153.35,250.25,2056.45
OI000007351,O001932,P000904,8,483.23,101.55,3764.29
OI000007352,O000225,P000096,3,372.33,15.19,1101.8
OI000007353,O001760,P000280,7,896.18,183.74,6089.5199999999995
OI000007354,O001050,P000290,2,271.21,40.29,502.12999999999994
OI000007355,O001397,P000963,3,344.78,32.38,1001.9599999999999
OI000007356,O000839,P000013,10,627.66,74.38,6202.219999999999
OI000007357,O001502,P000130,9,21.09,3.82,185.99
OI000007358,O002669,P000221,8,829.56,168.8,6467.679999999999
OI000007359,O000760,P000901,1,49.1,2.05,47.050000000000004
OI000007360,O001939,P000175,9,524.31,22.36,4696.429999999999
OI000007361,O001758,P000459,10,1585.62,216.24,15639.96
OI000007362,O000732,P000793,7,299.32,20.57,2074.6699999999996
OI000007363,O002442,P000254,3,972.14,70.67,2845.75
OI000007364,O001856,P000384,7,930.26,4.22,6507.599999999999
OI000007365,O001722,P000059,10,150.35,9.51,1493.99
OI000007366,O002889,P000066,4,1208.64,222.01,4612.55
OI000007367,O001912,P000204,9,375.65,14.5,3366.35
OI000007368,O002039,P000760,10,1031.49,69.37,10245.529999999999
OI000007369,O000459,P000442,4,120.29,15.96,465.20000000000005
OI000007370,O001229,P000329,3,475.33,104.71,1321.28
OI000007371,O000165,P000483,2,779.77,113.92,1445.62
OI000007372,O001654,P000383,2,915.96,209.12,1622.8000000000002
OI000007373,O001187,P000180,6,922.37,54.16,5480.06
OI000007374,O001211,P000724,9,444.71,59.42,3942.97
OI000007375,O002018,P000936,4,585.84,25.23,2318.13
OI000007376,O002767,P000635,8,794.9,47.31,6311.889999999999
OI000007377,O000908,P000059,2,150.35,39.14,261.56
OI000007378,O000509,P000323,6,964.93,166.15,5623.43
OI000007379,O001603,P000371,7,438.52,98.62,2971.02
OI000007380,O001363,P000939,9,1542.39,420.6,13460.91
OI000007381,O001733,P000624,1,401.33,92.12,309.21
OI000007382,O000299,P000109,5,91.86,20.91,438.39
OI000007383,O002595,P000831,10,1512.11,28.67,15092.429999999998
OI000007384,O002658,P000434,6,230.55,65.38,1317.92
OI000007385,O000675,P001000,10,191.78,28.19,1889.61
OI000007386,O000705,P000704,1,431.83,126.11,305.71999999999997
OI000007387,O000344,P000889,8,889.74,96.54,7021.38
OI000007388,O001145,P000775,6,1026.72,289.09,5871.23
OI000007389,O002099,P000537,3,1276.32,235.85,3593.11
OI000007390,O002699,P000579,4,1237.77,9.94,4941.14
OI000007391,O000578,P000891,9,1668.5,91.32,14925.18
OI000007392,O002465,P000364,10,622.58,5.41,6220.39
OI000007393,O002844,P000218,6,1997.53,542.36,11442.82
OI000007394,O002162,P000530,7,130.64,29.36,885.1199999999999
OI000007395,O002737,P000748,9,1442.82,281.69,12703.689999999999
OI000007396,O001186,P000660,2,722.67,137.68,1307.6599999999999
OI000007397,O001639,P000417,2,460.04,17.08,903.0
OI000007398,O001126,P000126,9,602.62,127.42,5296.16
OI000007399,O001175,P000340,8,338.38,36.17,2670.87
OI000007400,O002815,P000172,4,598.48,145.91,2248.01
OI000007401,O002943,P000684,1,1874.6,300.56,1574.04
OI000007402,O000364,P000014,3,583.15,113.63,1635.8199999999997
OI000007403,O002920,P000126,6,602.62,99.71,3516.01
OI000007404,O002068,P000552,3,682.23,17.37,2029.3200000000002
OI000007405,O000227,P000918,8,284.36,84.19,2190.69
OI000007406,O002568,P000571,2,971.97,103.32,1840.6200000000001
OI000007407,O002257,P000491,9,873.76,219.92,7643.92
OI000007408,O002038,P000080,9,1094.09,311.31,9535.5
OI000007409,O001474,P000922,5,1803.24,493.65,8522.550000000001
OI000007410,O002907,P000103,3,35.47,8.42,97.99
OI000007411,O002244,P000388,4,833.48,20.02,3313.9
OI000007412,O002513,P000381,1,539.13,136.22,402.90999999999997
OI000007413,O000594,P000507,9,1029.09,286.36,8975.449999999999
OI000007414,O000636,P000321,9,56.76,9.06,501.78
OI000007415,O002022,P000238,2,815.39,87.93,1542.85
OI000007416,O001721,P000185,9,643.85,65.1,5729.55
OI000007417,O001528,P000185,1,643.85,110.9,532.95
OI000007418,O000372,P000035,10,611.08,53.83,6056.97
OI000007419,O000120,P000447,3,601.01,103.9,1699.1299999999999
OI000007420,O001054,P000487,3,1467.14,200.2,4201.22
OI000007421,O002707,P000761,9,198.42,53.16,1732.62
OI000007422,O002580,P000096,5,372.33,10.33,1851.32
OI000007423,O000201,P000835,6,1852.55,351.26,10764.039999999999
OI000007424,O001030,P000800,8,1455.26,428.48,11213.6
OI000007425,O002740,P000996,9,356.46,43.94,3164.2
OI000007426,O001942,P000360,5,1818.99,330.64,8764.310000000001
OI000007427,O001882,P000733,9,393.68,114.73,3428.39
OI000007428,O002008,P000965,4,549.05,155.72,2040.4799999999998
OI000007429,O002250,P000128,1,538.17,88.88,449.28999999999996
OI000007430,O001262,P000008,5,1423.64,371.43,6746.77
OI000007431,O002019,P000412,9,1511.32,314.69,13287.189999999999
OI000007432,O000153,P000536,1,470.49,122.21,348.28000000000003
OI000007433,O001940,P000900,10,1752.18,432.51,17089.29
OI000007434,O002799,P000971,7,444.87,102.28,3011.81
OI000007435,O001600,P000971,9,444.87,25.8,3978.0299999999997
OI000007436,O002236,P000933,1,1264.94,165.23,1099.71
OI000007437,O001206,P000695,8,354.3,70.51,2763.89
OI000007438,O000715,P000037,3,1590.88,348.3,4424.34
OI000007439,O001680,P000128,7,538.17,71.13,3696.0599999999995
OI000007440,O001360,P000822,1,533.63,147.8,385.83
OI000007441,O001347,P000877,4,1494.67,155.41,5823.27
OI000007442,O000778,P000827,7,326.87,97.82,2190.27
OI000007443,O001918,P000127,3,94.06,17.7,264.48
OI000007444,O000240,P000777,3,1885.84,225.54,5431.98
OI000007445,O000827,P000448,8,163.42,25.99,1281.37
OI000007446,O000782,P000480,3,694.35,26.61,2056.44
OI000007447,O001011,P000292,1,234.11,33.08,201.03000000000003
OI000007448,O000476,P000984,8,116.44,22.97,908.55
OI000007449,O001874,P000619,9,1009.05,54.17,9027.279999999999
OI000007450,O001262,P000732,4,220.12,61.87,818.61
OI000007451,O000914,P000120,8,18.57,1.29,147.27
OI000007452,O000256,P000812,4,1705.52,92.5,6729.58
OI000007453,O002187,P000769,4,761.24,216.84,2828.12
OI000007454,O002428,P000965,9,549.05,19.0,4922.45
OI000007455,O001498,P000778,5,759.17,112.92,3682.93
OI000007456,O002420,P000195,5,828.98,188.21,3956.6899999999996
OI000007457,O001635,P000725,2,1732.02,9.54,3454.5
OI000007458,O000678,P000892,3,19.01,4.55,52.480000000000004
OI000007459,O002554,P000400,10,227.73,22.84,2254.4599999999996
OI000007460,O001442,P000242,5,97.78,10.39,478.51
OI000007461,O002294,P000535,10,691.04,55.33,6855.07
OI000007462,O001833,P000971,5,444.87,40.52,2183.83
OI000007463,O002457,P000368,6,24.19,5.31,139.83
OI000007464,O000067,P000805,2,43.34,2.71,83.97000000000001
OI000007465,O000804,P000326,8,1654.72,436.87,12800.89
OI000007466,O002602,P000504,6,1701.63,32.57,10177.210000000001
OI000007467,O000661,P000271,4,384.17,68.18,1468.5
OI000007468,O000319,P000773,7,929.87,13.54,6495.55
OI000007469,O001646,P000154,4,378.8,36.23,1478.97
OI000007470,O002725,P000737,10,482.37,101.73,4721.97
OI000007471,O000649,P000951,7,85.6,6.09,593.1099999999999
OI000007472,O000455,P000834,9,1995.64,398.97,17561.79
OI000007473,O000820,P000278,10,315.76,48.26,3109.3399999999997
OI000007474,O000948,P000619,5,1009.05,81.66,4963.59
OI000007475,O002174,P000316,1,203.79,43.52,160.26999999999998
OI000007476,O001432,P000608,3,1748.7,86.03,5160.070000000001
OI000007477,O000326,P000617,7,982.53,190.91,6686.8
OI000007478,O002611,P000280,7,896.18,175.38,6097.879999999999
OI000007479,O000466,P000721,5,1126.69,215.78,5417.670000000001
OI000007480,O001849,P000139,8,1764.18,140.86,13972.58
OI000007481,O000104,P000644,6,189.11,39.61,1095.0500000000002
OI000007482,O001031,P000983,1,813.84,119.49,694.35
OI000007483,O000109,P000219,4,982.72,36.09,3894.79
OI000007484,O001922,P000171,4,1191.32,229.83,4535.45
OI000007485,O001268,P000560,5,120.18,26.99,573.9100000000001
OI000007486,O002011,P000983,1,813.84,15.4,798.44
OI000007487,O002769,P000794,1,415.67,61.67,354.0
OI000007488,O000842,P000966,7,951.42,130.76,6529.179999999999
OI000007489,O000421,P000096,10,372.33,14.35,3708.95
OI000007490,O000981,P000783,10,1511.59,269.5,14846.4
OI000007491,O001798,P000283,8,920.82,46.05,7320.51
OI000007492,O001139,P000169,8,582.43,55.34,4604.099999999999
OI000007493,O000608,P000070,1,1035.7,164.65,871.0500000000001
OI000007494,O001100,P000979,10,1379.64,105.25,13691.150000000001
OI000007495,O000503,P000210,6,849.87,92.82,5006.400000000001
OI000007496,O000852,P000787,9,1652.19,258.02,14611.69
OI000007497,O000667,P000148,6,1228.6,71.21,7300.389999999999
OI000007498,O002836,P000391,10,1505.24,117.97,14934.43
OI000007499,O000771,P000371,9,438.52,2.58,3944.1
OI000007500,O000727,P000933,2,1264.94,16.85,2513.03
OI000000971,O000071,P000602,5,668.37,56.73,3285.12
OI000006280,O002546,P000636,9,269.04,58.79,2362.57
OI000001860,O000277,P000512,8,1305.82,259.27,10187.289999999999
OI000006804,O000878,P000824,8,1754.59,282.62,13754.099999999999
OI000006306,O000928,P000398,3,490.78,100.4,1371.9399999999998
OI000003040,O002671,P000230,8,626.37,173.33,4837.63
OI000007195,O000364,P000112,8,1915.88,372.64,14954.400000000001
OI000001447,O002341,P000698,3,982.47,78.67,2868.74
OI000005200,O002760,P000289,7,1937.94,275.12,13290.46
OI000006235,O002942,P000119,2,1333.68,372.68,2294.6800000000003
OI000004317,O002959,P000508,3,882.84,43.29,2605.23
OI000005923,O000811,P000951,3,85.6,19.15,237.64999999999995
OI000006028,O001222,P000323,6,964.93,244.32,5545.26
OI000001851,O001784,P000789,3,5.28,1.16,14.68
OI000000430,O002390,P000498,9,1597.19,315.8,14058.910000000002
OI000000102,O000958,P000681,7,270.62,47.42,1846.92
OI000004708,O001047,P000990,1,375.59,109.31,266.28
OI000000466,O001373,P000105,10,780.41,185.92,7618.179999999999
OI000004130,O001130,P000436,3,1726.17,328.9,4849.610000000001
OI000004829,O000248,P000573,6,21.71,5.98,124.27999999999999
OI000003505,O000746,P000911,3,1740.99,400.56,4822.41
OI000006767,O002747,P000693,3,748.02,147.3,2096.7599999999998
OI000002779,O000999,P000861,1,1857.3,483.02,1374.28
OI000003985,O001787,P000330,5,321.48,50.81,1556.5900000000001
OI000005240,O000553,P000510,3,173.14,8.63,510.78999999999996
OI000000577,O001455,P000117,8,278.66,18.37,2210.9100000000003
OI000004467,O000011,P000073,8,18.7,4.88,144.72
OI000007142,O001949,P000409,9,256.31,41.33,2265.46
OI000006637,O001673,P000425,1,416.72,4.71,412.01000000000005
OI000003015,O000362,P000713,7,1793.11,333.47,12218.3
OI000003247,O001572,P000544,3,1583.93,265.67,4486.12
OI000005503,O001655,P000137,8,1305.73,335.04,10110.8
OI000007174,O000515,P000931,1,128.64,9.19,119.44999999999999
OI000004510,O001357,P000143,9,898.04,249.2,7833.16
OI000003533,O000772,P000624,9,401.33,66.17,3545.7999999999997
OI000001859,O000416,P000056,10,1443.17,297.62,14134.08
OI000003482,O000801,P000107,4,303.72,44.77,1170.1100000000001
OI000000539,O000386,P000120,1,18.57,2.5,16.07
OI000005891,O000691,P000283,1,920.82,223.7,697.1200000000001
OI000004980,O000111,P000034,4,1185.61,72.98,4669.46
OI000007148,O001500,P000107,4,303.72,23.11,1191.7700000000002
OI000003382,O002842,P000192,5,1167.53,302.2,5535.45
OI000002267,O001611,P000665,10,1713.81,425.05,16713.05
OI000001796,O000576,P000382,1,1397.07,4.9,1392.1699999999998
OI000001727,O001961,P000338,8,402.46,7.6,3212.08
OI000003136,O002250,P000915,7,788.11,124.25,5392.52
OI000003083,O002667,P000464,10,1269.9,15.69,12683.31
OI000000133,O002853,P000622,4,371.41,86.08,1399.5600000000002
OI000001189,O000711,P000276,8,135.17,28.37,1052.99
OI000006866,O001432,P000761,10,198.42,41.35,1942.85
OI000004059,O001218,P000815,9,15.61,1.33,139.16
OI000000555,O002422,P000299,3,933.61,116.79,2684.04
OI000005389,O001956,P000324,8,484.71,118.65,3759.0299999999997
OI000002822,O001220,P000836,10,1875.69,293.69,18463.210000000003
OI000002886,O000607,P000218,10,1997.53,519.71,19455.59
OI000000737,O002330,P000775,3,1026.72,191.41,2888.75
OI000002834,O002196,P000817,4,586.32,131.67,2213.61
OI000003821,O002649,P000049,9,1839.93,163.38,16395.989999999998
OI000007145,O000133,P000252,4,197.08,31.31,757.0100000000001
OI000000602,O002756,P000454,4,884.28,178.14,3358.98
OI000002030,O001127,P000972,4,1944.33,378.12,7399.2
OI000004293,O000711,P000554,8,1891.17,354.46,14774.900000000001
OI000002139,O000199,P000310,6,1948.09,471.55,11216.99
OI000001794,O002147,P000778,10,759.17,206.78,7384.92
OI000006123,O000719,P000026,3,1337.21,337.39,3674.2400000000002
OI000004060,O000750,P000237,3,1622.17,464.62,4401.89
OI000001673,O002763,P000613,4,405.81,56.3,1566.94
OI000003981,O001903,P000732,7,220.12,53.7,1487.14
OI000006551,O000839,P000918,1,284.36,80.08,204.28000000000003
OI000006734,O000552,P000850,5,672.56,180.16,3182.64
OI000003438,O000968,P000624,8,401.33,10.17,3200.47
OI000007166,O002809,P000100,6,487.73,50.8,2875.58
OI000006324,O000993,P000818,1,82.46,21.61,60.849999999999994
OI000005077,O001861,P000490,7,184.85,22.52,1271.43
OI000000252,O002816,P000929,9,644.09,160.63,5636.18
