payment_id,order_id,payment_timestamp,amount,payment_method,payment_status
PAY000001,O000001,2026-05-16 14:48:53.159993,15982.94,credit_card,failed
PAY000002,O000002,2026-06-18 16:17:11.159993,4345.07,credit_card,paid
PAY000003,O000003,2026-06-21 12:02:02.159993,22123.11,e_wallet,paid
PAY000004,O000004,2026-02-13 00:34:46.159993,16162.99,credit_card,paid
PAY000005,O000005,2026-06-12 17:50:34.159993,5122.32,credit_card,paid
PAY000006,O000006,2026-05-04 06:08:04.159993,3919.49,credit_card,refunded
PAY000007,O000007,2026-05-26 12:28:48.159993,0.0,cod,failed
PAY000008,O000008,2026-06-15 13:36:49.159993,11552.44,credit_card,paid
PAY000009,O000009,2026-06-18 05:48:47.159993,32122.78,credit_card,paid
PAY000010,O000010,2026-06-15 07:24:23.159993,6191.43,bank_transfer,paid
PAY000011,O000011,2026-06-07 14:33:17.159993,289.44,e_wallet,paid
PAY000012,O000012,2026-03-30 10:52:14.159993,2716.73,e_wallet,paid
PAY000013,O000013,2026-05-19 17:56:58.159993,9573.52,bank_transfer,paid
PAY000014,O000014,2026-05-17 22:37:55.159993,12187.75,e_wallet,paid
PAY000015,O000015,2026-06-04 07:49:50.159993,12105.58,credit_card,paid
PAY000016,O000016,2026-06-09 11:41:57.159993,5157.47,cod,paid
PAY000017,O000017,2026-04-09 19:54:00.159993,9462.84,credit_card,paid
PAY000018,O000018,2026-05-30 17:43:30.159993,0.0,credit_card,paid
PAY000019,O000019,2026-06-02 12:25:04.159993,13255.35,e_wallet,paid
PAY000020,O000020,2026-05-28 09:22:41.159993,8995.25,credit_card,paid
PAY000021,O000021,2026-05-20 16:19:04.159993,8294.09,credit_card,paid
PAY000022,O000022,2026-06-21 03:21:15.159993,26283.24,credit_card,paid
PAY000023,O000023,2026-06-15 10:29:46.159993,0.0,cod,paid
PAY000024,O000024,2026-05-17 02:56:24.159993,6282.0,credit_card,paid
PAY000025,O000025,2026-06-21 06:14:06.159993,28930.32,cod,refunded
PAY000026,O000026,2026-06-16 08:49:49.159993,14348.79,e_wallet,failed
PAY000027,O000027,2026-05-29 20:15:04.159993,320.07,credit_card,paid
PAY000028,O000028,2026-04-29 01:49:30.159993,997.94,credit_card,paid
PAY000029,O000029,2026-06-16 09:14:01.159993,15711.55,credit_card,refunded
PAY000030,O000030,2026-06-17 06:44:22.159993,6905.48,credit_card,failed
PAY000031,O000031,2026-05-29 17:13:45.159993,2146.81,credit_card,paid
PAY000032,O000032,2026-06-08 10:58:29.159993,9438.74,e_wallet,paid
PAY000033,O000033,2026-06-19 19:13:24.159993,10128.94,cod,paid
PAY000034,O000034,2026-05-08 14:47:50.159993,0.0,e_wallet,paid
PAY000035,O000035,2026-06-16 16:03:46.159993,0.0,credit_card,paid
PAY000036,O000036,2026-03-08 15:46:39.159993,33013.18,e_wallet,paid
PAY000037,O000037,2026-04-06 03:17:27.159993,2195.87,cod,paid
PAY000038,O000038,2026-06-18 03:58:06.159993,12554.83,e_wallet,paid
PAY000039,O000039,2026-04-12 10:20:09.159993,15486.41,credit_card,paid
PAY000040,O000040,2026-05-03 05:22:53.159993,40330.88,e_wallet,failed
PAY000041,O000041,2026-06-20 21:53:50.159993,6225.03,bank_transfer,paid
PAY000042,O000042,2026-06-14 05:17:41.159993,0.0,cod,paid
PAY000043,O000043,2026-06-20 13:26:39.159993,11803.89,e_wallet,refunded
PAY000044,O000044,2026-05-30 17:15:11.159993,4268.28,bank_transfer,paid
PAY000045,O000045,2026-06-16 13:17:13.159993,15915.29,credit_card,paid
PAY000046,O000046,2026-06-19 17:27:20.159993,5559.44,cod,paid
PAY000047,O000047,2026-06-18 07:40:23.159993,25726.55,credit_card,paid
PAY000048,O000048,2026-03-31 00:22:46.159993,0.0,bank_transfer,paid
PAY000049,O000049,2026-06-10 05:40:01.159993,12671.24,bank_transfer,paid
PAY000050,O000050,2026-06-16 07:42:57.159993,16795.36,credit_card,paid
PAY000051,O000051,2026-06-16 00:00:15.159993,15954.41,credit_card,paid
PAY000052,O000052,2026-06-08 16:29:13.159993,0.0,credit_card,paid
PAY000053,O000053,2026-05-14 21:34:30.159993,15566.1,e_wallet,paid
PAY000054,O000054,2026-06-04 21:50:29.159993,25208.58,cod,paid
PAY000055,O000055,2026-06-18 07:34:54.159993,5062.82,credit_card,failed
PAY000056,O000056,2026-06-07 06:04:49.159993,0.0,credit_card,paid
PAY000057,O000057,2026-06-18 21:44:54.159993,4331.38,credit_card,failed
PAY000058,O000058,2026-06-16 20:58:56.159993,20133.12,credit_card,failed
PAY000059,O000059,2026-06-20 02:53:25.159993,5434.04,cod,paid
PAY000060,O000060,2026-05-29 22:20:59.159993,3069.26,credit_card,paid
PAY000061,O000061,2026-06-05 16:26:04.159993,3331.17,cod,paid
PAY000062,O000062,2026-06-13 20:48:49.159993,1487.1,cod,paid
PAY000063,O000063,2026-06-17 05:05:57.159993,17374.62,e_wallet,paid
PAY000064,O000064,2026-06-15 05:06:32.159993,18418.24,credit_card,paid
PAY000065,O000065,2026-06-02 04:13:23.159993,18588.68,cod,failed
PAY000066,O000066,2026-04-19 09:21:21.159993,30547.93,cod,paid
PAY000067,O000067,2026-06-20 15:14:55.159993,83.97,e_wallet,paid
PAY000068,O000068,2026-06-21 05:40:16.159993,2858.34,e_wallet,paid
PAY000069,O000069,2026-06-21 00:01:53.159993,9678.51,credit_card,paid
PAY000070,O000070,2026-06-14 11:53:39.159993,2615.02,credit_card,paid
PAY000071,O000071,2026-06-18 16:17:47.159993,21167.39,bank_transfer,paid
PAY000072,O000072,2026-06-19 15:50:28.159993,1270.27,credit_card,paid
PAY000073,O000073,2026-06-20 18:48:18.159993,26275.79,bank_transfer,failed
PAY000074,O000074,2026-05-23 16:47:10.159993,18749.81,e_wallet,paid
PAY000075,O000075,2026-06-04 21:58:43.159993,15719.18,credit_card,paid
PAY000076,O000076,2026-05-26 19:31:00.159993,3042.93,e_wallet,paid
PAY000077,O000077,2026-06-19 19:59:23.159993,8907.46,bank_transfer,failed
PAY000078,O000078,2026-06-15 11:54:44.159993,9373.04,e_wallet,paid
PAY000079,O000079,2026-06-21 09:34:48.159993,7153.22,credit_card,failed
PAY000080,O000080,2026-05-17 22:08:33.159993,1095.88,e_wallet,paid
PAY000081,O000081,2026-05-23 01:35:06.159993,5627.91,e_wallet,paid
PAY000082,O000082,2026-05-07 12:30:26.159993,2323.14,credit_card,paid
PAY000083,O000083,2026-06-21 10:26:44.159993,1219.27,credit_card,paid
PAY000084,O000084,2026-04-12 14:28:13.159993,0.0,credit_card,paid
PAY000085,O000085,2026-05-14 23:11:44.159993,172.72,bank_transfer,refunded
PAY000086,O000086,2026-05-16 14:52:47.159993,667.65,e_wallet,paid
PAY000087,O000087,2026-05-14 01:08:58.159993,16292.47,e_wallet,paid
PAY000088,O000088,2026-06-15 13:13:15.159993,0.0,cod,failed
PAY000089,O000089,2026-04-28 20:54:06.159993,0.0,credit_card,failed
PAY000090,O000090,2026-04-21 17:35:01.159993,5964.06,cod,refunded
PAY000091,O000091,2026-05-01 15:08:18.159993,12686.38,cod,paid
PAY000092,O000092,2026-06-21 08:19:02.159993,2411.89,bank_transfer,paid
PAY000093,O000093,2026-06-04 14:20:10.159993,4087.0,credit_card,failed
PAY000094,O000094,2026-06-01 13:34:21.159993,6066.83,credit_card,paid
PAY000095,O000095,2026-04-29 21:03:19.159993,180.93,bank_transfer,paid
PAY000096,O000096,2026-06-20 14:17:52.159993,17614.17,e_wallet,paid
PAY000097,O000097,2026-06-16 20:47:56.159993,0.0,e_wallet,paid
PAY000098,O000098,2026-06-04 06:16:02.159993,27868.86,credit_card,paid
PAY000099,O000099,2026-06-16 15:23:51.159993,15229.49,e_wallet,paid
PAY000100,O000100,2026-06-01 00:35:31.159993,9585.43,credit_card,refunded
PAY000101,O000101,2026-06-19 21:31:31.159993,13360.82,e_wallet,paid
PAY000102,O000102,2026-05-04 09:37:06.159993,18645.47,credit_card,paid
PAY000103,O000103,2026-06-12 15:26:25.159993,18152.53,credit_card,paid
PAY000104,O000104,2026-06-02 20:00:09.159993,29363.53,bank_transfer,paid
PAY000105,O000105,2026-06-20 06:22:16.159993,5662.62,credit_card,paid
PAY000106,O000106,2026-04-15 12:18:35.159993,19546.7,bank_transfer,paid
PAY000107,O000107,2026-06-21 08:07:21.159993,7412.91,credit_card,paid
PAY000108,O000108,2026-06-21 10:01:11.159993,14726.44,cod,paid
PAY000109,O000109,2026-06-21 05:40:10.159993,12295.72,bank_transfer,paid
PAY000110,O000110,2026-04-15 03:14:34.159993,10056.46,credit_card,paid
PAY000111,O000111,2026-06-14 08:11:59.159993,16672.9,bank_transfer,paid
PAY000112,O000112,2026-06-16 23:34:43.159993,13567.37,e_wallet,failed
PAY000113,O000113,2026-05-30 00:07:21.159993,25263.6,e_wallet,paid
PAY000114,O000114,2026-06-09 22:38:20.159993,7694.36,bank_transfer,paid
PAY000115,O000115,2026-06-17 14:59:15.159993,26855.36,credit_card,paid
PAY000116,O000116,2026-04-22 15:55:02.159993,33679.45,credit_card,paid
PAY000117,O000117,2026-06-07 17:37:19.159993,6974.73,credit_card,paid
PAY000118,O000118,2026-05-28 22:20:11.159993,6578.83,e_wallet,failed
PAY000119,O000119,2026-06-18 23:37:44.159993,16644.0,e_wallet,paid
PAY000120,O000120,2026-06-01 08:49:46.159993,15173.57,credit_card,failed
PAY000121,O000121,2026-06-05 02:22:57.159993,4786.94,e_wallet,paid
PAY000122,O000122,2026-06-18 03:47:04.159993,0.0,bank_transfer,paid
PAY000123,O000123,2026-06-09 09:36:52.159993,27540.06,bank_transfer,paid
PAY000124,O000124,2026-06-02 23:18:51.159993,24844.91,bank_transfer,paid
PAY000125,O000125,2026-06-05 23:26:09.159993,24752.63,credit_card,paid
PAY000126,O000126,2026-06-20 21:51:33.159993,0.0,cod,paid
PAY000127,O000127,2026-06-19 23:59:05.159993,10534.87,bank_transfer,paid
PAY000128,O000128,2026-06-19 23:20:42.159993,17536.46,cod,failed
PAY000129,O000129,2026-06-21 14:31:14.159993,18801.02,credit_card,paid
PAY000130,O000130,2026-06-21 12:18:54.159993,0.0,credit_card,paid
PAY000131,O000131,2026-06-01 16:20:42.159993,2889.55,credit_card,paid
PAY000132,O000132,2026-06-18 00:31:42.159993,8791.74,e_wallet,paid
PAY000133,O000133,2026-06-16 07:07:13.159993,16810.55,bank_transfer,failed
PAY000134,O000134,2026-05-23 07:46:59.159993,19011.5,e_wallet,refunded
PAY000135,O000135,2026-06-20 05:28:01.159993,20298.04,bank_transfer,paid
PAY000136,O000136,2026-06-19 23:31:22.159993,5813.93,credit_card,paid
PAY000137,O000137,2026-06-07 00:54:04.159993,17149.81,e_wallet,paid
PAY000138,O000138,2026-03-26 06:54:28.159993,26088.69,bank_transfer,paid
PAY000139,O000139,2026-06-20 11:53:35.159993,6803.31,e_wallet,refunded
PAY000140,O000140,2026-06-15 00:42:08.159993,5738.18,credit_card,paid
PAY000141,O000141,2026-06-18 00:18:44.159993,27953.88,credit_card,paid
PAY000142,O000142,2026-03-23 23:50:24.159993,8066.35,e_wallet,paid
PAY000143,O000143,2026-06-19 03:12:05.159993,33847.92,credit_card,paid
PAY000144,O000144,2026-06-06 16:29:02.159993,14329.34,credit_card,paid
PAY000145,O000145,2026-03-11 14:21:09.159993,13755.1,credit_card,paid
PAY000146,O000146,2026-06-21 06:09:11.159993,19292.43,credit_card,paid
PAY000147,O000147,2026-06-03 02:50:01.159993,6545.08,credit_card,paid
PAY000148,O000148,2026-06-11 14:16:35.159993,20459.84,e_wallet,failed
PAY000149,O000149,2026-06-18 03:08:39.159993,6776.53,e_wallet,failed
PAY000150,O000150,2026-06-20 23:57:31.159993,15277.23,bank_transfer,paid
PAY000151,O000151,2026-06-07 18:19:45.159993,0.0,bank_transfer,paid
PAY000152,O000152,2026-06-20 01:52:29.159993,6755.65,e_wallet,paid
PAY000153,O000153,2026-05-20 21:26:13.159993,13864.17,cod,paid
PAY000154,O000154,2026-05-19 16:25:01.159993,17300.91,e_wallet,paid
PAY000155,O000155,2026-05-29 22:46:25.159993,14608.03,credit_card,paid
PAY000156,O000156,2026-06-13 19:20:05.159993,6038.95,bank_transfer,failed
PAY000157,O000157,2026-06-16 17:11:01.159993,28196.09,e_wallet,paid
PAY000158,O000158,2026-06-17 07:51:15.159993,6955.12,cod,paid
PAY000159,O000159,2026-06-20 03:10:11.159993,1881.54,e_wallet,refunded
PAY000160,O000160,2026-05-19 04:07:27.159993,4523.99,credit_card,paid
PAY000161,O000161,2026-05-17 07:59:20.159993,3325.38,bank_transfer,paid
PAY000162,O000162,2026-02-12 13:43:08.159993,0.0,credit_card,paid
PAY000163,O000163,2026-06-06 08:59:07.159993,6838.88,credit_card,paid
PAY000164,O000164,2026-05-19 12:52:34.159993,10521.97,credit_card,refunded
PAY000165,O000165,2026-03-05 14:35:58.159993,7084.13,credit_card,paid
PAY000166,O000166,2026-06-03 16:30:19.159993,42329.97,e_wallet,refunded
PAY000167,O000167,2026-05-01 17:28:19.159993,9054.65,bank_transfer,paid
PAY000168,O000168,2026-06-20 21:25:17.159993,11634.06,credit_card,paid
PAY000169,O000169,2026-06-21 12:44:19.159993,25807.46,cod,paid
PAY000170,O000170,2026-04-21 17:45:34.159993,6166.56,bank_transfer,paid
PAY000171,O000171,2026-04-01 09:42:16.159993,11880.66,bank_transfer,failed
PAY000172,O000172,2026-05-23 15:04:11.159993,3446.5,credit_card,paid
PAY000173,O000173,2026-04-18 03:09:18.159993,24884.4,e_wallet,failed
PAY000174,O000174,2026-06-04 15:38:20.159993,16444.65,e_wallet,paid
PAY000175,O000175,2026-06-04 08:23:23.159993,25131.09,bank_transfer,paid
PAY000176,O000176,2026-06-15 07:18:36.159993,0.0,e_wallet,paid
PAY000177,O000177,2026-06-12 16:40:37.159993,23034.91,e_wallet,paid
PAY000178,O000178,2026-06-20 20:45:10.159993,9931.69,bank_transfer,paid
PAY000179,O000179,2026-06-21 00:06:50.159993,28298.5,bank_transfer,paid
PAY000180,O000180,2026-06-21 08:16:56.159993,4444.99,credit_card,paid
PAY000181,O000181,2026-06-13 13:47:13.159993,0.0,credit_card,paid
PAY000182,O000182,2026-05-03 09:07:20.159993,0.0,cod,paid
PAY000183,O000183,2026-05-04 23:11:10.159993,17130.56,cod,paid
PAY000184,O000184,2026-06-09 07:00:29.159993,6084.88,e_wallet,paid
PAY000185,O000185,2026-06-21 06:45:01.159993,3202.94,e_wallet,paid
PAY000186,O000186,2026-06-21 00:29:45.159993,11158.42,credit_card,paid
PAY000187,O000187,2026-05-31 23:38:04.159993,15376.53,credit_card,paid
PAY000188,O000188,2026-06-13 08:30:28.159993,18871.6,cod,paid
PAY000189,O000189,2026-05-05 04:48:03.159993,8716.96,credit_card,paid
PAY000190,O000190,2026-05-14 10:18:06.159993,5129.55,e_wallet,paid
PAY000191,O000191,2026-06-20 19:13:07.159993,11531.8,cod,paid
PAY000192,O000192,2026-06-17 06:00:15.159993,31.18,e_wallet,paid
PAY000193,O000193,2026-05-28 13:18:53.159993,16596.14,e_wallet,paid
PAY000194,O000194,2026-06-21 01:39:13.159993,12729.69,e_wallet,paid
PAY000195,O000195,2026-05-30 01:01:02.159993,15097.21,credit_card,paid
PAY000196,O000196,2026-06-19 02:08:49.159993,7305.8,bank_transfer,paid
PAY000197,O000197,2026-06-14 11:28:22.159993,7811.95,bank_transfer,paid
PAY000198,O000198,2026-05-09 11:53:27.159993,4170.84,credit_card,paid
PAY000199,O000199,2026-05-26 11:11:30.159993,43224.64,credit_card,paid
PAY000200,O000200,2026-05-30 19:48:34.159993,23517.89,cod,paid
PAY000201,O000201,2026-05-01 10:34:57.159993,21490.74,cod,failed
PAY000202,O000202,2026-06-09 14:26:00.159993,408.19,bank_transfer,paid
PAY000203,O000203,2026-06-11 14:41:06.159993,14945.87,e_wallet,paid
PAY000204,O000204,2026-06-17 08:52:20.159993,0.0,credit_card,paid
PAY000205,O000205,2026-03-26 06:09:45.159993,8595.25,bank_transfer,paid
PAY000206,O000206,2026-06-18 06:50:35.159993,0.0,e_wallet,paid
PAY000207,O000207,2026-04-25 07:40:28.159993,15765.62,cod,paid
PAY000208,O000208,2026-03-31 06:13:45.159993,15939.46,credit_card,paid
PAY000209,O000209,2026-06-05 19:49:43.159993,1546.85,credit_card,paid
PAY000210,O000210,2026-04-30 15:02:46.159993,1082.1,cod,refunded
PAY000211,O000211,2026-06-21 14:39:10.159993,21858.36,bank_transfer,paid
PAY000212,O000212,2026-04-29 22:27:25.159993,2691.02,e_wallet,paid
PAY000213,O000213,2026-06-17 12:27:31.159993,873.49,credit_card,paid
PAY000214,O000214,2026-06-14 08:17:24.159993,0.0,credit_card,failed
PAY000215,O000215,2026-06-16 00:51:24.159993,10591.45,credit_card,paid
PAY000216,O000216,2026-06-16 12:46:10.159993,37834.39,credit_card,paid
PAY000217,O000217,2026-06-04 17:44:07.159993,11867.41,cod,paid
PAY000218,O000218,2026-06-15 13:42:43.159993,1641.63,credit_card,paid
PAY000219,O000219,2026-06-20 12:13:28.159993,15844.46,credit_card,paid
PAY000220,O000220,2026-06-21 05:59:49.159993,27070.05,credit_card,paid
PAY000221,O000221,2026-06-14 23:11:28.159993,18895.54,e_wallet,paid
PAY000222,O000222,2026-06-19 17:50:17.159993,1850.49,bank_transfer,paid
PAY000223,O000223,2026-06-21 14:18:57.159993,50807.5,credit_card,paid
PAY000224,O000224,2026-03-12 02:50:11.159993,0.0,credit_card,paid
PAY000225,O000225,2026-06-20 12:21:30.159993,9777.11,e_wallet,paid
PAY000226,O000226,2026-06-15 06:50:43.159993,1621.99,e_wallet,paid
PAY000227,O000227,2026-06-10 09:00:51.159993,17630.62,credit_card,paid
PAY000228,O000228,2026-04-25 10:12:07.159993,19810.92,credit_card,paid
PAY000229,O000229,2026-06-21 12:29:40.159993,25286.31,bank_transfer,refunded
PAY000230,O000230,2026-06-17 03:51:15.159993,15776.96,credit_card,paid
PAY000231,O000231,2026-06-14 10:59:34.159993,10688.2,cod,paid
PAY000232,O000232,2026-03-19 11:23:40.159993,4465.91,bank_transfer,paid
PAY000233,O000233,2026-04-17 03:17:40.159993,37915.99,bank_transfer,paid
PAY000234,O000234,2026-06-05 02:56:07.159993,13421.45,bank_transfer,paid
PAY000235,O000235,2026-06-19 21:47:58.159993,15908.49,bank_transfer,paid
PAY000236,O000236,2026-05-30 18:34:24.159993,15376.31,credit_card,paid
PAY000237,O000237,2026-04-20 19:44:52.159993,19207.32,credit_card,paid
PAY000238,O000238,2026-05-27 03:21:07.159993,207.52,bank_transfer,paid
PAY000239,O000239,2026-06-20 16:12:33.159993,0.0,credit_card,paid
PAY000240,O000240,2026-06-10 08:34:47.159993,31859.74,bank_transfer,paid
PAY000241,O000241,2026-05-09 13:30:16.159993,4918.3,bank_transfer,paid
PAY000242,O000242,2026-06-19 02:29:26.159993,17414.62,e_wallet,paid
PAY000243,O000243,2026-06-19 08:19:02.159993,10813.68,e_wallet,paid
PAY000244,O000244,2026-03-21 02:57:12.159993,12671.37,bank_transfer,paid
PAY000245,O000245,2026-06-12 23:15:03.159993,31539.59,cod,failed
PAY000246,O000246,2026-06-21 01:22:19.159993,7711.49,e_wallet,paid
PAY000247,O000247,2026-06-20 03:18:11.159993,3314.4,bank_transfer,paid
PAY000248,O000248,2026-06-13 16:22:57.159993,28104.85,e_wallet,paid
PAY000249,O000249,2026-04-25 23:58:50.159993,13546.01,credit_card,paid
PAY000250,O000250,2026-05-31 18:39:46.159993,9638.95,credit_card,paid
PAY000251,O000251,2026-04-01 20:23:53.159993,1679.36,bank_transfer,paid
PAY000252,O000252,2026-06-13 12:31:27.159993,3604.11,cod,paid
PAY000253,O000253,2026-06-18 04:07:31.159993,7680.06,e_wallet,failed
PAY000254,O000254,2026-05-24 04:47:48.159993,705.03,bank_transfer,paid
PAY000255,O000255,2026-06-12 07:03:19.159993,8928.16,credit_card,paid
PAY000256,O000256,2026-06-06 18:52:56.159993,17454.21,credit_card,failed
PAY000257,O000257,2026-06-21 14:08:11.159993,13129.23,credit_card,paid
PAY000258,O000258,2026-06-04 06:52:50.159993,0.0,bank_transfer,paid
PAY000259,O000259,2026-05-25 03:12:25.159993,10071.86,credit_card,paid
PAY000260,O000260,2026-06-06 04:52:47.159993,13984.76,e_wallet,paid
PAY000261,O000261,2026-06-14 01:44:52.159993,5776.05,credit_card,paid
PAY000262,O000262,2026-05-29 00:42:04.159993,10859.7,bank_transfer,paid
PAY000263,O000263,2026-04-12 16:31:12.159993,6468.68,e_wallet,paid
PAY000264,O000264,2026-06-16 22:20:15.159993,23174.12,bank_transfer,paid
PAY000265,O000265,2026-06-13 09:21:27.159993,8181.17,credit_card,paid
PAY000266,O000266,2026-06-14 16:44:03.159993,8705.32,bank_transfer,failed
PAY000267,O000267,2026-06-06 15:48:12.159993,31984.1,credit_card,paid
PAY000268,O000268,2026-06-13 10:31:27.159993,23942.69,e_wallet,paid
PAY000269,O000269,2026-06-14 10:36:42.159993,7103.59,credit_card,paid
PAY000270,O000270,2026-05-27 16:47:45.159993,1305.43,credit_card,failed
PAY000271,O000271,2026-04-17 12:16:14.159993,6297.81,credit_card,paid
PAY000272,O000272,2026-05-05 10:33:00.159993,9109.3,credit_card,paid
PAY000273,O000273,2026-04-05 12:59:43.159993,15798.08,bank_transfer,paid
PAY000274,O000274,2026-06-20 15:59:26.159993,4494.88,credit_card,paid
PAY000275,O000275,2026-06-21 07:22:17.159993,16899.6,bank_transfer,failed
PAY000276,O000276,2026-04-06 06:44:09.159993,27547.26,cod,paid
PAY000277,O000277,2026-06-20 19:07:53.159993,43232.06,e_wallet,paid
PAY000278,O000278,2026-05-08 21:14:14.159993,2630.36,bank_transfer,paid
PAY000279,O000279,2026-05-20 05:16:01.159993,67272.17,bank_transfer,paid
PAY000280,O000280,2026-04-30 09:37:20.159993,7921.15,bank_transfer,paid
PAY000281,O000281,2026-06-20 23:26:29.159993,2123.74,cod,paid
PAY000282,O000282,2026-05-31 17:30:09.159993,2534.35,credit_card,paid
PAY000283,O000283,2026-06-17 20:56:11.159993,8461.99,e_wallet,paid
PAY000284,O000284,2026-06-10 00:31:52.159993,5280.17,credit_card,paid
PAY000285,O000285,2026-06-06 17:41:25.159993,10988.8,cod,paid
PAY000286,O000286,2026-06-13 03:08:05.159993,12530.76,credit_card,failed
PAY000287,O000287,2026-06-03 03:34:29.159993,17330.9,bank_transfer,paid
PAY000288,O000288,2026-06-13 03:28:13.159993,591.37,bank_transfer,paid
PAY000289,O000289,2026-05-19 19:36:57.159993,0.0,cod,paid
PAY000290,O000290,2026-06-20 22:05:56.159993,6268.47,credit_card,paid
PAY000291,O000291,2026-04-23 06:15:16.159993,872.02,bank_transfer,paid
PAY000292,O000292,2026-06-16 03:29:03.159993,0.0,credit_card,paid
PAY000293,O000293,2026-05-03 09:50:42.159993,13311.3,e_wallet,refunded
PAY000294,O000294,2026-04-15 03:52:11.159993,1614.5,e_wallet,paid
PAY000295,O000295,2026-06-18 10:21:58.159993,2628.67,credit_card,paid
PAY000296,O000296,2026-05-09 21:30:21.159993,44937.94,cod,paid
PAY000297,O000297,2026-06-21 11:41:11.159993,19978.32,credit_card,paid
PAY000298,O000298,2026-06-18 19:58:58.159993,6639.82,bank_transfer,paid
PAY000299,O000299,2026-06-17 00:11:08.159993,4788.14,bank_transfer,paid
PAY000300,O000300,2026-03-17 02:35:01.159993,2161.97,credit_card,paid
PAY000301,O000301,2026-06-20 08:12:48.159993,8531.39,cod,paid
PAY000302,O000302,2026-06-18 06:32:29.159993,6530.61,credit_card,paid
PAY000303,O000303,2026-06-17 10:23:29.159993,1374.14,bank_transfer,paid
PAY000304,O000304,2026-06-07 00:20:43.159993,10183.26,credit_card,paid
PAY000305,O000305,2026-06-21 01:54:40.159993,448.7,credit_card,paid
PAY000306,O000306,2026-04-10 02:36:17.159993,18147.96,credit_card,failed
PAY000307,O000307,2026-06-09 03:20:23.159993,722.83,credit_card,paid
PAY000308,O000308,2026-05-01 15:03:08.159993,17052.14,credit_card,paid
PAY000309,O000309,2026-05-16 15:48:29.159993,16876.52,credit_card,paid
PAY000310,O000310,2026-06-15 08:30:21.159993,6010.86,credit_card,paid
PAY000311,O000311,2026-05-24 09:23:07.159993,10433.02,e_wallet,paid
PAY000312,O000312,2026-06-14 23:33:12.159993,1794.1,credit_card,paid
PAY000313,O000313,2026-06-07 21:31:45.159993,0.0,e_wallet,paid
PAY000314,O000314,2026-05-29 17:10:05.159993,25137.28,e_wallet,refunded
PAY000315,O000315,2026-06-21 13:36:46.159993,12608.99,credit_card,paid
PAY000316,O000316,2026-06-20 10:23:49.159993,12418.81,e_wallet,paid
PAY000317,O000317,2026-04-14 08:10:36.159993,2640.69,e_wallet,failed
PAY000318,O000318,2026-05-31 11:02:38.159993,16040.12,credit_card,paid
PAY000319,O000319,2026-06-17 04:13:56.159993,10747.79,bank_transfer,paid
PAY000320,O000320,2026-05-15 06:21:52.159993,41437.08,e_wallet,paid
PAY000321,O000321,2026-05-22 17:48:58.159993,6246.96,credit_card,paid
PAY000322,O000322,2026-06-06 05:08:26.159993,18239.21,bank_transfer,paid
PAY000323,O000323,2026-04-13 09:08:26.159993,4487.22,e_wallet,paid
PAY000324,O000324,2026-05-17 04:10:47.159993,23987.44,bank_transfer,paid
PAY000325,O000325,2026-06-01 15:14:55.159993,25931.77,e_wallet,paid
PAY000326,O000326,2026-06-02 03:31:10.159993,15411.57,credit_card,refunded
PAY000327,O000327,2026-06-10 23:01:27.159993,19952.76,e_wallet,paid
PAY000328,O000328,2026-06-20 12:27:50.159993,52521.07,bank_transfer,paid
PAY000329,O000329,2026-06-01 10:49:44.159993,20357.1,bank_transfer,paid
PAY000330,O000330,2026-06-21 08:28:45.159993,3673.18,bank_transfer,paid
PAY000331,O000331,2026-06-12 22:56:07.159993,4421.22,bank_transfer,paid
PAY000332,O000332,2026-06-04 17:04:47.159993,11673.76,e_wallet,paid
PAY000333,O000333,2026-05-15 04:54:58.159993,13384.17,e_wallet,paid
PAY000334,O000334,2026-06-20 10:02:07.159993,14547.38,bank_transfer,paid
PAY000335,O000335,2026-06-19 22:35:36.159993,488.26,credit_card,paid
PAY000336,O000336,2026-06-19 20:05:34.159993,2109.03,credit_card,paid
PAY000337,O000337,2026-06-04 21:26:31.159993,30529.09,e_wallet,paid
PAY000338,O000338,2026-05-31 12:20:45.159993,34085.69,cod,paid
PAY000339,O000339,2026-06-05 10:44:25.159993,20208.83,cod,paid
PAY000340,O000340,2026-06-20 07:46:26.159993,9316.98,credit_card,failed
PAY000341,O000341,2026-04-30 08:48:38.159993,478.28,credit_card,refunded
PAY000342,O000342,2026-06-02 11:29:56.159993,22557.3,bank_transfer,paid
PAY000343,O000343,2026-06-19 22:06:14.159993,26339.59,e_wallet,paid
PAY000344,O000344,2026-06-21 01:23:56.159993,12313.18,e_wallet,refunded
PAY000345,O000345,2026-06-21 05:25:45.159993,30684.32,bank_transfer,paid
PAY000346,O000346,2026-05-19 13:02:15.159993,1186.03,credit_card,paid
PAY000347,O000347,2026-05-14 08:18:13.159993,11330.61,credit_card,refunded
PAY000348,O000348,2026-06-20 15:42:04.159993,20127.96,bank_transfer,paid
PAY000349,O000349,2026-06-21 10:14:22.159993,7891.83,e_wallet,paid
PAY000350,O000350,2026-06-11 03:44:26.159993,13837.18,bank_transfer,paid
PAY000351,O000351,2026-05-25 04:42:25.159993,3550.06,bank_transfer,paid
PAY000352,O000352,2026-05-30 23:53:49.159993,5661.65,credit_card,paid
PAY000353,O000353,2026-06-10 04:08:55.159993,4526.61,credit_card,paid
PAY000354,O000354,2026-05-17 12:03:05.159993,7655.36,bank_transfer,refunded
PAY000355,O000355,2026-05-21 11:58:29.159993,9660.37,bank_transfer,paid
PAY000356,O000356,2026-05-12 09:40:07.159993,13319.73,credit_card,paid
PAY000357,O000357,2026-04-01 03:02:52.159993,29498.59,bank_transfer,paid
PAY000358,O000358,2026-06-06 23:27:50.159993,0.0,bank_transfer,paid
PAY000359,O000359,2026-05-08 10:13:44.159993,18602.54,e_wallet,paid
PAY000360,O000360,2026-06-08 05:25:55.159993,9956.02,credit_card,paid
PAY000361,O000361,2026-06-05 18:31:07.159993,1536.85,bank_transfer,paid
PAY000362,O000362,2026-06-18 09:30:43.159993,40782.5,credit_card,paid
PAY000363,O000363,2026-04-13 09:18:27.159993,13018.7,credit_card,failed
PAY000364,O000364,2026-06-20 06:02:57.159993,31580.16,credit_card,paid
PAY000365,O000365,2026-06-21 13:56:04.159993,15223.09,credit_card,paid
PAY000366,O000366,2026-05-08 06:56:08.159993,25736.04,e_wallet,paid
PAY000367,O000367,2026-04-29 03:18:16.159993,33329.36,credit_card,paid
PAY000368,O000368,2026-06-04 06:00:12.159993,45764.61,e_wallet,paid
PAY000369,O000369,2026-06-08 09:36:40.159993,4804.66,credit_card,paid
PAY000370,O000370,2026-06-21 00:06:52.159993,18497.05,credit_card,paid
PAY000371,O000371,2026-06-16 03:22:03.159993,6583.79,credit_card,failed
PAY000372,O000372,2026-05-20 09:53:15.159993,8741.99,e_wallet,refunded
PAY000373,O000373,2026-06-20 17:14:31.159993,3378.65,e_wallet,paid
PAY000374,O000374,2026-06-19 10:01:44.159993,45857.3,credit_card,failed
PAY000375,O000375,2026-05-13 12:06:49.159993,0.0,credit_card,paid
PAY000376,O000376,2026-06-11 02:27:58.159993,7468.89,cod,paid
PAY000377,O000377,2026-06-08 00:00:57.159993,21988.34,credit_card,failed
PAY000378,O000378,2026-06-21 01:28:33.159993,0.0,bank_transfer,failed
PAY000379,O000379,2026-06-16 02:59:24.159993,13022.2,credit_card,paid
PAY000380,O000380,2026-06-02 17:13:13.159993,21968.88,e_wallet,paid
PAY000381,O000381,2026-06-17 05:04:10.159993,0.0,credit_card,paid
PAY000382,O000382,2026-05-25 15:31:56.159993,10983.76,e_wallet,paid
PAY000383,O000383,2026-06-19 19:59:23.159993,0.0,credit_card,failed
PAY000384,O000384,2026-06-07 23:57:43.159993,15880.3,bank_transfer,failed
PAY000385,O000385,2026-06-09 17:22:31.159993,37116.12,credit_card,paid
PAY000386,O000386,2026-06-20 15:32:21.159993,3606.17,credit_card,paid
PAY000387,O000387,2026-03-14 12:53:28.159993,15453.12,cod,refunded
PAY000388,O000388,2026-06-18 14:44:03.159993,2516.38,credit_card,failed
PAY000389,O000389,2026-05-18 16:25:35.159993,33861.46,credit_card,failed
PAY000390,O000390,2026-06-21 08:08:27.159993,28087.56,e_wallet,failed
PAY000391,O000391,2026-06-03 01:06:40.159993,0.0,cod,paid
PAY000392,O000392,2026-06-12 23:48:50.159993,4397.39,credit_card,paid
PAY000393,O000393,2026-06-03 23:33:49.159993,3885.28,e_wallet,paid
PAY000394,O000394,2026-06-20 10:31:03.159993,19027.94,e_wallet,refunded
PAY000395,O000395,2026-06-03 05:28:02.159993,0.0,credit_card,paid
PAY000396,O000396,2026-05-22 03:25:44.159993,31885.04,e_wallet,paid
PAY000397,O000397,2026-06-03 04:31:12.159993,1518.52,credit_card,paid
PAY000398,O000398,2026-06-06 22:30:46.159993,26483.31,bank_transfer,paid
PAY000399,O000399,2026-06-10 22:06:38.159993,5326.0,bank_transfer,paid
PAY000400,O000400,2026-06-17 13:24:16.159993,19598.68,credit_card,paid
PAY000401,O000401,2026-05-30 22:23:02.159993,30302.05,e_wallet,paid
PAY000402,O000402,2026-06-14 00:56:54.159993,4890.19,credit_card,paid
PAY000403,O000403,2026-06-20 13:17:05.159993,9155.25,bank_transfer,paid
PAY000404,O000404,2026-04-13 23:26:51.159993,4860.44,bank_transfer,paid
PAY000405,O000405,2026-03-14 21:12:22.159993,30016.38,e_wallet,paid
PAY000406,O000406,2026-05-01 19:37:13.159993,15023.8,credit_card,paid
PAY000407,O000407,2026-06-18 20:51:38.159993,8672.2,credit_card,paid
PAY000408,O000408,2026-05-03 13:11:52.159993,11585.65,e_wallet,paid
PAY000409,O000409,2026-05-18 04:00:34.159993,1305.7,credit_card,paid
PAY000410,O000410,2026-06-14 06:06:12.159993,8249.11,credit_card,paid
PAY000411,O000411,2026-06-10 14:48:35.159993,2823.82,credit_card,paid
PAY000412,O000412,2026-05-22 09:33:37.159993,5340.01,bank_transfer,paid
PAY000413,O000413,2026-06-20 07:56:13.159993,5964.58,bank_transfer,paid
PAY000414,O000414,2026-06-16 16:11:19.159993,22308.36,bank_transfer,paid
PAY000415,O000415,2026-06-10 11:18:34.159993,8592.03,credit_card,failed
PAY000416,O000416,2026-06-14 17:36:36.159993,39288.41,credit_card,paid
PAY000417,O000417,2026-06-11 05:58:28.159993,23787.37,e_wallet,paid
PAY000418,O000418,2026-05-11 18:22:53.159993,17239.66,credit_card,paid
PAY000419,O000419,2026-05-29 12:45:11.159993,0.0,credit_card,paid
PAY000420,O000420,2026-05-20 14:30:32.159993,0.0,cod,failed
PAY000421,O000421,2026-05-03 11:34:07.159993,14817.86,credit_card,paid
PAY000422,O000422,2026-02-28 15:12:35.159993,10952.0,e_wallet,paid
PAY000423,O000423,2026-06-21 00:26:22.159993,26630.03,e_wallet,paid
PAY000424,O000424,2026-06-19 05:50:04.159993,26838.66,credit_card,paid
PAY000425,O000425,2026-06-20 03:14:58.159993,22092.8,credit_card,paid
PAY000426,O000426,2026-05-03 01:12:08.159993,4855.18,credit_card,paid
PAY000427,O000427,2026-05-22 17:07:49.159993,0.0,credit_card,paid
PAY000428,O000428,2026-06-20 17:45:36.159993,0.0,credit_card,paid
PAY000429,O000429,2026-06-21 11:51:46.159993,2134.79,bank_transfer,paid
PAY000430,O000430,2026-05-05 17:24:06.159993,7189.57,e_wallet,paid
PAY000431,O000431,2026-05-30 23:53:50.159993,4202.7,cod,paid
PAY000432,O000432,2026-05-06 05:30:58.159993,25186.35,credit_card,failed
PAY000433,O000433,2026-05-09 06:29:20.159993,9449.77,credit_card,refunded
PAY000434,O000434,2026-04-14 03:59:34.159993,23658.2,e_wallet,paid
PAY000435,O000435,2026-06-19 16:48:09.159993,3375.31,credit_card,paid
PAY000436,O000436,2026-06-06 19:49:53.159993,5030.54,credit_card,failed
PAY000437,O000437,2026-05-08 14:24:34.159993,10209.98,credit_card,paid
PAY000438,O000438,2026-06-18 01:15:07.159993,9506.03,credit_card,paid
PAY000439,O000439,2026-06-20 04:33:13.159993,12809.83,credit_card,paid
PAY000440,O000440,2026-06-19 07:58:22.159993,12649.76,e_wallet,failed
PAY000441,O000441,2026-06-05 07:15:03.159993,8695.18,credit_card,paid
PAY000442,O000442,2026-06-16 01:32:17.159993,0.0,e_wallet,paid
PAY000443,O000443,2026-05-04 06:14:12.159993,3223.05,cod,paid
PAY000444,O000444,2026-04-27 09:40:49.159993,28783.08,credit_card,paid
PAY000445,O000445,2026-03-29 16:35:42.159993,7979.71,e_wallet,paid
PAY000446,O000446,2026-05-27 16:16:05.159993,13099.95,credit_card,paid
PAY000447,O000447,2026-06-15 23:18:41.159993,6816.96,credit_card,paid
PAY000448,O000448,2026-06-20 15:52:59.159993,7672.09,credit_card,paid
PAY000449,O000449,2026-04-19 01:44:46.159993,0.0,credit_card,failed
PAY000450,O000450,2026-03-31 18:06:00.159993,3110.96,cod,failed
PAY000451,O000451,2026-06-13 16:41:07.159993,6383.55,credit_card,paid
PAY000452,O000452,2026-06-18 01:53:02.159993,5427.42,bank_transfer,paid
PAY000453,O000453,2026-06-21 02:20:42.159993,19783.42,credit_card,paid
PAY000454,O000454,2026-06-19 21:46:04.159993,8923.4,e_wallet,paid
PAY000455,O000455,2026-06-18 14:58:45.159993,26323.03,bank_transfer,paid
PAY000456,O000456,2026-05-24 10:18:08.159993,13294.83,credit_card,paid
PAY000457,O000457,2026-06-18 22:59:08.159993,13710.73,bank_transfer,paid
PAY000458,O000458,2026-06-19 23:47:39.159993,14440.45,cod,refunded
PAY000459,O000459,2026-04-18 11:00:34.159993,2232.38,cod,paid
PAY000460,O000460,2026-04-23 18:04:53.159993,11671.43,credit_card,paid
PAY000461,O000461,2026-06-20 20:45:39.159993,7196.94,cod,paid
PAY000462,O000462,2026-06-07 01:22:59.159993,23215.47,credit_card,paid
PAY000463,O000463,2026-06-06 06:41:18.159993,18218.08,bank_transfer,paid
PAY000464,O000464,2026-06-12 22:58:38.159993,11293.79,bank_transfer,paid
PAY000465,O000465,2026-06-14 12:38:40.159993,3655.81,bank_transfer,paid
PAY000466,O000466,2026-06-20 21:15:25.159993,8308.57,credit_card,failed
PAY000467,O000467,2026-06-19 19:01:00.159993,11754.47,credit_card,paid
PAY000468,O000468,2026-03-29 06:41:09.159993,33848.28,credit_card,paid
PAY000469,O000469,2026-06-01 22:15:19.159993,3331.87,credit_card,paid
PAY000470,O000470,2026-06-05 20:57:47.159993,16256.48,credit_card,paid
PAY000471,O000471,2026-06-13 09:06:27.159993,13523.88,bank_transfer,paid
PAY000472,O000472,2026-01-22 18:52:38.159993,5280.14,bank_transfer,paid
PAY000473,O000473,2026-06-15 01:53:18.159993,14005.16,credit_card,paid
PAY000474,O000474,2026-05-23 12:43:49.159993,17934.79,e_wallet,paid
PAY000475,O000475,2026-06-19 10:58:01.159993,17251.07,e_wallet,paid
PAY000476,O000476,2026-05-20 15:06:43.159993,8516.38,credit_card,paid
PAY000477,O000477,2026-04-13 08:36:56.159993,17262.23,bank_transfer,paid
PAY000478,O000478,2026-05-30 10:48:21.159993,18801.46,credit_card,paid
PAY000479,O000479,2026-06-20 16:06:11.159993,7175.52,credit_card,paid
PAY000480,O000480,2026-06-19 07:25:13.159993,0.0,cod,paid
PAY000481,O000481,2026-06-20 23:11:39.159993,7548.16,credit_card,paid
PAY000482,O000482,2026-06-12 00:47:47.159993,3141.59,credit_card,paid
PAY000483,O000483,2026-06-19 00:10:44.159993,15354.64,bank_transfer,paid
PAY000484,O000484,2026-04-08 23:36:46.159993,18973.5,credit_card,paid
PAY000485,O000485,2026-06-06 15:57:52.159993,3835.8,credit_card,paid
PAY000486,O000486,2026-05-20 13:20:15.159993,47315.61,e_wallet,paid
PAY000487,O000487,2026-06-08 12:41:43.159993,23220.35,cod,paid
PAY000488,O000488,2026-06-19 02:10:29.159993,16648.42,bank_transfer,paid
PAY000489,O000489,2026-05-04 11:31:41.159993,17861.35,credit_card,paid
PAY000490,O000490,2026-06-21 11:36:51.159993,6466.02,bank_transfer,paid
PAY000491,O000491,2026-05-17 01:11:10.159993,9381.64,credit_card,paid
PAY000492,O000492,2026-06-09 22:16:21.159993,8283.82,credit_card,paid
PAY000493,O000493,2026-06-12 15:04:26.159993,12958.21,credit_card,paid
PAY000494,O000494,2026-06-21 13:45:52.159993,7237.68,credit_card,paid
PAY000495,O000495,2026-06-20 20:47:16.159993,8702.42,e_wallet,paid
PAY000496,O000496,2026-04-11 00:22:34.159993,18765.9,e_wallet,failed
PAY000497,O000497,2026-05-02 19:56:31.159993,1270.63,e_wallet,paid
PAY000498,O000498,2026-05-20 08:03:04.159993,17755.05,e_wallet,paid
PAY000499,O000499,2026-06-04 07:46:27.159993,13122.97,credit_card,paid
PAY000500,O000500,2026-06-03 05:51:56.159993,9335.13,bank_transfer,paid
PAY000501,O000501,2026-05-21 18:59:28.159993,13652.05,e_wallet,paid
PAY000502,O000502,2026-06-16 00:37:00.159993,3622.11,credit_card,paid
PAY000503,O000503,2026-06-21 06:23:29.159993,33737.58,cod,paid
PAY000504,O000504,2026-05-29 18:16:54.159993,9371.18,credit_card,paid
PAY000505,O000505,2026-04-15 17:20:48.159993,7413.96,credit_card,paid
PAY000506,O000506,2026-04-06 01:52:28.159993,2913.25,bank_transfer,paid
PAY000507,O000507,2026-06-16 11:05:03.159993,4290.79,bank_transfer,paid
PAY000508,O000508,2026-06-16 12:33:24.159993,672.76,cod,paid
PAY000509,O000509,2026-05-07 16:48:15.159993,15262.8,bank_transfer,failed
PAY000510,O000510,2026-06-10 12:57:46.159993,16715.96,credit_card,paid
PAY000511,O000511,2026-06-21 01:39:45.159993,18849.51,credit_card,failed
PAY000512,O000512,2026-06-19 05:05:50.159993,0.0,bank_transfer,paid
PAY000513,O000513,2026-06-15 17:15:13.159993,0.0,e_wallet,paid
PAY000514,O000514,2026-06-18 02:06:36.159993,15286.51,e_wallet,paid
PAY000515,O000515,2026-06-10 06:06:12.159993,11637.74,e_wallet,paid
PAY000516,O000516,2026-06-15 21:45:08.159993,4409.41,bank_transfer,failed
PAY000517,O000517,2026-06-11 00:56:20.159993,26601.2,cod,paid
PAY000518,O000518,2026-06-05 15:52:49.159993,35231.59,e_wallet,paid
PAY000519,O000519,2026-04-30 07:22:02.159993,12028.0,credit_card,paid
PAY000520,O000520,2026-06-09 06:37:17.159993,10892.56,credit_card,paid
PAY000521,O000521,2026-06-19 04:54:03.159993,10887.46,e_wallet,paid
PAY000522,O000522,2026-06-13 02:02:53.159993,0.0,credit_card,paid
PAY000523,O000523,2026-04-29 00:47:25.159993,4051.84,credit_card,paid
PAY000524,O000524,2026-05-27 07:53:24.159993,1700.78,e_wallet,failed
PAY000525,O000525,2026-06-04 00:38:04.159993,3063.03,bank_transfer,paid
PAY000526,O000526,2026-04-19 04:26:42.159993,14202.2,cod,paid
PAY000527,O000527,2026-06-19 14:26:51.159993,18063.06,bank_transfer,paid
PAY000528,O000528,2026-05-20 16:38:22.159993,7245.67,e_wallet,paid
PAY000529,O000529,2026-06-01 06:11:55.159993,16040.55,e_wallet,paid
PAY000530,O000530,2026-05-31 22:42:19.159993,21842.01,e_wallet,paid
PAY000531,O000531,2026-06-09 04:55:48.159993,14411.65,credit_card,paid
PAY000532,O000532,2026-04-29 14:33:52.159993,1576.42,cod,paid
PAY000533,O000533,2026-06-05 13:26:18.159993,4601.7,e_wallet,paid
PAY000534,O000534,2026-06-18 19:45:15.159993,5403.15,bank_transfer,paid
PAY000535,O000535,2026-06-18 12:54:05.159993,28627.92,bank_transfer,paid
PAY000536,O000536,2026-06-21 13:38:58.159993,2939.04,e_wallet,paid
PAY000537,O000537,2026-06-20 19:31:35.159993,802.38,credit_card,paid
PAY000538,O000538,2026-04-19 23:16:40.159993,0.0,credit_card,paid
PAY000539,O000539,2026-05-10 23:12:58.159993,9679.94,bank_transfer,paid
PAY000540,O000540,2026-06-19 01:36:54.159993,6585.43,e_wallet,paid
PAY000541,O000541,2026-04-06 14:51:11.159993,15417.01,credit_card,paid
PAY000542,O000542,2026-06-11 18:35:34.159993,7624.7,e_wallet,paid
PAY000543,O000543,2026-05-31 20:10:49.159993,2806.55,bank_transfer,paid
PAY000544,O000544,2026-06-01 07:18:23.159993,11153.57,credit_card,paid
PAY000545,O000545,2026-06-21 08:48:12.159993,1559.53,bank_transfer,paid
PAY000546,O000546,2026-06-17 08:26:16.159993,13418.3,e_wallet,refunded
PAY000547,O000547,2026-05-03 18:55:56.159993,2233.29,credit_card,paid
PAY000548,O000548,2026-06-16 20:27:55.159993,6935.52,bank_transfer,paid
PAY000549,O000549,2026-05-02 03:22:13.159993,167.35,credit_card,paid
PAY000550,O000550,2026-05-01 12:15:33.159993,0.0,e_wallet,refunded
PAY000551,O000551,2026-06-13 14:37:59.159993,15688.66,credit_card,paid
PAY000552,O000552,2026-06-10 21:12:06.159993,14580.14,credit_card,paid
PAY000553,O000553,2026-06-11 10:11:44.159993,33946.3,credit_card,paid
PAY000554,O000554,2026-06-21 07:57:58.159993,1968.68,e_wallet,paid
PAY000555,O000555,2026-05-28 20:27:27.159993,703.07,credit_card,paid
PAY000556,O000556,2026-05-10 13:40:20.159993,0.0,credit_card,paid
PAY000557,O000557,2026-06-17 20:18:33.159993,1831.07,credit_card,paid
PAY000558,O000558,2026-06-20 23:03:31.159993,28345.15,e_wallet,paid
PAY000559,O000559,2026-03-19 12:00:43.159993,0.0,cod,paid
PAY000560,O000560,2026-03-24 12:29:46.159993,30895.73,credit_card,paid
PAY000561,O000561,2026-04-12 23:53:26.159993,15966.81,credit_card,paid
PAY000562,O000562,2026-06-05 17:07:19.159993,100.38,e_wallet,paid
PAY000563,O000563,2026-06-20 06:48:17.159993,42144.58,credit_card,paid
PAY000564,O000564,2026-06-02 17:03:43.159993,6938.95,credit_card,paid
PAY000565,O000565,2026-06-19 18:24:42.159993,11657.52,bank_transfer,paid
PAY000566,O000566,2026-06-08 07:56:32.159993,16485.2,credit_card,paid
PAY000567,O000567,2026-06-20 14:00:23.159993,15713.94,credit_card,paid
PAY000568,O000568,2026-06-03 20:29:02.159993,892.9,credit_card,paid
PAY000569,O000569,2026-06-17 00:31:20.159993,16450.51,credit_card,paid
PAY000570,O000570,2026-05-18 08:57:14.159993,2646.01,bank_transfer,paid
PAY000571,O000571,2026-06-16 09:56:06.159993,2598.44,e_wallet,paid
PAY000572,O000572,2026-03-17 13:40:51.159993,0.0,bank_transfer,paid
PAY000573,O000573,2026-04-20 02:44:32.159993,8999.33,credit_card,paid
PAY000574,O000574,2026-05-19 20:57:23.159993,17720.18,credit_card,paid
PAY000575,O000575,2026-05-04 14:22:08.159993,31706.24,credit_card,paid
PAY000576,O000576,2026-06-21 01:32:53.159993,13624.65,bank_transfer,paid
PAY000577,O000577,2026-06-20 02:57:48.159993,56851.42,bank_transfer,refunded
PAY000578,O000578,2026-05-06 00:38:18.159993,41009.52,e_wallet,paid
PAY000579,O000579,2026-01-17 00:20:46.159993,2431.6,bank_transfer,paid
PAY000580,O000580,2026-05-05 06:08:10.159993,30103.77,e_wallet,paid
PAY000581,O000581,2026-03-12 06:50:58.159993,6533.23,bank_transfer,paid
PAY000582,O000582,2026-05-29 13:37:35.159993,6467.65,credit_card,failed
PAY000583,O000583,2026-05-26 03:43:54.159993,13138.4,bank_transfer,failed
PAY000584,O000584,2026-06-04 11:09:01.159993,19959.17,cod,failed
PAY000585,O000585,2026-06-15 00:11:16.159993,8982.66,credit_card,paid
PAY000586,O000586,2026-06-12 18:10:40.159993,10936.16,e_wallet,paid
PAY000587,O000587,2026-05-08 04:56:50.159993,27720.16,bank_transfer,paid
PAY000588,O000588,2026-06-11 07:29:12.159993,13458.54,e_wallet,paid
PAY000589,O000589,2026-06-04 12:01:42.159993,28132.52,e_wallet,failed
PAY000590,O000590,2026-06-03 20:25:53.159993,27604.51,credit_card,failed
PAY000591,O000591,2026-06-21 04:19:04.159993,632.15,credit_card,paid
PAY000592,O000592,2026-04-21 04:48:10.159993,11079.04,credit_card,paid
PAY000593,O000593,2026-06-02 13:03:40.159993,1431.03,e_wallet,paid
PAY000594,O000594,2026-06-10 00:37:33.159993,40264.42,credit_card,paid
PAY000595,O000595,2026-05-26 05:55:19.159993,5920.91,cod,failed
PAY000596,O000596,2026-06-18 18:36:42.159993,22256.04,bank_transfer,paid
PAY000597,O000597,2026-05-17 03:34:42.159993,3247.13,e_wallet,paid
PAY000598,O000598,2026-02-15 07:15:23.159993,22334.71,credit_card,paid
PAY000599,O000599,2026-06-04 01:39:14.159993,28612.56,e_wallet,paid
PAY000600,O000600,2026-06-10 11:15:54.159993,8016.7,e_wallet,paid
PAY000601,O000601,2026-06-11 09:52:25.159993,27046.62,cod,paid
PAY000602,O000602,2026-05-23 13:58:59.159993,11297.54,bank_transfer,paid
PAY000603,O000603,2026-06-20 06:30:45.159993,10935.23,bank_transfer,failed
PAY000604,O000604,2026-06-19 12:52:24.159993,24060.39,e_wallet,paid
PAY000605,O000605,2026-06-19 15:24:18.159993,18678.29,credit_card,paid
PAY000606,O000606,2026-06-17 18:28:14.159993,24951.49,e_wallet,paid
PAY000607,O000607,2026-05-21 10:51:03.159993,50248.13,cod,paid
PAY000608,O000608,2026-06-08 22:21:17.159993,14793.44,e_wallet,paid
PAY000609,O000609,2026-05-11 07:06:43.159993,4277.08,bank_transfer,paid
PAY000610,O000610,2026-04-24 15:51:25.159993,18160.65,e_wallet,paid
PAY000611,O000611,2026-06-21 09:29:39.159993,0.0,credit_card,paid
PAY000612,O000612,2026-06-16 18:40:53.159993,19735.01,e_wallet,paid
PAY000613,O000613,2026-06-20 06:44:41.159993,24761.26,credit_card,paid
PAY000614,O000614,2026-05-16 01:21:58.159993,1305.34,e_wallet,refunded
PAY000615,O000615,2026-06-18 20:14:43.159993,5579.21,credit_card,paid
PAY000616,O000616,2026-06-06 18:09:16.159993,15436.88,credit_card,paid
PAY000617,O000617,2026-05-22 21:36:51.159993,0.0,bank_transfer,paid
PAY000618,O000618,2026-05-17 14:50:15.159993,1159.49,bank_transfer,refunded
PAY000619,O000619,2026-05-28 08:39:27.159993,0.0,bank_transfer,paid
PAY000620,O000620,2026-06-19 23:30:41.159993,18357.48,e_wallet,paid
PAY000621,O000621,2026-06-04 12:31:26.159993,10061.29,credit_card,paid
PAY000622,O000622,2026-03-24 16:50:45.159993,16234.48,bank_transfer,paid
PAY000623,O000623,2026-05-23 11:01:47.159993,20597.85,credit_card,paid
PAY000624,O000624,2026-05-26 12:01:38.159993,16772.74,bank_transfer,paid
PAY000625,O000625,2026-06-16 17:50:54.159993,17791.12,credit_card,paid
PAY000626,O000626,2026-06-12 18:16:46.159993,31830.17,e_wallet,paid
PAY000627,O000627,2026-06-09 20:23:41.159993,23694.04,credit_card,paid
PAY000628,O000628,2026-06-18 04:37:04.159993,11342.17,credit_card,paid
PAY000629,O000629,2026-06-05 18:23:04.159993,23365.29,e_wallet,paid
PAY000630,O000630,2026-06-20 10:10:01.159993,11091.67,bank_transfer,paid
PAY000631,O000631,2026-05-20 17:34:17.159993,4035.21,bank_transfer,paid
PAY000632,O000632,2026-06-08 18:38:53.159993,19989.59,credit_card,paid
PAY000633,O000633,2026-05-24 19:53:45.159993,21051.46,cod,paid
PAY000634,O000634,2026-06-05 07:48:04.159993,10592.71,e_wallet,paid
PAY000635,O000635,2026-06-18 03:33:06.159993,5242.92,cod,paid
PAY000636,O000636,2026-06-21 06:16:54.159993,28819.09,credit_card,paid
PAY000637,O000637,2026-05-27 16:47:44.159993,17645.1,cod,paid
PAY000638,O000638,2026-06-20 18:05:04.159993,27662.96,credit_card,paid
PAY000639,O000639,2026-06-16 16:40:27.159993,23315.39,bank_transfer,paid
PAY000640,O000640,2026-06-20 08:09:05.159993,22578.49,e_wallet,paid
PAY000641,O000641,2026-05-16 00:53:00.159993,17480.83,bank_transfer,paid
PAY000642,O000642,2026-06-01 23:09:04.159993,46548.31,credit_card,paid
PAY000643,O000643,2026-06-21 10:37:05.159993,6172.61,e_wallet,paid
PAY000644,O000644,2026-04-08 00:49:30.159993,5696.1,e_wallet,failed
PAY000645,O000645,2026-06-20 20:56:38.159993,0.0,credit_card,paid
PAY000646,O000646,2026-06-15 01:59:04.159993,1473.76,cod,paid
PAY000647,O000647,2026-03-26 09:05:23.159993,7232.58,e_wallet,paid
PAY000648,O000648,2026-06-20 12:57:52.159993,9939.3,e_wallet,paid
PAY000649,O000649,2026-06-03 15:17:05.159993,6587.98,bank_transfer,failed
PAY000650,O000650,2026-05-30 04:46:37.159993,6265.67,bank_transfer,paid
PAY000651,O000651,2026-06-11 16:54:11.159993,17120.37,credit_card,paid
PAY000652,O000652,2026-06-15 22:04:39.159993,0.0,bank_transfer,paid
PAY000653,O000653,2026-06-20 20:02:38.159993,218.86,e_wallet,paid
PAY000654,O000654,2026-06-14 18:31:56.159993,1194.74,credit_card,paid
PAY000655,O000655,2026-06-15 17:50:16.159993,8404.45,credit_card,paid
PAY000656,O000656,2026-06-16 12:46:00.159993,6584.98,bank_transfer,paid
PAY000657,O000657,2026-05-25 13:18:32.159993,10452.25,credit_card,paid
PAY000658,O000658,2026-06-16 01:54:20.159993,4717.18,credit_card,paid
PAY000659,O000659,2026-06-19 19:45:11.159993,4020.66,bank_transfer,paid
PAY000660,O000660,2026-05-31 08:45:33.159993,7263.92,credit_card,failed
PAY000661,O000661,2026-06-05 14:15:29.159993,29540.37,credit_card,paid
PAY000662,O000662,2026-06-21 10:07:35.159993,14218.32,credit_card,paid
PAY000663,O000663,2026-06-13 23:00:27.159993,2962.34,e_wallet,paid
PAY000664,O000664,2026-06-21 01:02:02.159993,6328.58,bank_transfer,paid
PAY000665,O000665,2026-06-19 04:41:49.159993,11966.46,credit_card,paid
PAY000666,O000666,2026-06-20 17:32:35.159993,535.94,bank_transfer,paid
PAY000667,O000667,2026-05-29 09:14:55.159993,11702.49,credit_card,paid
PAY000668,O000668,2026-05-10 16:23:31.159993,19493.18,bank_transfer,failed
PAY000669,O000669,2026-06-05 01:23:11.159993,2885.3,bank_transfer,paid
PAY000670,O000670,2026-04-25 17:07:50.159993,16699.72,e_wallet,failed
PAY000671,O000671,2026-04-23 18:11:22.159993,9730.65,bank_transfer,paid
PAY000672,O000672,2026-06-20 05:02:59.159993,20333.63,credit_card,paid
PAY000673,O000673,2026-06-17 07:24:40.159993,6430.44,credit_card,paid
PAY000674,O000674,2026-06-20 13:12:05.159993,16318.11,credit_card,paid
PAY000675,O000675,2026-04-20 09:35:49.159993,21283.3,cod,paid
PAY000676,O000676,2026-05-23 21:23:27.159993,5626.94,bank_transfer,paid
PAY000677,O000677,2026-06-15 17:08:15.159993,6121.84,credit_card,failed
PAY000678,O000678,2026-05-23 18:06:14.159993,52.48,e_wallet,paid
PAY000679,O000679,2026-06-17 08:39:57.159993,8265.61,e_wallet,paid
PAY000680,O000680,2026-06-21 14:37:26.159993,20307.2,e_wallet,paid
PAY000681,O000681,2026-05-09 04:27:15.159993,914.08,bank_transfer,failed
PAY000682,O000682,2026-06-01 16:33:31.159993,0.0,bank_transfer,failed
PAY000683,O000683,2026-06-13 14:55:30.159993,9027.51,e_wallet,paid
PAY000684,O000684,2026-06-17 04:59:38.159993,22412.4,bank_transfer,paid
PAY000685,O000685,2026-02-04 02:59:12.159993,19609.85,credit_card,paid
PAY000686,O000686,2026-03-28 22:34:29.159993,19170.27,e_wallet,paid
PAY000687,O000687,2026-06-21 02:53:39.159993,10504.95,e_wallet,paid
PAY000688,O000688,2026-05-09 05:27:02.159993,20218.42,e_wallet,paid
PAY000689,O000689,2026-04-29 15:46:53.159993,19023.4,credit_card,paid
PAY000690,O000690,2026-06-03 21:03:15.159993,15985.02,credit_card,paid
PAY000691,O000691,2026-06-05 17:19:44.159993,6962.43,credit_card,paid
PAY000692,O000692,2026-06-08 11:30:46.159993,8470.95,cod,paid
PAY000693,O000693,2026-04-09 21:01:51.159993,10001.1,credit_card,paid
PAY000694,O000694,2026-06-16 15:20:22.159993,25174.15,credit_card,paid
PAY000695,O000695,2026-06-21 13:50:15.159993,12184.69,credit_card,paid
PAY000696,O000696,2026-06-17 05:22:44.159993,1256.96,credit_card,paid
PAY000697,O000697,2026-05-17 13:13:41.159993,16319.43,bank_transfer,failed
PAY000698,O000698,2026-06-21 13:22:24.159993,831.63,e_wallet,paid
PAY000699,O000699,2026-06-17 01:32:18.159993,16018.75,credit_card,paid
PAY000700,O000700,2026-06-19 06:20:52.159993,30258.87,bank_transfer,paid
PAY000701,O000701,2026-06-04 18:23:13.159993,24360.33,credit_card,paid
PAY000702,O000702,2026-06-16 23:11:21.159993,4604.27,e_wallet,paid
PAY000703,O000703,2026-05-30 02:03:37.159993,1876.08,e_wallet,paid
PAY000704,O000704,2026-06-13 16:53:24.159993,9720.11,credit_card,paid
PAY000705,O000705,2026-04-02 09:01:00.159993,3745.71,e_wallet,failed
PAY000706,O000706,2026-06-15 04:12:13.159993,17924.3,bank_transfer,paid
PAY000707,O000707,2026-06-21 12:23:10.159993,1060.3,credit_card,paid
PAY000708,O000708,2026-06-20 17:26:29.159993,1449.22,credit_card,failed
PAY000709,O000709,2026-06-17 09:05:18.159993,7785.13,bank_transfer,paid
PAY000710,O000710,2026-06-21 03:34:12.159993,5627.17,bank_transfer,paid
PAY000711,O000711,2026-04-02 13:07:41.159993,33100.37,credit_card,paid
PAY000712,O000712,2026-05-07 13:45:12.159993,5689.56,e_wallet,paid
PAY000713,O000713,2026-06-14 17:07:44.159993,18589.73,e_wallet,paid
PAY000714,O000714,2026-06-18 20:28:02.159993,7371.95,bank_transfer,paid
PAY000715,O000715,2026-05-27 10:05:10.159993,11721.25,credit_card,failed
PAY000716,O000716,2026-05-21 00:52:44.159993,21466.56,bank_transfer,paid
PAY000717,O000717,2026-05-18 13:54:11.159993,2727.35,credit_card,refunded
PAY000718,O000718,2026-06-12 06:45:25.159993,35566.29,credit_card,paid
PAY000719,O000719,2026-05-21 23:20:26.159993,7509.72,credit_card,paid
PAY000720,O000720,2026-05-10 09:28:11.159993,19911.82,bank_transfer,paid
PAY000721,O000721,2026-06-21 08:41:25.159993,5156.61,e_wallet,paid
PAY000722,O000722,2026-05-23 18:34:45.159993,8076.68,e_wallet,paid
PAY000723,O000723,2026-03-20 08:30:59.159993,4959.56,credit_card,paid
PAY000724,O000724,2026-06-21 12:25:04.159993,19591.56,e_wallet,paid
PAY000725,O000725,2026-06-19 15:05:59.159993,18001.72,bank_transfer,paid
PAY000726,O000726,2026-06-03 01:33:57.159993,2854.26,credit_card,paid
PAY000727,O000727,2026-06-19 11:19:30.159993,15726.58,e_wallet,paid
PAY000728,O000728,2026-06-13 22:59:51.159993,13778.0,bank_transfer,paid
PAY000729,O000729,2026-06-01 22:13:14.159993,0.0,credit_card,paid
PAY000730,O000730,2026-06-10 03:50:17.159993,33484.02,e_wallet,paid
PAY000731,O000731,2026-06-15 20:22:16.159993,13348.98,bank_transfer,paid
PAY000732,O000732,2026-04-28 15:15:47.159993,36018.08,e_wallet,paid
PAY000733,O000733,2026-06-13 16:29:06.159993,14276.13,credit_card,paid
PAY000734,O000734,2026-06-14 17:42:33.159993,22818.66,cod,paid
PAY000735,O000735,2026-06-10 23:06:40.159993,38530.16,credit_card,paid
PAY000736,O000736,2026-05-20 07:36:23.159993,1014.52,credit_card,paid
PAY000737,O000737,2026-06-20 22:03:11.159993,6716.04,bank_transfer,paid
PAY000738,O000738,2026-06-03 13:42:42.159993,6682.91,e_wallet,paid
PAY000739,O000739,2026-06-17 19:46:16.159993,2766.94,e_wallet,paid
PAY000740,O000740,2026-05-17 01:59:13.159993,17135.1,credit_card,failed
PAY000741,O000741,2026-06-19 14:56:17.159993,2680.84,credit_card,paid
PAY000742,O000742,2026-05-01 10:05:46.159993,9265.49,credit_card,failed
PAY000743,O000743,2026-04-03 02:46:03.159993,6017.44,e_wallet,paid
PAY000744,O000744,2026-05-07 06:30:02.159993,1044.53,credit_card,failed
PAY000745,O000745,2026-05-27 04:55:04.159993,0.0,cod,paid
PAY000746,O000746,2026-05-25 17:47:14.159993,14703.26,bank_transfer,paid
PAY000747,O000747,2026-01-12 07:21:31.159993,24579.75,cod,paid
PAY000748,O000748,2026-06-05 05:32:22.159993,5292.72,bank_transfer,paid
PAY000749,O000749,2026-06-03 18:22:00.159993,12086.55,e_wallet,paid
PAY000750,O000750,2026-06-19 05:37:41.159993,17988.62,credit_card,paid
PAY000751,O000751,2026-05-24 04:40:19.159993,0.0,credit_card,paid
PAY000752,O000752,2026-06-02 19:50:03.159993,7343.18,cod,paid
PAY000753,O000753,2026-06-20 20:56:11.159993,21254.23,credit_card,paid
PAY000754,O000754,2026-06-16 13:25:50.159993,13309.53,e_wallet,paid
PAY000755,O000755,2026-05-26 20:02:40.159993,19811.96,credit_card,paid
PAY000756,O000756,2026-05-23 07:23:40.159993,23808.97,cod,paid
PAY000757,O000757,2026-05-27 09:55:14.159993,0.0,credit_card,paid
PAY000758,O000758,2026-06-19 09:38:44.159993,1374.57,credit_card,paid
PAY000759,O000759,2026-06-21 11:14:21.159993,14149.58,cod,paid
PAY000760,O000760,2026-06-11 01:09:30.159993,9057.59,e_wallet,paid
PAY000761,O000761,2026-05-23 06:52:08.159993,26638.76,e_wallet,paid
PAY000762,O000762,2026-06-18 03:32:30.159993,25027.29,credit_card,paid
PAY000763,O000763,2026-06-01 13:24:06.159993,13010.42,e_wallet,failed
PAY000764,O000764,2026-06-21 11:55:41.159993,13391.46,bank_transfer,paid
PAY000765,O000765,2026-06-11 22:54:04.159993,1719.26,credit_card,paid
PAY000766,O000766,2026-06-18 22:34:13.159993,10170.58,credit_card,paid
PAY000767,O000767,2026-03-30 18:48:10.159993,23924.83,bank_transfer,paid
PAY000768,O000768,2026-05-29 05:42:35.159993,0.0,credit_card,refunded
PAY000769,O000769,2026-06-07 18:15:50.159993,14118.94,bank_transfer,paid
PAY000770,O000770,2026-03-22 14:30:49.159993,7603.42,credit_card,paid
PAY000771,O000771,2026-06-20 17:53:56.159993,4805.56,credit_card,paid
PAY000772,O000772,2026-05-10 00:22:29.159993,18498.98,bank_transfer,paid
PAY000773,O000773,2026-04-21 20:39:35.159993,479.62,e_wallet,paid
PAY000774,O000774,2026-06-07 21:13:59.159993,32667.95,bank_transfer,failed
PAY000775,O000775,2026-06-10 02:10:34.159993,39964.51,e_wallet,paid
PAY000776,O000776,2026-06-10 02:05:01.159993,32336.37,credit_card,paid
PAY000777,O000777,2026-03-29 03:10:19.159993,5621.78,cod,paid
PAY000778,O000778,2026-06-05 07:43:52.159993,9759.08,credit_card,paid
PAY000779,O000779,2026-04-10 01:35:32.159993,3174.6,bank_transfer,paid
PAY000780,O000780,2026-05-29 19:45:09.159993,7946.58,e_wallet,paid
PAY000781,O000781,2026-06-13 15:45:38.159993,5983.59,credit_card,paid
PAY000782,O000782,2026-06-19 10:06:49.159993,3892.09,credit_card,paid
PAY000783,O000783,2026-06-12 05:11:15.159993,2054.62,credit_card,paid
PAY000784,O000784,2026-06-18 14:45:13.159993,9913.29,credit_card,paid
PAY000785,O000785,2026-06-14 22:01:11.159993,9185.43,credit_card,paid
PAY000786,O000786,2026-06-15 21:15:28.159993,6742.32,e_wallet,paid
PAY000787,O000787,2026-06-20 03:33:00.159993,5541.68,bank_transfer,paid
PAY000788,O000788,2026-06-19 10:14:20.159993,1728.41,e_wallet,paid
PAY000789,O000789,2026-05-09 04:58:31.159993,0.0,credit_card,paid
PAY000790,O000790,2026-06-19 12:01:52.159993,14492.39,e_wallet,paid
PAY000791,O000791,2026-05-07 04:28:14.159993,32144.53,credit_card,failed
PAY000792,O000792,2026-04-01 07:22:13.159993,0.0,credit_card,paid
PAY000793,O000793,2026-03-03 22:19:03.159993,24036.17,bank_transfer,paid
PAY000794,O000794,2026-06-09 16:02:28.159993,6764.12,e_wallet,paid
PAY000795,O000795,2026-04-29 02:32:46.159993,21264.52,bank_transfer,failed
PAY000796,O000796,2026-06-15 12:14:20.159993,14830.65,bank_transfer,refunded
PAY000797,O000797,2026-06-08 16:08:16.159993,19491.13,e_wallet,paid
PAY000798,O000798,2026-05-24 15:06:59.159993,6920.02,credit_card,paid
PAY000799,O000799,2026-06-03 05:08:05.159993,6452.28,credit_card,paid
PAY000800,O000800,2026-06-20 11:25:48.159993,9389.46,bank_transfer,refunded
PAY000801,O000801,2026-05-24 00:37:22.159993,19098.5,bank_transfer,paid
PAY000802,O000802,2026-06-20 09:59:09.159993,8880.5,credit_card,paid
PAY000803,O000803,2026-03-29 12:56:22.159993,5519.04,bank_transfer,paid
PAY000804,O000804,2026-06-13 11:17:25.159993,35015.93,e_wallet,paid
PAY000805,O000805,2026-05-29 03:33:57.159993,0.0,bank_transfer,paid
PAY000806,O000806,2026-03-08 14:48:41.159993,10732.2,bank_transfer,paid
PAY000807,O000807,2026-05-15 13:48:30.159993,0.0,credit_card,paid
PAY000808,O000808,2026-06-17 19:04:37.159993,17398.87,bank_transfer,failed
PAY000809,O000809,2026-06-17 09:35:20.159993,0.0,credit_card,paid
PAY000810,O000810,2026-04-14 18:07:46.159993,20651.57,credit_card,paid
PAY000811,O000811,2026-06-19 13:15:06.159993,24757.06,credit_card,paid
PAY000812,O000812,2026-05-30 04:41:51.159993,25722.33,e_wallet,paid
PAY000813,O000813,2026-06-06 00:53:18.159993,15017.07,credit_card,refunded
PAY000814,O000814,2026-05-04 22:26:06.159993,2396.64,bank_transfer,paid
PAY000815,O000815,2026-06-21 07:21:37.159993,31361.77,e_wallet,paid
PAY000816,O000816,2026-05-26 19:05:05.159993,11048.8,credit_card,paid
PAY000817,O000817,2026-03-29 19:38:38.159993,9781.1,e_wallet,paid
PAY000818,O000818,2026-06-07 05:48:24.159993,0.0,bank_transfer,paid
PAY000819,O000819,2026-06-13 08:48:19.159993,804.67,bank_transfer,paid
PAY000820,O000820,2026-06-07 07:47:06.159993,4580.12,credit_card,paid
PAY000821,O000821,2026-05-24 19:09:38.159993,17574.77,e_wallet,paid
PAY000822,O000822,2026-06-04 20:11:20.159993,26132.18,bank_transfer,paid
PAY000823,O000823,2026-04-09 13:50:40.159993,16467.11,credit_card,paid
PAY000824,O000824,2026-05-19 05:19:01.159993,10183.45,credit_card,paid
PAY000825,O000825,2026-06-01 23:21:20.159993,11483.06,bank_transfer,failed
PAY000826,O000826,2026-06-14 07:58:10.159993,4266.83,credit_card,paid
PAY000827,O000827,2026-05-20 20:49:57.159993,1281.37,cod,paid
PAY000828,O000828,2026-06-21 13:11:45.159993,6311.61,bank_transfer,paid
PAY000829,O000829,2026-04-08 06:47:48.159993,5217.98,e_wallet,paid
PAY000830,O000830,2026-05-03 20:55:25.159993,8462.59,e_wallet,paid
PAY000831,O000831,2026-05-20 23:33:29.159993,19743.89,credit_card,paid
PAY000832,O000832,2026-06-20 17:47:14.159993,8383.67,e_wallet,paid
PAY000833,O000833,2026-06-19 16:05:44.159993,3673.69,e_wallet,paid
PAY000834,O000834,2026-06-18 14:11:43.159993,14543.92,bank_transfer,paid
PAY000835,O000835,2026-06-21 07:16:59.159993,0.0,e_wallet,paid
PAY000836,O000836,2026-06-07 16:07:54.159993,13524.71,e_wallet,paid
PAY000837,O000837,2026-06-16 02:25:16.159993,0.0,credit_card,paid
PAY000838,O000838,2026-06-13 10:40:24.159993,1001.36,e_wallet,paid
PAY000839,O000839,2026-06-18 01:55:36.159993,15910.84,e_wallet,paid
PAY000840,O000840,2026-06-21 01:46:32.159993,8631.93,credit_card,paid
PAY000841,O000841,2026-06-19 23:10:30.159993,27498.98,bank_transfer,paid
PAY000842,O000842,2026-05-11 16:00:20.159993,11753.86,e_wallet,paid
PAY000843,O000843,2026-05-15 00:14:55.159993,13414.14,e_wallet,paid
PAY000844,O000844,2026-06-17 05:27:55.159993,1600.14,credit_card,paid
PAY000845,O000845,2026-06-02 16:41:07.159993,6427.17,credit_card,paid
PAY000846,O000846,2026-06-14 16:34:39.159993,18966.66,bank_transfer,paid
PAY000847,O000847,2026-06-10 11:48:36.159993,3917.34,cod,paid
PAY000848,O000848,2026-06-19 06:59:12.159993,2351.51,bank_transfer,paid
PAY000849,O000849,2026-06-14 13:20:04.159993,0.0,credit_card,paid
PAY000850,O000850,2026-06-20 03:01:29.159993,1319.75,e_wallet,paid
PAY000851,O000851,2026-05-30 04:59:04.159993,26077.28,bank_transfer,paid
PAY000852,O000852,2026-06-15 13:25:24.159993,14694.57,bank_transfer,paid
PAY000853,O000853,2026-06-21 08:51:58.159993,12935.9,bank_transfer,paid
PAY000854,O000854,2026-06-17 01:01:13.159993,16324.77,credit_card,paid
PAY000855,O000855,2026-03-30 02:45:55.159993,5192.73,credit_card,paid
PAY000856,O000856,2026-06-07 19:14:21.159993,0.0,bank_transfer,paid
PAY000857,O000857,2026-05-31 07:09:41.159993,14400.54,credit_card,failed
PAY000858,O000858,2026-06-02 04:45:24.159993,0.0,bank_transfer,paid
PAY000859,O000859,2026-02-14 00:23:16.159993,18971.79,bank_transfer,paid
PAY000860,O000860,2026-06-13 18:57:39.159993,355.47,bank_transfer,paid
PAY000861,O000861,2026-06-20 23:46:13.159993,17876.84,bank_transfer,paid
PAY000862,O000862,2026-06-11 07:05:21.159993,23101.32,bank_transfer,paid
PAY000863,O000863,2026-06-21 06:58:50.159993,20024.53,credit_card,paid
PAY000864,O000864,2026-06-19 01:11:55.159993,15471.13,bank_transfer,paid
PAY000865,O000865,2026-06-09 14:19:51.159993,8557.84,e_wallet,paid
PAY000866,O000866,2026-06-19 17:39:34.159993,17398.17,credit_card,paid
PAY000867,O000867,2026-06-18 22:56:51.159993,6387.17,credit_card,paid
PAY000868,O000868,2026-06-20 07:33:58.159993,1111.87,credit_card,paid
PAY000869,O000869,2026-06-15 12:50:47.159993,1177.49,bank_transfer,paid
PAY000870,O000870,2026-03-05 00:19:27.159993,13087.33,e_wallet,paid
PAY000871,O000871,2026-06-12 14:59:44.159993,9477.63,bank_transfer,paid
PAY000872,O000872,2026-06-19 09:33:49.159993,5327.62,cod,paid
PAY000873,O000873,2026-06-10 07:42:54.159993,20225.62,bank_transfer,paid
PAY000874,O000874,2026-05-05 15:59:00.159993,7548.95,credit_card,paid
PAY000875,O000875,2026-05-01 01:34:47.159993,12311.38,credit_card,paid
PAY000876,O000876,2026-05-24 16:41:14.159993,25323.42,bank_transfer,paid
PAY000877,O000877,2026-06-19 08:07:00.159993,603.44,bank_transfer,paid
PAY000878,O000878,2026-06-11 18:57:54.159993,33514.87,bank_transfer,paid
PAY000879,O000879,2026-04-05 21:56:09.159993,10081.83,cod,paid
PAY000880,O000880,2026-06-21 07:31:21.159993,25910.18,credit_card,paid
PAY000881,O000881,2026-06-06 13:18:27.159993,6775.16,credit_card,paid
PAY000882,O000882,2026-06-09 13:23:25.159993,9244.45,e_wallet,paid
PAY000883,O000883,2026-06-01 07:44:10.159993,2774.86,credit_card,failed
PAY000884,O000884,2026-06-21 00:30:45.159993,557.26,bank_transfer,paid
PAY000885,O000885,2026-05-22 06:19:06.159993,1258.68,credit_card,paid
PAY000886,O000886,2026-05-23 11:12:50.159993,10699.64,bank_transfer,failed
PAY000887,O000887,2026-06-21 04:19:29.159993,27091.73,cod,failed
PAY000888,O000888,2026-05-02 03:07:35.159993,13404.12,e_wallet,paid
PAY000889,O000889,2026-05-26 02:39:53.159993,224.09,credit_card,paid
PAY000890,O000890,2026-06-16 17:21:22.159993,25547.19,cod,paid
PAY000891,O000891,2026-06-19 19:33:16.159993,25277.78,bank_transfer,paid
PAY000892,O000892,2026-06-18 11:19:27.159993,8430.58,credit_card,failed
PAY000893,O000893,2026-04-25 08:08:33.159993,29223.89,e_wallet,paid
PAY000894,O000894,2026-05-27 00:36:43.159993,9357.0,credit_card,paid
PAY000895,O000895,2026-06-09 15:31:21.159993,3651.03,bank_transfer,paid
PAY000896,O000896,2026-06-16 15:03:46.159993,4770.45,credit_card,paid
PAY000897,O000897,2026-06-05 01:07:13.159993,1019.29,credit_card,paid
PAY000898,O000898,2026-05-02 12:37:12.159993,19838.28,credit_card,paid
PAY000899,O000899,2026-06-21 14:30:12.159993,12910.93,e_wallet,paid
PAY000900,O000900,2026-06-18 06:40:45.159993,1883.11,e_wallet,paid
PAY000901,O000901,2026-05-24 12:27:13.159993,3834.33,e_wallet,paid
PAY000902,O000902,2026-06-17 07:43:25.159993,27671.51,credit_card,paid
PAY000903,O000903,2026-05-14 04:42:41.159993,0.0,credit_card,paid
PAY000904,O000904,2026-06-20 03:52:51.159993,21001.19,e_wallet,paid
PAY000905,O000905,2026-06-21 02:31:06.159993,18306.5,bank_transfer,paid
PAY000906,O000906,2026-05-25 12:20:51.159993,4665.34,e_wallet,paid
PAY000907,O000907,2026-06-21 11:55:16.159993,0.0,bank_transfer,paid
PAY000908,O000908,2026-06-21 00:50:26.159993,8454.31,e_wallet,paid
PAY000909,O000909,2026-06-18 08:51:13.159993,24882.02,credit_card,paid
PAY000910,O000910,2026-06-19 15:31:57.159993,2748.64,credit_card,paid
PAY000911,O000911,2026-06-06 06:00:34.159993,0.0,bank_transfer,failed
PAY000912,O000912,2026-05-31 23:56:43.159993,20887.46,bank_transfer,paid
PAY000913,O000913,2026-04-07 11:09:53.159993,4207.61,credit_card,paid
PAY000914,O000914,2026-06-12 07:11:11.159993,37270.26,credit_card,paid
PAY000915,O000915,2026-05-29 17:07:59.159993,1646.35,credit_card,paid
PAY000916,O000916,2026-05-14 13:33:01.159993,21498.36,credit_card,paid
PAY000917,O000917,2026-06-17 17:03:15.159993,21321.93,cod,paid
PAY000918,O000918,2026-06-20 12:04:33.159993,0.0,bank_transfer,paid
PAY000919,O000919,2026-05-04 22:22:59.159993,15766.1,bank_transfer,paid
PAY000920,O000920,2026-06-13 21:21:11.159993,6547.58,e_wallet,paid
PAY000921,O000921,2026-05-08 21:23:30.159993,14857.86,credit_card,failed
PAY000922,O000922,2026-06-17 03:12:26.159993,1765.72,e_wallet,paid
PAY000923,O000923,2026-06-15 08:01:34.159993,0.0,credit_card,failed
PAY000924,O000924,2026-05-30 14:20:58.159993,35633.6,bank_transfer,paid
PAY000925,O000925,2026-05-20 22:05:44.159993,12102.16,credit_card,paid
PAY000926,O000926,2026-06-20 03:03:37.159993,5103.49,e_wallet,paid
PAY000927,O000927,2026-05-15 01:10:35.159993,19256.91,e_wallet,paid
PAY000928,O000928,2026-06-08 17:17:14.159993,34327.61,e_wallet,paid
PAY000929,O000929,2026-05-03 02:19:34.159993,12491.5,e_wallet,paid
PAY000930,O000930,2026-06-09 02:07:35.159993,13199.75,cod,paid
PAY000931,O000931,2026-05-07 22:28:14.159993,14319.6,bank_transfer,paid
PAY000932,O000932,2026-06-02 15:55:37.159993,8964.11,bank_transfer,paid
PAY000933,O000933,2026-06-11 13:34:02.159993,17303.46,e_wallet,refunded
PAY000934,O000934,2026-06-21 03:43:58.159993,2477.8,e_wallet,failed
PAY000935,O000935,2026-04-17 05:20:47.159993,0.0,credit_card,paid
PAY000936,O000936,2026-06-14 08:54:55.159993,18122.32,credit_card,paid
PAY000937,O000937,2026-06-16 20:01:55.159993,30838.81,e_wallet,paid
PAY000938,O000938,2026-06-20 15:22:14.159993,25753.01,cod,paid
PAY000939,O000939,2026-06-18 03:51:51.159993,371.71,credit_card,paid
PAY000940,O000940,2026-06-18 20:31:30.159993,19796.39,e_wallet,paid
PAY000941,O000941,2026-06-20 22:47:39.159993,14007.71,credit_card,paid
PAY000942,O000942,2026-06-12 13:02:10.159993,1180.6,e_wallet,paid
PAY000943,O000943,2026-06-16 04:29:59.159993,12371.55,cod,paid
PAY000944,O000944,2026-06-20 15:49:13.159993,6392.99,credit_card,paid
PAY000945,O000945,2026-06-19 17:38:56.159993,15352.37,e_wallet,paid
PAY000946,O000946,2026-06-20 08:36:28.159993,19426.15,credit_card,failed
PAY000947,O000947,2026-04-17 19:48:25.159993,17077.95,cod,paid
PAY000948,O000948,2026-06-20 05:27:01.159993,13993.05,bank_transfer,paid
PAY000949,O000949,2026-05-16 08:36:46.159993,0.0,credit_card,paid
PAY000950,O000950,2026-03-16 17:00:58.159993,161.09,credit_card,paid
PAY000951,O000951,2026-06-11 18:59:35.159993,12504.81,e_wallet,paid
PAY000952,O000952,2026-05-04 08:33:42.159993,44735.65,bank_transfer,paid
PAY000953,O000953,2026-06-04 20:29:44.159993,9892.42,credit_card,paid
PAY000954,O000954,2026-06-06 20:41:38.159993,9651.19,bank_transfer,paid
PAY000955,O000955,2026-03-06 10:11:50.159993,24120.16,credit_card,paid
PAY000956,O000956,2026-05-14 06:04:45.159993,5080.95,cod,paid
PAY000957,O000957,2026-06-18 01:34:40.159993,129.99,credit_card,paid
PAY000958,O000958,2026-06-15 06:53:57.159993,6549.57,bank_transfer,paid
PAY000959,O000959,2026-06-15 01:59:11.159993,10588.18,credit_card,failed
PAY000960,O000960,2026-06-16 04:04:01.159993,4586.28,e_wallet,paid
PAY000961,O000961,2026-05-30 09:24:53.159993,18396.58,credit_card,paid
PAY000962,O000962,2026-03-07 03:12:07.159993,4771.39,credit_card,paid
PAY000963,O000963,2026-05-22 02:48:01.159993,5721.89,cod,paid
PAY000964,O000964,2026-06-14 22:24:57.159993,16520.66,e_wallet,paid
PAY000965,O000965,2026-05-24 07:37:22.159993,3222.4,e_wallet,paid
PAY000966,O000966,2026-06-18 19:50:13.159993,0.0,cod,paid
PAY000967,O000967,2026-06-21 11:39:29.159993,8615.13,bank_transfer,paid
PAY000968,O000968,2026-06-14 23:44:52.159993,10387.63,e_wallet,paid
PAY000969,O000969,2026-05-13 00:19:09.159993,6111.35,credit_card,paid
PAY000970,O000970,2026-06-18 21:47:20.159993,1789.91,bank_transfer,paid
PAY000971,O000971,2026-06-20 05:00:35.159993,4087.0,credit_card,paid
PAY000972,O000972,2026-06-07 16:37:47.159993,0.0,credit_card,paid
PAY000973,O000973,2026-05-30 18:33:26.159993,0.0,credit_card,paid
PAY000974,O000974,2026-05-26 00:15:49.159993,2027.52,bank_transfer,paid
PAY000975,O000975,2026-04-03 19:24:44.159993,25982.14,cod,paid
PAY000976,O000976,2026-06-21 13:30:18.159993,3896.39,e_wallet,paid
PAY000977,O000977,2026-06-12 16:56:04.159993,9364.62,e_wallet,paid
PAY000978,O000978,2026-06-16 11:21:47.159993,8521.0,e_wallet,paid
PAY000979,O000979,2026-06-18 03:25:58.159993,13232.47,credit_card,paid
PAY000980,O000980,2026-04-20 09:14:31.159993,7045.93,cod,failed
PAY000981,O000981,2026-06-04 21:12:54.159993,23123.34,credit_card,paid
PAY000982,O000982,2026-03-31 07:18:54.159993,11783.21,credit_card,paid
PAY000983,O000983,2026-06-21 09:31:11.159993,16862.67,bank_transfer,paid
PAY000984,O000984,2026-05-31 09:35:17.159993,18477.62,bank_transfer,paid
PAY000985,O000985,2026-05-25 19:44:33.159993,20342.04,cod,paid
PAY000986,O000986,2026-03-31 19:33:49.159993,24345.98,bank_transfer,paid
PAY000987,O000987,2026-04-02 21:52:01.159993,26974.03,credit_card,paid
PAY000988,O000988,2026-04-21 05:28:41.159993,220.81,e_wallet,paid
PAY000989,O000989,2026-05-18 21:50:11.159993,10627.45,e_wallet,paid
PAY000990,O000990,2026-06-14 21:22:41.159993,503.59,bank_transfer,paid
PAY000991,O000991,2026-06-08 22:28:18.159993,659.1,cod,paid
PAY000992,O000992,2026-06-18 17:33:40.159993,20023.14,credit_card,paid
PAY000993,O000993,2026-04-24 09:59:11.159993,470.62,credit_card,paid
PAY000994,O000994,2026-04-16 21:00:45.159993,9546.24,cod,paid
PAY000995,O000995,2026-06-01 01:47:16.159993,0.0,e_wallet,paid
PAY000996,O000996,2026-05-07 12:55:16.159993,12834.26,credit_card,paid
PAY000997,O000997,2026-06-01 22:30:58.159993,10517.08,e_wallet,paid
PAY000998,O000998,2026-06-13 01:27:06.159993,18569.71,credit_card,paid
PAY000999,O000999,2026-05-27 17:17:20.159993,50492.64,bank_transfer,paid
PAY001000,O001000,2026-06-05 00:46:30.159993,25428.58,e_wallet,paid
PAY001001,O001001,2026-03-25 04:39:12.159993,5489.41,e_wallet,paid
PAY001002,O001002,2026-06-20 22:59:23.159993,8326.62,credit_card,paid
PAY001003,O001003,2026-06-05 10:46:03.159993,8695.72,bank_transfer,paid
PAY001004,O001004,2026-06-02 08:32:22.159993,15832.89,bank_transfer,paid
PAY001005,O001005,2026-03-31 05:04:31.159993,3999.51,cod,failed
PAY001006,O001006,2026-05-10 17:36:28.159993,24242.19,e_wallet,paid
PAY001007,O001007,2026-06-19 19:16:36.159993,9113.55,cod,paid
PAY001008,O001008,2026-06-20 22:18:29.159993,0.0,credit_card,paid
PAY001009,O001009,2026-05-27 11:58:39.159993,788.09,e_wallet,failed
PAY001010,O001010,2026-01-25 10:27:02.159993,5924.58,credit_card,paid
PAY001011,O001011,2026-06-19 20:53:09.159993,26419.01,credit_card,failed
PAY001012,O001012,2026-05-31 13:21:34.159993,13579.33,credit_card,paid
PAY001013,O001013,2026-06-18 21:27:08.159993,5078.24,credit_card,paid
PAY001014,O001014,2026-06-20 04:09:12.159993,1507.42,credit_card,paid
PAY001015,O001015,2026-06-09 11:31:09.159993,759.53,credit_card,paid
PAY001016,O001016,2026-04-09 10:45:59.159993,0.0,bank_transfer,paid
PAY001017,O001017,2026-06-20 04:01:30.159993,958.94,bank_transfer,paid
PAY001018,O001018,2026-06-20 17:49:09.159993,2198.89,credit_card,paid
PAY001019,O001019,2026-01-20 08:09:23.159993,1705.98,bank_transfer,paid
PAY001020,O001020,2026-03-29 18:37:38.159993,11380.51,e_wallet,paid
PAY001021,O001021,2026-05-30 04:01:19.159993,7725.27,credit_card,paid
PAY001022,O001022,2026-04-18 11:53:15.159993,6504.51,e_wallet,paid
PAY001023,O001023,2026-05-06 02:41:23.159993,9874.19,e_wallet,paid
PAY001024,O001024,2026-06-21 06:13:01.159993,6629.9,bank_transfer,paid
PAY001025,O001025,2026-06-01 10:34:48.159993,4883.69,credit_card,paid
PAY001026,O001026,2026-06-19 23:22:58.159993,0.0,e_wallet,paid
PAY001027,O001027,2026-06-18 22:44:04.159993,3783.32,e_wallet,paid
PAY001028,O001028,2026-06-18 16:23:48.159993,22528.25,bank_transfer,paid
PAY001029,O001029,2026-06-21 01:50:31.159993,4141.24,e_wallet,failed
PAY001030,O001030,2026-05-24 08:27:23.159993,14221.21,bank_transfer,paid
PAY001031,O001031,2026-06-12 17:02:20.159993,4048.0,credit_card,paid
PAY001032,O001032,2026-05-16 16:41:36.159993,10199.39,credit_card,paid
PAY001033,O001033,2026-06-18 21:53:56.159993,7510.38,credit_card,paid
PAY001034,O001034,2026-05-30 02:48:19.159993,10070.26,credit_card,failed
PAY001035,O001035,2026-06-21 09:13:53.159993,2246.14,credit_card,failed
PAY001036,O001036,2026-06-13 18:53:36.159993,4569.77,e_wallet,paid
PAY001037,O001037,2026-05-01 18:28:47.159993,21491.63,bank_transfer,refunded
PAY001038,O001038,2026-06-04 19:49:22.159993,0.0,credit_card,paid
PAY001039,O001039,2026-06-14 10:14:06.159993,10540.07,credit_card,refunded
PAY001040,O001040,2026-06-13 15:42:13.159993,4519.07,e_wallet,failed
PAY001041,O001041,2026-06-21 03:05:49.159993,0.0,e_wallet,paid
PAY001042,O001042,2026-06-15 02:32:22.159993,8160.67,credit_card,paid
PAY001043,O001043,2026-06-21 02:48:49.159993,11525.18,credit_card,paid
PAY001044,O001044,2026-06-01 01:31:54.159993,4818.59,e_wallet,paid
PAY001045,O001045,2026-06-03 22:17:26.159993,33204.6,e_wallet,paid
PAY001046,O001046,2026-06-14 00:12:56.159993,14726.22,credit_card,paid
PAY001047,O001047,2026-06-11 06:24:45.159993,5692.54,bank_transfer,paid
PAY001048,O001048,2026-05-08 10:29:10.159993,4728.43,credit_card,paid
PAY001049,O001049,2026-06-16 23:02:01.159993,0.0,e_wallet,failed
PAY001050,O001050,2026-06-06 15:45:08.159993,23166.9,e_wallet,paid
PAY001051,O001051,2026-06-13 09:29:45.159993,12150.8,e_wallet,paid
PAY001052,O001052,2026-04-21 07:26:25.159993,386.6,e_wallet,failed
PAY001053,O001053,2026-06-12 02:42:02.159993,3615.48,credit_card,paid
PAY001054,O001054,2026-06-15 03:37:21.159993,15356.86,bank_transfer,refunded
PAY001055,O001055,2026-05-06 23:29:49.159993,16620.91,bank_transfer,paid
PAY001056,O001056,2026-06-19 08:03:08.159993,9835.32,credit_card,paid
PAY001057,O001057,2026-06-13 00:18:12.159993,0.0,e_wallet,paid
PAY001058,O001058,2026-04-11 12:56:45.159993,18481.9,bank_transfer,paid
PAY001059,O001059,2026-04-29 12:53:55.159993,7964.04,e_wallet,paid
PAY001060,O001060,2026-05-26 14:15:55.159993,1082.77,e_wallet,paid
PAY001061,O001061,2026-06-18 00:49:48.159993,3357.74,bank_transfer,paid
PAY001062,O001062,2026-05-06 22:35:15.159993,0.0,e_wallet,paid
PAY001063,O001063,2026-05-31 08:17:39.159993,4105.25,cod,paid
PAY001064,O001064,2026-06-15 17:57:55.159993,7583.16,credit_card,paid
PAY001065,O001065,2026-06-20 14:04:15.159993,4686.96,cod,paid
PAY001066,O001066,2026-05-07 19:45:55.159993,0.0,cod,paid
PAY001067,O001067,2026-06-11 19:45:09.159993,5665.28,e_wallet,paid
PAY001068,O001068,2026-04-08 11:39:41.159993,4466.26,e_wallet,paid
PAY001069,O001069,2026-06-01 14:19:58.159993,4419.89,credit_card,paid
PAY001070,O001070,2026-05-15 18:08:26.159993,0.0,credit_card,refunded
PAY001071,O001071,2026-06-21 06:43:05.159993,16.8,e_wallet,refunded
PAY001072,O001072,2026-06-10 19:10:46.159993,14445.83,credit_card,paid
PAY001073,O001073,2026-06-05 03:57:39.159993,3372.88,credit_card,paid
PAY001074,O001074,2026-06-19 05:55:39.159993,8357.68,credit_card,paid
PAY001075,O001075,2026-06-11 13:00:52.159993,9302.41,e_wallet,refunded
PAY001076,O001076,2026-05-13 20:30:40.159993,3076.22,credit_card,paid
PAY001077,O001077,2026-06-20 08:19:26.159993,6145.6,bank_transfer,paid
PAY001078,O001078,2026-04-25 04:07:41.159993,23147.45,bank_transfer,paid
PAY001079,O001079,2026-05-10 12:40:48.159993,8532.18,e_wallet,paid
PAY001080,O001080,2026-05-09 09:23:28.159993,16847.97,bank_transfer,paid
PAY001081,O001081,2026-06-14 05:02:43.159993,11829.01,e_wallet,failed
PAY001082,O001082,2026-06-21 09:35:28.159993,5710.68,cod,paid
PAY001083,O001083,2026-04-26 17:46:18.159993,9211.13,credit_card,paid
PAY001084,O001084,2026-06-21 09:52:07.159993,19658.06,cod,refunded
PAY001085,O001085,2026-06-21 09:41:25.159993,5394.46,cod,paid
PAY001086,O001086,2026-06-21 01:19:44.159993,25313.58,bank_transfer,paid
PAY001087,O001087,2026-06-20 19:30:39.159993,12898.48,e_wallet,paid
PAY001088,O001088,2026-06-19 06:29:12.159993,20946.14,e_wallet,paid
PAY001089,O001089,2026-06-16 00:41:59.159993,20840.46,bank_transfer,paid
PAY001090,O001090,2026-05-17 03:23:39.159993,2086.59,credit_card,paid
PAY001091,O001091,2026-05-26 17:35:13.159993,8821.42,e_wallet,paid
PAY001092,O001092,2026-06-19 19:38:58.159993,22646.82,e_wallet,paid
PAY001093,O001093,2026-06-13 07:44:15.159993,33477.52,bank_transfer,paid
PAY001094,O001094,2026-06-18 11:52:55.159993,8131.97,credit_card,paid
PAY001095,O001095,2026-06-01 19:10:36.159993,35492.51,bank_transfer,paid
PAY001096,O001096,2026-04-21 04:31:47.159993,8816.87,e_wallet,paid
PAY001097,O001097,2026-06-10 17:32:27.159993,8124.81,credit_card,paid
PAY001098,O001098,2026-06-18 14:05:26.159993,16651.47,e_wallet,paid
PAY001099,O001099,2026-05-24 06:20:13.159993,2846.56,bank_transfer,paid
PAY001100,O001100,2026-06-20 22:09:05.159993,49566.78,bank_transfer,paid
PAY001101,O001101,2026-06-06 06:39:47.159993,22005.76,e_wallet,paid
PAY001102,O001102,2026-04-08 07:38:23.159993,361.92,credit_card,paid
PAY001103,O001103,2026-06-01 17:06:07.159993,9418.25,bank_transfer,paid
PAY001104,O001104,2026-05-21 09:40:59.159993,6738.65,e_wallet,paid
PAY001105,O001105,2026-06-15 16:22:57.159993,4435.65,bank_transfer,failed
PAY001106,O001106,2026-06-03 08:32:26.159993,2911.88,credit_card,paid
PAY001107,O001107,2026-05-31 00:47:35.159993,12785.1,credit_card,paid
PAY001108,O001108,2026-06-07 22:53:55.159993,1735.26,bank_transfer,paid
PAY001109,O001109,2026-06-06 18:31:56.159993,24345.08,credit_card,paid
PAY001110,O001110,2026-06-18 09:40:12.159993,949.97,e_wallet,paid
PAY001111,O001111,2026-06-20 09:47:32.159993,3017.71,bank_transfer,paid
PAY001112,O001112,2026-06-17 10:42:45.159993,17706.86,e_wallet,paid
PAY001113,O001113,2026-05-06 11:58:22.159993,9578.26,bank_transfer,paid
PAY001114,O001114,2026-06-01 18:31:02.159993,1583.59,bank_transfer,paid
PAY001115,O001115,2026-05-07 06:53:37.159993,10557.25,credit_card,paid
PAY001116,O001116,2026-03-24 10:27:56.159993,12285.55,credit_card,paid
PAY001117,O001117,2026-05-03 23:14:31.159993,2473.68,credit_card,paid
PAY001118,O001118,2026-06-06 22:14:38.159993,10499.37,bank_transfer,paid
PAY001119,O001119,2026-04-20 20:51:12.159993,0.0,credit_card,paid
PAY001120,O001120,2026-05-29 10:14:29.159993,17819.15,bank_transfer,paid
PAY001121,O001121,2026-06-18 02:37:47.159993,18291.95,credit_card,failed
PAY001122,O001122,2026-06-19 17:39:25.159993,5525.91,cod,paid
PAY001123,O001123,2026-06-20 10:44:41.159993,6674.3,bank_transfer,paid
PAY001124,O001124,2026-05-25 20:26:58.159993,6599.69,bank_transfer,failed
PAY001125,O001125,2026-05-24 14:23:02.159993,37024.16,credit_card,paid
PAY001126,O001126,2026-06-01 04:02:34.159993,11300.68,credit_card,paid
PAY001127,O001127,2026-06-15 15:40:10.159993,24301.75,bank_transfer,paid
PAY001128,O001128,2026-06-20 10:36:31.159993,5370.99,credit_card,paid
PAY001129,O001129,2026-05-22 22:51:16.159993,5758.92,e_wallet,paid
PAY001130,O001130,2026-04-03 15:26:20.159993,27168.59,bank_transfer,paid
PAY001131,O001131,2026-06-18 09:02:02.159993,5957.21,cod,paid
PAY001132,O001132,2026-06-01 17:32:38.159993,18854.83,cod,paid
PAY001133,O001133,2026-06-20 01:33:01.159993,18097.8,credit_card,paid
PAY001134,O001134,2026-06-18 13:34:43.159993,19947.08,credit_card,refunded
PAY001135,O001135,2026-06-20 08:21:14.159993,6718.79,credit_card,paid
PAY001136,O001136,2026-06-15 11:34:29.159993,9913.19,e_wallet,paid
PAY001137,O001137,2026-06-20 05:27:11.159993,7946.18,credit_card,paid
PAY001138,O001138,2026-06-16 05:36:46.159993,12702.22,credit_card,paid
PAY001139,O001139,2026-04-02 03:27:48.159993,29684.62,credit_card,paid
PAY001140,O001140,2026-02-10 20:37:22.159993,9111.05,credit_card,paid
PAY001141,O001141,2026-06-20 19:42:51.159993,8601.53,bank_transfer,paid
PAY001142,O001142,2026-06-17 08:34:26.159993,22347.45,cod,paid
PAY001143,O001143,2026-05-12 09:26:55.159993,40160.85,bank_transfer,paid
PAY001144,O001144,2026-06-20 22:51:26.159993,31117.85,e_wallet,paid
PAY001145,O001145,2026-06-15 18:11:56.159993,8127.49,credit_card,failed
PAY001146,O001146,2026-06-16 19:59:07.159993,24429.32,e_wallet,paid
PAY001147,O001147,2026-06-19 20:32:50.159993,8612.71,credit_card,paid
PAY001148,O001148,2026-06-13 00:31:26.159993,7865.34,bank_transfer,paid
PAY001149,O001149,2026-06-20 17:32:57.159993,603.96,e_wallet,paid
PAY001150,O001150,2026-05-28 11:29:09.159993,11191.64,cod,paid
PAY001151,O001151,2026-06-18 17:35:04.159993,5325.16,credit_card,paid
PAY001152,O001152,2026-06-18 20:08:57.159993,0.0,credit_card,paid
PAY001153,O001153,2026-06-01 22:22:14.159993,15901.83,bank_transfer,paid
PAY001154,O001154,2026-04-23 04:33:01.159993,24611.82,bank_transfer,refunded
PAY001155,O001155,2026-06-17 23:33:53.159993,10740.87,e_wallet,paid
PAY001156,O001156,2026-06-15 05:30:01.159993,816.48,credit_card,refunded
PAY001157,O001157,2026-05-22 16:36:00.159993,1187.0,credit_card,paid
PAY001158,O001158,2026-06-08 06:28:31.159993,8518.95,bank_transfer,paid
PAY001159,O001159,2026-06-18 06:09:37.159993,8825.01,cod,paid
PAY001160,O001160,2026-06-13 17:26:09.159993,0.0,e_wallet,paid
PAY001161,O001161,2026-06-12 23:51:09.159993,2874.97,credit_card,paid
PAY001162,O001162,2026-02-06 16:47:20.159993,29481.63,bank_transfer,paid
PAY001163,O001163,2026-05-25 12:35:39.159993,18949.14,credit_card,paid
PAY001164,O001164,2026-06-21 05:37:13.159993,30912.56,e_wallet,paid
PAY001165,O001165,2026-05-20 21:49:31.159993,12388.74,cod,paid
PAY001166,O001166,2026-05-17 18:56:38.159993,3290.83,e_wallet,paid
PAY001167,O001167,2026-06-21 06:20:42.159993,5107.93,bank_transfer,paid
PAY001168,O001168,2026-06-17 12:43:12.159993,24905.28,bank_transfer,paid
PAY001169,O001169,2026-06-20 08:57:47.159993,0.0,cod,paid
PAY001170,O001170,2026-06-14 23:45:04.159993,2971.74,e_wallet,paid
PAY001171,O001171,2026-06-12 02:21:46.159993,1260.85,credit_card,refunded
PAY001172,O001172,2026-06-16 10:35:54.159993,6911.92,credit_card,paid
PAY001173,O001173,2026-06-16 06:03:12.159993,2280.62,e_wallet,paid
PAY001174,O001174,2026-06-16 09:37:13.159993,5046.07,e_wallet,paid
PAY001175,O001175,2026-02-16 21:45:42.159993,9499.36,credit_card,refunded
PAY001176,O001176,2026-05-12 03:18:10.159993,2838.21,bank_transfer,failed
PAY001177,O001177,2026-06-18 21:58:41.159993,0.0,e_wallet,failed
PAY001178,O001178,2026-04-22 12:13:05.159993,3291.44,credit_card,paid
PAY001179,O001179,2026-04-24 16:30:13.159993,1077.11,e_wallet,paid
PAY001180,O001180,2026-06-06 21:53:35.159993,14903.44,e_wallet,paid
PAY001181,O001181,2026-06-20 00:47:47.159993,23607.74,credit_card,failed
PAY001182,O001182,2026-05-14 09:12:14.159993,8072.88,credit_card,paid
PAY001183,O001183,2026-03-29 02:26:54.159993,8290.89,cod,paid
PAY001184,O001184,2026-06-21 13:33:47.159993,0.0,credit_card,paid
PAY001185,O001185,2026-05-03 04:19:52.159993,0.0,e_wallet,paid
PAY001186,O001186,2026-06-07 07:54:46.159993,11476.61,bank_transfer,paid
PAY001187,O001187,2026-04-21 00:57:19.159993,12515.14,bank_transfer,failed
PAY001188,O001188,2026-06-03 12:47:34.159993,4508.04,cod,refunded
PAY001189,O001189,2026-05-24 18:08:43.159993,2208.74,credit_card,paid
PAY001190,O001190,2026-06-20 18:18:25.159993,1856.11,cod,paid
PAY001191,O001191,2026-05-31 18:12:32.159993,23752.85,bank_transfer,paid
PAY001192,O001192,2026-04-17 19:14:00.159993,10922.72,credit_card,paid
PAY001193,O001193,2026-06-20 04:02:09.159993,8683.27,credit_card,paid
PAY001194,O001194,2026-05-27 05:18:34.159993,0.0,bank_transfer,paid
PAY001195,O001195,2026-06-12 14:06:48.159993,7563.16,credit_card,paid
PAY001196,O001196,2026-06-18 05:09:02.159993,4156.55,bank_transfer,paid
PAY001197,O001197,2026-06-15 10:47:07.159993,13155.14,credit_card,paid
PAY001198,O001198,2026-06-17 19:27:13.159993,14971.74,cod,paid
PAY001199,O001199,2026-06-01 22:19:36.159993,19715.44,credit_card,paid
PAY001200,O001200,2026-06-13 23:07:04.159993,2993.34,bank_transfer,failed
PAY001201,O001201,2026-06-21 14:12:09.159993,0.0,credit_card,paid
PAY001202,O001202,2026-03-05 21:28:34.159993,20293.19,cod,paid
PAY001203,O001203,2026-06-03 17:01:01.159993,15112.4,e_wallet,paid
PAY001204,O001204,2026-06-21 14:25:36.159993,11241.28,bank_transfer,paid
PAY001205,O001205,2026-04-18 10:39:27.159993,37085.28,cod,paid
PAY001206,O001206,2026-06-21 09:06:43.159993,40189.52,credit_card,paid
PAY001207,O001207,2026-05-12 16:39:05.159993,21587.51,bank_transfer,failed
PAY001208,O001208,2026-06-16 08:34:11.159993,0.0,e_wallet,paid
PAY001209,O001209,2026-06-20 10:13:14.159993,3961.02,cod,paid
PAY001210,O001210,2026-06-20 08:48:30.159993,22612.92,bank_transfer,paid
PAY001211,O001211,2026-06-21 05:16:24.159993,4915.1,e_wallet,paid
PAY001212,O001212,2026-05-06 11:34:14.159993,8089.79,credit_card,paid
PAY001213,O001213,2026-06-20 20:06:04.159993,9568.12,e_wallet,paid
PAY001214,O001214,2026-05-30 16:48:53.159993,4307.95,credit_card,paid
PAY001215,O001215,2026-01-29 16:09:13.159993,21538.57,credit_card,refunded
PAY001216,O001216,2026-06-14 16:17:54.159993,13714.19,bank_transfer,paid
PAY001217,O001217,2026-05-21 09:25:48.159993,8380.9,e_wallet,paid
PAY001218,O001218,2026-05-29 09:37:27.159993,9524.17,credit_card,paid
PAY001219,O001219,2026-06-11 01:48:59.159993,12535.47,e_wallet,paid
PAY001220,O001220,2026-06-14 05:29:52.159993,48415.54,credit_card,paid
PAY001221,O001221,2026-05-14 05:57:46.159993,4460.64,credit_card,paid
PAY001222,O001222,2026-06-08 19:06:49.159993,31490.24,cod,paid
PAY001223,O001223,2026-06-08 10:16:20.159993,768.56,bank_transfer,paid
PAY001224,O001224,2026-06-21 12:17:19.159993,12348.46,bank_transfer,paid
PAY001225,O001225,2026-06-14 11:59:37.159993,1544.51,credit_card,paid
PAY001226,O001226,2026-06-19 18:22:00.159993,2692.65,bank_transfer,paid
PAY001227,O001227,2026-06-15 14:46:19.159993,10152.43,credit_card,paid
PAY001228,O001228,2026-06-12 11:04:23.159993,10535.45,bank_transfer,refunded
PAY001229,O001229,2026-06-10 15:04:16.159993,10985.25,bank_transfer,paid
PAY001230,O001230,2026-03-26 12:23:17.159993,3579.01,e_wallet,paid
PAY001231,O001231,2026-04-09 02:53:33.159993,13388.45,credit_card,paid
PAY001232,O001232,2026-06-21 09:29:50.159993,28988.95,credit_card,paid
PAY001233,O001233,2026-05-05 22:58:26.159993,39255.53,credit_card,paid
PAY001234,O001234,2026-06-18 22:00:17.159993,30983.15,e_wallet,paid
PAY001235,O001235,2026-06-02 21:14:32.159993,13650.63,e_wallet,paid
PAY001236,O001236,2026-06-03 19:52:10.159993,16963.02,e_wallet,refunded
PAY001237,O001237,2026-06-19 21:01:25.159993,7675.64,bank_transfer,failed
PAY001238,O001238,2026-06-21 03:04:44.159993,0.0,bank_transfer,paid
PAY001239,O001239,2026-05-30 10:33:19.159993,18734.02,credit_card,paid
PAY001240,O001240,2026-05-20 23:30:32.159993,6329.67,bank_transfer,paid
PAY001241,O001241,2026-06-21 07:04:17.159993,4446.04,credit_card,paid
PAY001242,O001242,2026-06-15 12:32:04.159993,6530.45,credit_card,paid
PAY001243,O001243,2026-06-15 01:46:33.159993,18481.57,bank_transfer,paid
PAY001244,O001244,2026-06-06 20:58:22.159993,3570.37,credit_card,paid
PAY001245,O001245,2026-06-20 01:39:25.159993,0.0,cod,paid
PAY001246,O001246,2026-06-19 20:21:20.159993,24506.39,credit_card,paid
PAY001247,O001247,2026-06-16 19:07:59.159993,17647.12,bank_transfer,paid
PAY001248,O001248,2026-05-04 10:07:20.159993,32523.88,bank_transfer,paid
PAY001249,O001249,2026-06-14 05:58:38.159993,15650.51,e_wallet,paid
PAY001250,O001250,2026-04-21 04:29:11.159993,43124.54,credit_card,paid
PAY001251,O001251,2026-06-20 17:16:30.159993,13064.37,credit_card,paid
PAY001252,O001252,2026-06-17 08:09:58.159993,15201.94,credit_card,paid
PAY001253,O001253,2026-06-17 14:23:48.159993,45467.84,credit_card,paid
PAY001254,O001254,2026-06-17 20:50:12.159993,887.65,e_wallet,paid
PAY001255,O001255,2026-06-16 14:42:20.159993,7738.25,e_wallet,paid
PAY001256,O001256,2026-05-22 09:25:06.159993,27507.17,e_wallet,failed
PAY001257,O001257,2026-03-05 12:19:14.159993,15851.34,bank_transfer,paid
PAY001258,O001258,2026-04-30 05:43:56.159993,25005.92,e_wallet,paid
PAY001259,O001259,2026-05-30 06:46:50.159993,21298.07,credit_card,failed
PAY001260,O001260,2026-05-10 12:05:23.159993,10916.61,e_wallet,paid
PAY001261,O001261,2026-06-13 07:21:22.159993,9215.72,credit_card,paid
PAY001262,O001262,2026-05-23 11:46:51.159993,32291.74,e_wallet,paid
PAY001263,O001263,2026-04-10 23:15:29.159993,4383.35,e_wallet,paid
PAY001264,O001264,2026-05-24 07:37:44.159993,25218.96,bank_transfer,paid
PAY001265,O001265,2026-06-13 19:22:33.159993,3576.69,e_wallet,paid
PAY001266,O001266,2026-06-21 02:58:01.159993,2397.44,e_wallet,paid
PAY001267,O001267,2026-06-13 23:40:06.159993,5542.42,credit_card,failed
PAY001268,O001268,2026-06-19 14:41:26.159993,573.91,e_wallet,paid
PAY001269,O001269,2026-06-18 20:03:41.159993,18751.21,credit_card,paid
PAY001270,O001270,2026-06-21 07:25:19.159993,16161.09,credit_card,failed
PAY001271,O001271,2026-05-10 13:54:05.159993,3699.8,e_wallet,paid
PAY001272,O001272,2026-04-11 10:08:00.159993,4968.55,e_wallet,paid
PAY001273,O001273,2026-06-03 18:55:23.159993,27543.23,cod,paid
PAY001274,O001274,2026-06-15 03:52:57.159993,10875.23,cod,paid
PAY001275,O001275,2026-06-04 14:32:20.159993,2868.5,credit_card,paid
PAY001276,O001276,2026-06-16 08:25:59.159993,23369.25,credit_card,refunded
PAY001277,O001277,2026-06-20 00:37:58.159993,7878.95,credit_card,paid
PAY001278,O001278,2026-06-21 14:34:34.159993,5789.07,bank_transfer,paid
PAY001279,O001279,2026-06-17 19:49:30.159993,0.0,bank_transfer,refunded
PAY001280,O001280,2026-06-20 19:24:20.159993,2134.97,e_wallet,paid
PAY001281,O001281,2026-05-04 10:55:56.159993,7697.36,e_wallet,paid
PAY001282,O001282,2026-06-14 16:35:11.159993,553.87,e_wallet,paid
PAY001283,O001283,2026-03-29 12:58:00.159993,1642.32,e_wallet,paid
PAY001284,O001284,2026-05-27 23:53:23.159993,15993.86,bank_transfer,paid
PAY001285,O001285,2026-05-14 18:54:21.159993,11473.03,bank_transfer,paid
PAY001286,O001286,2026-05-31 23:22:29.159993,4303.31,cod,paid
PAY001287,O001287,2026-05-25 19:32:32.159993,19508.36,credit_card,paid
PAY001288,O001288,2026-03-31 16:42:29.159993,13350.94,bank_transfer,paid
PAY001289,O001289,2026-04-28 11:12:41.159993,20577.71,bank_transfer,paid
PAY001290,O001290,2026-06-10 17:18:52.159993,0.0,e_wallet,paid
PAY001291,O001291,2026-06-15 16:46:13.159993,133.87,e_wallet,failed
PAY001292,O001292,2026-06-20 19:59:09.159993,11251.2,e_wallet,paid
PAY001293,O001293,2026-06-21 06:05:54.159993,4494.65,cod,paid
PAY001294,O001294,2026-06-10 03:05:03.159993,2218.63,credit_card,failed
PAY001295,O001295,2026-04-18 18:14:07.159993,2871.72,bank_transfer,paid
PAY001296,O001296,2026-06-15 02:04:10.159993,10685.19,credit_card,paid
PAY001297,O001297,2026-06-17 17:30:54.159993,8856.08,credit_card,paid
PAY001298,O001298,2026-06-20 13:58:51.159993,5353.42,bank_transfer,failed
PAY001299,O001299,2026-06-12 00:17:09.159993,0.0,e_wallet,paid
PAY001300,O001300,2026-06-17 15:44:40.159993,18013.02,e_wallet,paid
PAY001301,O001301,2026-05-28 23:54:39.159993,26146.82,credit_card,paid
PAY001302,O001302,2026-05-27 21:28:08.159993,2854.9,credit_card,paid
PAY001303,O001303,2026-06-18 11:45:23.159993,1426.69,credit_card,paid
PAY001304,O001304,2026-04-05 16:50:03.159993,10104.29,cod,paid
PAY001305,O001305,2026-06-12 07:40:31.159993,11294.57,cod,paid
PAY001306,O001306,2026-05-24 04:00:40.159993,7216.04,e_wallet,paid
PAY001307,O001307,2026-06-20 20:32:41.159993,0.0,credit_card,paid
PAY001308,O001308,2026-04-18 16:12:53.159993,1771.44,cod,refunded
PAY001309,O001309,2026-05-03 16:20:51.159993,28817.46,cod,paid
PAY001310,O001310,2026-06-17 06:43:18.159993,8168.41,credit_card,paid
PAY001311,O001311,2026-06-13 09:18:50.159993,3038.68,bank_transfer,failed
PAY001312,O001312,2026-05-27 23:29:38.159993,24119.73,e_wallet,refunded
PAY001313,O001313,2026-06-05 14:53:24.159993,23642.91,credit_card,paid
PAY001314,O001314,2026-03-15 18:16:31.159993,9249.98,bank_transfer,paid
PAY001315,O001315,2026-05-20 20:08:31.159993,17756.21,bank_transfer,failed
PAY001316,O001316,2026-04-30 09:53:29.159993,0.0,e_wallet,failed
PAY001317,O001317,2026-06-01 12:04:24.159993,17288.24,e_wallet,paid
PAY001318,O001318,2026-06-19 15:48:24.159993,0.0,cod,paid
PAY001319,O001319,2026-06-08 01:30:05.159993,31255.41,credit_card,paid
PAY001320,O001320,2026-06-21 11:19:44.159993,1910.42,cod,paid
PAY001321,O001321,2026-06-21 00:32:00.159993,0.0,bank_transfer,failed
PAY001322,O001322,2026-05-12 03:34:25.159993,12344.95,e_wallet,paid
PAY001323,O001323,2026-05-28 18:19:52.159993,369.92,credit_card,paid
PAY001324,O001324,2026-06-16 17:09:40.159993,187.3,cod,paid
PAY001325,O001325,2026-05-15 00:23:05.159993,8860.81,credit_card,paid
PAY001326,O001326,2026-06-14 21:57:43.159993,17118.14,e_wallet,refunded
PAY001327,O001327,2026-04-11 06:46:05.159993,6393.71,bank_transfer,paid
PAY001328,O001328,2026-06-02 02:42:26.159993,8174.33,bank_transfer,paid
PAY001329,O001329,2026-06-20 12:54:44.159993,9839.31,bank_transfer,paid
PAY001330,O001330,2026-06-19 23:50:32.159993,6440.43,credit_card,failed
PAY001331,O001331,2026-04-28 11:04:37.159993,16654.73,e_wallet,paid
PAY001332,O001332,2026-05-20 18:25:34.159993,4332.57,credit_card,paid
PAY001333,O001333,2026-04-27 14:08:21.159993,0.0,credit_card,paid
PAY001334,O001334,2026-06-03 07:52:13.159993,26879.83,bank_transfer,paid
PAY001335,O001335,2026-06-09 11:45:24.159993,7751.79,credit_card,paid
PAY001336,O001336,2026-06-14 19:39:58.159993,30432.25,e_wallet,paid
PAY001337,O001337,2026-06-19 12:15:06.159993,0.0,credit_card,paid
PAY001338,O001338,2026-05-14 13:30:38.159993,9442.99,e_wallet,paid
PAY001339,O001339,2026-04-19 07:20:01.159993,7475.52,credit_card,paid
PAY001340,O001340,2026-05-29 15:21:39.159993,12528.3,credit_card,paid
PAY001341,O001341,2026-06-03 07:46:14.159993,51209.74,e_wallet,failed
PAY001342,O001342,2026-06-13 07:42:08.159993,22995.09,credit_card,paid
PAY001343,O001343,2026-06-03 16:43:04.159993,15346.52,credit_card,paid
PAY001344,O001344,2026-06-16 04:23:11.159993,22666.66,e_wallet,failed
PAY001345,O001345,2026-06-21 11:33:59.159993,37167.81,e_wallet,paid
PAY001346,O001346,2026-05-31 05:45:07.159993,5633.79,credit_card,paid
PAY001347,O001347,2026-06-15 16:30:52.159993,12055.73,credit_card,paid
PAY001348,O001348,2026-06-21 10:04:08.159993,21061.82,bank_transfer,paid
PAY001349,O001349,2026-06-15 19:13:59.159993,45620.36,e_wallet,failed
PAY001350,O001350,2026-06-14 21:01:50.159993,13634.36,e_wallet,failed
PAY001351,O001351,2026-06-17 11:27:43.159993,1307.06,e_wallet,failed
PAY001352,O001352,2026-06-04 02:36:12.159993,9183.57,credit_card,paid
PAY001353,O001353,2026-06-19 07:30:48.159993,123.31,bank_transfer,paid
PAY001354,O001354,2026-06-07 00:45:44.159993,3295.05,cod,paid
PAY001355,O001355,2026-06-21 11:07:27.159993,17396.52,credit_card,paid
PAY001356,O001356,2026-05-06 02:49:32.159993,14717.79,e_wallet,failed
PAY001357,O001357,2026-05-28 08:55:39.159993,17821.94,credit_card,paid
PAY001358,O001358,2026-06-16 23:58:37.159993,1057.34,credit_card,paid
PAY001359,O001359,2026-03-19 05:32:18.159993,0.0,e_wallet,paid
PAY001360,O001360,2026-05-16 23:55:31.159993,16517.85,credit_card,paid
PAY001361,O001361,2026-05-08 17:39:24.159993,0.0,e_wallet,paid
PAY001362,O001362,2026-06-20 07:22:44.159993,2030.29,bank_transfer,refunded
PAY001363,O001363,2026-06-16 12:39:04.159993,22786.53,cod,paid
PAY001364,O001364,2026-06-16 18:12:49.159993,618.63,credit_card,paid
PAY001365,O001365,2026-06-17 09:30:52.159993,13085.92,credit_card,paid
PAY001366,O001366,2026-06-08 12:43:58.159993,9758.09,bank_transfer,failed
PAY001367,O001367,2026-06-18 13:26:36.159993,1982.11,e_wallet,paid
PAY001368,O001368,2026-04-19 13:15:55.159993,18531.19,cod,paid
PAY001369,O001369,2026-06-14 17:30:29.159993,8864.06,e_wallet,refunded
PAY001370,O001370,2026-06-03 16:59:54.159993,0.0,credit_card,refunded
PAY001371,O001371,2026-06-04 11:44:29.159993,315.08,bank_transfer,paid
PAY001372,O001372,2026-06-03 21:14:09.159993,9349.77,bank_transfer,paid
PAY001373,O001373,2026-06-13 10:11:39.159993,24855.26,credit_card,paid
PAY001374,O001374,2026-06-20 17:13:57.159993,1319.63,credit_card,paid
PAY001375,O001375,2026-06-14 18:38:47.159993,11910.67,e_wallet,paid
PAY001376,O001376,2026-04-17 21:13:17.159993,15591.33,bank_transfer,paid
PAY001377,O001377,2026-05-17 06:18:54.159993,29665.42,bank_transfer,refunded
PAY001378,O001378,2026-04-02 23:08:57.159993,16527.38,cod,refunded
PAY001379,O001379,2026-03-23 19:03:37.159993,19046.21,bank_transfer,refunded
PAY001380,O001380,2026-06-15 07:18:42.159993,9361.52,credit_card,paid
PAY001381,O001381,2026-06-07 06:36:53.159993,29315.72,cod,paid
PAY001382,O001382,2026-05-26 23:33:55.159993,8577.07,e_wallet,paid
PAY001383,O001383,2026-06-20 03:59:32.159993,8567.56,bank_transfer,paid
PAY001384,O001384,2026-06-09 17:25:17.159993,303.32,e_wallet,paid
PAY001385,O001385,2026-04-16 13:02:57.159993,30954.51,credit_card,refunded
PAY001386,O001386,2026-06-09 14:21:39.159993,16073.66,credit_card,paid
PAY001387,O001387,2026-03-27 03:41:19.159993,21745.78,bank_transfer,failed
PAY001388,O001388,2026-05-28 02:04:53.159993,2762.12,credit_card,paid
PAY001389,O001389,2026-06-11 12:11:42.159993,7993.91,credit_card,paid
PAY001390,O001390,2026-06-01 22:41:29.159993,16632.85,credit_card,paid
PAY001391,O001391,2026-06-13 05:27:25.159993,3646.11,cod,paid
PAY001392,O001392,2026-06-16 20:46:40.159993,19777.69,e_wallet,paid
PAY001393,O001393,2026-06-20 02:33:01.159993,11867.21,credit_card,paid
PAY001394,O001394,2026-06-20 21:12:19.159993,31122.06,credit_card,paid
PAY001395,O001395,2026-06-01 02:08:52.159993,20793.9,cod,paid
PAY001396,O001396,2026-06-18 13:19:25.159993,8245.98,bank_transfer,paid
PAY001397,O001397,2026-05-25 12:25:57.159993,48357.81,bank_transfer,paid
PAY001398,O001398,2026-06-18 10:38:47.159993,53665.55,bank_transfer,paid
PAY001399,O001399,2026-06-04 17:21:11.159993,7503.7,bank_transfer,paid
PAY001400,O001400,2026-06-20 08:02:17.159993,7925.77,credit_card,failed
PAY001401,O001401,2026-06-08 07:34:28.159993,7218.47,credit_card,paid
PAY001402,O001402,2026-06-05 01:10:12.159993,34799.99,credit_card,paid
PAY001403,O001403,2026-06-21 12:58:12.159993,1443.84,credit_card,paid
PAY001404,O001404,2026-05-22 02:19:06.159993,0.0,cod,paid
PAY001405,O001405,2026-05-28 10:04:10.159993,2966.69,e_wallet,paid
PAY001406,O001406,2026-05-15 12:06:31.159993,17597.39,e_wallet,paid
PAY001407,O001407,2026-06-14 21:52:59.159993,10316.93,bank_transfer,paid
PAY001408,O001408,2026-06-04 05:21:46.159993,26036.56,e_wallet,paid
PAY001409,O001409,2026-06-18 10:03:48.159993,11707.76,e_wallet,paid
PAY001410,O001410,2026-06-15 16:12:43.159993,36147.9,credit_card,paid
PAY001411,O001411,2026-06-19 15:05:17.159993,20987.84,bank_transfer,paid
PAY001412,O001412,2026-06-18 08:35:00.159993,8914.61,credit_card,paid
PAY001413,O001413,2026-03-10 16:59:23.159993,31289.54,credit_card,paid
PAY001414,O001414,2026-06-21 10:45:05.159993,15866.78,credit_card,paid
PAY001415,O001415,2026-06-21 14:31:40.159993,23354.79,e_wallet,paid
PAY001416,O001416,2026-06-20 13:59:08.159993,15709.59,credit_card,paid
PAY001417,O001417,2026-06-19 12:25:49.159993,21243.47,e_wallet,paid
PAY001418,O001418,2026-04-09 20:21:35.159993,9561.09,bank_transfer,failed
PAY001419,O001419,2026-05-31 11:06:05.159993,8053.83,bank_transfer,failed
PAY001420,O001420,2026-04-08 17:37:48.159993,14184.57,credit_card,paid
PAY001421,O001421,2026-06-03 04:11:33.159993,2136.01,credit_card,failed
PAY001422,O001422,2026-04-01 05:34:27.159993,22375.79,bank_transfer,paid
PAY001423,O001423,2026-05-13 03:07:04.159993,3361.99,e_wallet,paid
PAY001424,O001424,2026-06-20 22:24:56.159993,1428.43,e_wallet,paid
PAY001425,O001425,2026-06-04 02:56:00.159993,1431.88,bank_transfer,failed
PAY001426,O001426,2026-04-28 21:16:01.159993,4776.13,e_wallet,refunded
PAY001427,O001427,2026-06-20 01:59:11.159993,21470.52,e_wallet,paid
PAY001428,O001428,2026-06-05 14:17:58.159993,5625.0,credit_card,paid
PAY001429,O001429,2026-06-07 06:59:07.159993,587.69,credit_card,paid
PAY001430,O001430,2026-06-20 12:13:51.159993,11496.79,credit_card,refunded
PAY001431,O001431,2026-06-18 14:56:02.159993,1170.56,bank_transfer,paid
PAY001432,O001432,2026-05-21 21:55:01.159993,24653.4,bank_transfer,paid
PAY001433,O001433,2026-06-06 06:20:50.159993,4721.91,credit_card,paid
PAY001434,O001434,2026-05-25 00:07:23.159993,5343.29,e_wallet,paid
PAY001435,O001435,2026-05-27 09:38:24.159993,17616.24,e_wallet,paid
PAY001436,O001436,2026-04-06 07:23:49.159993,10286.47,credit_card,paid
PAY001437,O001437,2026-06-18 17:10:52.159993,0.0,bank_transfer,failed
PAY001438,O001438,2026-06-18 04:56:21.159993,0.0,bank_transfer,paid
PAY001439,O001439,2026-05-30 03:16:00.159993,12329.2,e_wallet,paid
PAY001440,O001440,2026-06-11 23:29:01.159993,4602.0,cod,paid
PAY001441,O001441,2026-06-20 23:56:30.159993,36229.19,credit_card,paid
PAY001442,O001442,2026-05-24 04:51:59.159993,11533.95,e_wallet,paid
PAY001443,O001443,2026-05-03 03:45:42.159993,13490.92,cod,paid
PAY001444,O001444,2026-06-21 03:11:05.159993,6488.97,credit_card,paid
PAY001445,O001445,2026-06-12 02:43:32.159993,16060.4,bank_transfer,paid
PAY001446,O001446,2026-05-26 19:05:15.159993,18941.46,credit_card,paid
PAY001447,O001447,2026-05-02 08:10:36.159993,12558.73,bank_transfer,paid
PAY001448,O001448,2026-06-16 06:06:08.159993,16122.75,bank_transfer,paid
PAY001449,O001449,2026-06-11 21:12:45.159993,0.0,e_wallet,paid
PAY001450,O001450,2026-06-09 05:53:58.159993,47221.46,credit_card,paid
PAY001451,O001451,2026-05-27 16:54:34.159993,7249.48,bank_transfer,paid
PAY001452,O001452,2026-06-17 19:21:39.159993,20128.02,e_wallet,paid
PAY001453,O001453,2026-06-21 05:08:31.159993,10224.57,bank_transfer,paid
PAY001454,O001454,2026-04-05 02:17:34.159993,31467.91,credit_card,paid
PAY001455,O001455,2026-06-08 11:37:55.159993,19193.52,bank_transfer,refunded
PAY001456,O001456,2026-06-19 06:12:26.159993,3402.77,credit_card,paid
PAY001457,O001457,2026-05-12 12:25:29.159993,9410.36,bank_transfer,paid
PAY001458,O001458,2026-04-18 06:55:45.159993,1939.06,bank_transfer,paid
PAY001459,O001459,2026-06-20 16:58:11.159993,22208.56,bank_transfer,paid
PAY001460,O001460,2026-06-17 23:34:01.159993,20442.23,credit_card,paid
PAY001461,O001461,2026-06-09 10:33:29.159993,9765.04,bank_transfer,paid
PAY001462,O001462,2026-04-14 22:46:56.159993,10404.29,bank_transfer,paid
PAY001463,O001463,2026-06-11 23:13:20.159993,33078.48,e_wallet,paid
PAY001464,O001464,2026-06-17 16:28:36.159993,7149.33,cod,paid
PAY001465,O001465,2026-06-19 12:50:26.159993,6474.67,e_wallet,paid
PAY001466,O001466,2026-05-23 17:26:49.159993,11758.68,e_wallet,paid
PAY001467,O001467,2026-06-07 17:19:20.159993,5072.24,bank_transfer,failed
PAY001468,O001468,2026-06-21 12:46:34.159993,8475.75,credit_card,failed
PAY001469,O001469,2026-06-12 01:30:00.159993,9241.0,bank_transfer,paid
PAY001470,O001470,2026-06-19 07:44:25.159993,19794.2,credit_card,paid
PAY001471,O001471,2026-05-12 05:10:42.159993,9119.34,e_wallet,paid
PAY001472,O001472,2026-04-30 13:19:14.159993,11336.58,cod,paid
PAY001473,O001473,2026-05-08 21:29:15.159993,2163.69,credit_card,paid
PAY001474,O001474,2026-06-21 02:42:40.159993,8522.55,cod,refunded
PAY001475,O001475,2026-06-17 00:42:43.159993,12073.58,credit_card,refunded
PAY001476,O001476,2026-06-19 08:23:26.159993,11408.09,bank_transfer,paid
PAY001477,O001477,2026-06-20 14:56:39.159993,954.33,bank_transfer,failed
PAY001478,O001478,2026-04-28 11:40:09.159993,19811.99,credit_card,paid
PAY001479,O001479,2026-06-10 05:34:30.159993,14874.03,credit_card,paid
PAY001480,O001480,2026-05-13 16:09:28.159993,25479.4,bank_transfer,paid
PAY001481,O001481,2026-06-20 19:45:57.159993,2996.1,credit_card,paid
PAY001482,O001482,2026-04-25 19:52:29.159993,36592.77,e_wallet,paid
PAY001483,O001483,2026-06-16 06:18:10.159993,39145.97,e_wallet,paid
PAY001484,O001484,2026-05-31 19:11:19.159993,0.0,e_wallet,paid
PAY001485,O001485,2026-06-01 08:08:41.159993,12093.29,e_wallet,paid
PAY001486,O001486,2026-06-12 04:01:15.159993,3036.8,credit_card,paid
PAY001487,O001487,2026-06-21 13:23:30.159993,5610.09,credit_card,paid
PAY001488,O001488,2026-06-10 06:14:01.159993,6042.27,credit_card,paid
PAY001489,O001489,2026-05-14 05:23:03.159993,11547.04,credit_card,paid
PAY001490,O001490,2026-06-10 23:59:28.159993,19549.3,credit_card,failed
PAY001491,O001491,2026-05-29 05:19:04.159993,9581.54,credit_card,failed
PAY001492,O001492,2026-06-20 21:14:36.159993,12743.04,cod,paid
PAY001493,O001493,2026-06-05 17:34:33.159993,14203.65,credit_card,paid
PAY001494,O001494,2026-06-19 06:08:41.159993,10950.81,credit_card,paid
PAY001495,O001495,2026-06-08 07:04:27.159993,0.0,credit_card,paid
PAY001496,O001496,2026-06-06 22:31:14.159993,145.83,credit_card,paid
PAY001497,O001497,2026-06-12 11:07:40.159993,0.0,e_wallet,paid
PAY001498,O001498,2026-06-08 04:17:01.159993,8534.68,credit_card,failed
PAY001499,O001499,2026-06-16 06:06:38.159993,49897.93,cod,paid
PAY001500,O001500,2026-06-20 19:35:40.159993,12142.19,bank_transfer,paid
PAY001501,O001501,2026-06-21 04:45:37.159993,6858.51,bank_transfer,paid
PAY001502,O001502,2026-06-13 03:02:19.159993,20164.9,credit_card,paid
PAY001503,O001503,2026-02-23 17:35:13.159993,17403.5,e_wallet,paid
PAY001504,O001504,2026-06-21 01:05:53.159993,14411.96,credit_card,paid
PAY001505,O001505,2026-05-27 09:30:11.159993,3002.01,bank_transfer,paid
PAY001506,O001506,2026-05-27 03:31:06.159993,24747.23,e_wallet,paid
PAY001507,O001507,2026-06-21 10:47:52.159993,15543.32,e_wallet,paid
PAY001508,O001508,2026-06-16 00:11:09.159993,0.0,cod,paid
PAY001509,O001509,2026-05-18 02:23:56.159993,0.0,credit_card,refunded
PAY001510,O001510,2026-05-14 00:29:04.159993,7755.56,cod,paid
PAY001511,O001511,2026-06-20 19:57:09.159993,3516.22,credit_card,paid
PAY001512,O001512,2026-04-04 12:36:55.159993,14405.1,e_wallet,paid
PAY001513,O001513,2026-06-10 13:25:15.159993,2890.19,credit_card,paid
PAY001514,O001514,2026-06-20 22:07:02.159993,2199.0,bank_transfer,paid
PAY001515,O001515,2026-06-20 11:21:40.159993,22462.63,e_wallet,paid
PAY001516,O001516,2026-04-14 11:36:11.159993,0.0,credit_card,paid
PAY001517,O001517,2026-06-11 22:23:01.159993,4564.02,bank_transfer,failed
PAY001518,O001518,2026-06-06 22:56:23.159993,0.0,credit_card,paid
PAY001519,O001519,2026-06-10 23:27:13.159993,0.0,bank_transfer,paid
PAY001520,O001520,2026-05-25 09:44:02.159993,6164.34,credit_card,paid
PAY001521,O001521,2026-06-13 02:04:58.159993,7906.07,bank_transfer,paid
PAY001522,O001522,2026-05-21 12:24:11.159993,16988.63,credit_card,paid
PAY001523,O001523,2026-06-18 20:56:21.159993,7506.42,e_wallet,failed
PAY001524,O001524,2026-06-16 22:09:27.159993,15141.39,cod,paid
PAY001525,O001525,2026-03-24 08:41:38.159993,0.0,cod,paid
PAY001526,O001526,2026-05-21 14:41:24.159993,10437.1,credit_card,failed
PAY001527,O001527,2026-06-21 06:49:56.159993,15129.77,e_wallet,paid
PAY001528,O001528,2026-04-05 09:28:02.159993,8772.44,bank_transfer,paid
PAY001529,O001529,2026-06-01 10:44:11.159993,3872.24,e_wallet,paid
PAY001530,O001530,2026-06-16 03:25:02.159993,179.6,credit_card,paid
PAY001531,O001531,2026-06-17 23:18:59.159993,13455.79,credit_card,paid
PAY001532,O001532,2026-05-14 00:01:29.159993,6383.9,bank_transfer,failed
PAY001533,O001533,2026-05-21 11:36:52.159993,26094.6,bank_transfer,refunded
PAY001534,O001534,2026-06-09 15:22:24.159993,2047.32,credit_card,paid
PAY001535,O001535,2026-04-03 07:57:00.159993,23810.69,credit_card,failed
PAY001536,O001536,2026-05-14 00:13:33.159993,16683.31,e_wallet,paid
PAY001537,O001537,2026-05-22 22:55:44.159993,16409.97,e_wallet,refunded
PAY001538,O001538,2026-06-09 15:15:55.159993,160.93,credit_card,paid
PAY001539,O001539,2026-03-25 17:59:50.159993,5873.28,bank_transfer,paid
PAY001540,O001540,2026-06-12 23:06:15.159993,15715.99,credit_card,paid
PAY001541,O001541,2026-06-19 06:18:25.159993,3521.75,credit_card,paid
PAY001542,O001542,2026-06-13 21:33:11.159993,22159.63,credit_card,paid
PAY001543,O001543,2026-05-21 18:34:54.159993,18276.8,credit_card,paid
PAY001544,O001544,2026-06-15 17:35:26.159993,3150.65,e_wallet,paid
PAY001545,O001545,2026-05-07 19:08:09.159993,20066.38,e_wallet,paid
PAY001546,O001546,2026-06-09 17:29:23.159993,0.0,credit_card,paid
PAY001547,O001547,2026-06-21 05:20:38.159993,21343.85,credit_card,paid
PAY001548,O001548,2026-06-20 16:17:49.159993,6141.82,bank_transfer,paid
PAY001549,O001549,2026-06-21 08:58:30.159993,12041.09,credit_card,paid
PAY001550,O001550,2026-05-02 03:56:08.159993,3050.45,credit_card,paid
PAY001551,O001551,2026-06-15 17:42:25.159993,15662.04,bank_transfer,paid
PAY001552,O001552,2026-06-18 05:06:42.159993,4439.91,e_wallet,paid
PAY001553,O001553,2026-03-01 17:03:05.159993,1163.94,credit_card,paid
PAY001554,O001554,2026-06-17 21:09:56.159993,9876.7,bank_transfer,paid
PAY001555,O001555,2026-05-11 02:24:22.159993,2471.6,bank_transfer,paid
PAY001556,O001556,2026-05-22 06:07:53.159993,12347.29,credit_card,paid
PAY001557,O001557,2026-05-11 15:09:29.159993,24562.15,bank_transfer,paid
PAY001558,O001558,2026-06-16 17:57:10.159993,11028.23,bank_transfer,paid
PAY001559,O001559,2026-05-21 20:25:49.159993,8712.84,credit_card,refunded
PAY001560,O001560,2026-06-20 11:28:26.159993,12349.9,e_wallet,paid
PAY001561,O001561,2026-06-15 14:41:36.159993,23552.63,credit_card,paid
PAY001562,O001562,2026-06-05 06:07:10.159993,8312.18,credit_card,paid
PAY001563,O001563,2026-05-29 03:01:28.159993,12521.95,bank_transfer,paid
PAY001564,O001564,2026-06-20 03:54:39.159993,7293.02,credit_card,paid
PAY001565,O001565,2026-06-20 12:06:00.159993,3536.38,credit_card,failed
PAY001566,O001566,2026-06-10 10:40:29.159993,18320.39,credit_card,paid
PAY001567,O001567,2026-06-16 04:41:39.159993,14932.45,bank_transfer,paid
PAY001568,O001568,2026-06-20 00:10:10.159993,14781.59,bank_transfer,failed
PAY001569,O001569,2026-06-16 06:04:42.159993,40639.51,credit_card,paid
PAY001570,O001570,2026-04-06 20:22:46.159993,5812.54,credit_card,paid
PAY001571,O001571,2026-03-18 08:24:37.159993,21039.16,bank_transfer,refunded
PAY001572,O001572,2026-05-26 19:08:33.159993,13876.81,credit_card,paid
PAY001573,O001573,2026-06-21 06:53:35.159993,13680.5,bank_transfer,paid
PAY001574,O001574,2026-06-20 01:15:34.159993,0.0,cod,refunded
PAY001575,O001575,2026-04-08 16:44:57.159993,25648.23,credit_card,paid
PAY001576,O001576,2026-06-05 13:30:12.159993,5007.66,credit_card,paid
PAY001577,O001577,2026-06-20 22:48:08.159993,18099.83,e_wallet,paid
PAY001578,O001578,2026-06-07 04:44:28.159993,7827.57,bank_transfer,paid
PAY001579,O001579,2026-05-20 04:04:14.159993,23590.56,credit_card,paid
PAY001580,O001580,2026-06-03 13:14:02.159993,10370.3,cod,failed
PAY001581,O001581,2026-04-01 04:37:26.159993,26639.63,cod,paid
PAY001582,O001582,2026-06-15 22:43:10.159993,7067.92,credit_card,paid
PAY001583,O001583,2026-06-20 03:52:36.159993,9633.11,credit_card,paid
PAY001584,O001584,2026-06-18 17:18:58.159993,0.0,credit_card,paid
PAY001585,O001585,2026-06-11 04:10:47.159993,9750.91,credit_card,paid
PAY001586,O001586,2026-06-11 03:42:34.159993,6084.29,credit_card,paid
PAY001587,O001587,2026-06-01 12:07:13.159993,1376.28,cod,paid
PAY001588,O001588,2026-05-24 11:38:20.159993,12571.97,e_wallet,paid
PAY001589,O001589,2026-06-10 10:48:45.159993,15219.66,credit_card,failed
PAY001590,O001590,2026-06-17 11:59:12.159993,28820.38,credit_card,paid
PAY001591,O001591,2026-05-31 22:36:32.159993,17876.86,e_wallet,paid
PAY001592,O001592,2026-04-23 05:24:55.159993,38300.42,credit_card,paid
PAY001593,O001593,2026-06-21 12:17:21.159993,5477.94,e_wallet,failed
PAY001594,O001594,2026-06-07 05:59:42.159993,0.0,bank_transfer,paid
PAY001595,O001595,2026-06-20 00:51:09.159993,6729.57,credit_card,paid
PAY001596,O001596,2026-04-29 15:44:36.159993,11181.99,credit_card,failed
PAY001597,O001597,2026-06-21 02:10:28.159993,16524.49,credit_card,failed
PAY001598,O001598,2026-05-31 00:29:52.159993,20219.66,cod,paid
PAY001599,O001599,2026-05-20 03:54:22.159993,4690.25,credit_card,paid
PAY001600,O001600,2026-05-11 18:27:06.159993,5953.36,e_wallet,failed
PAY001601,O001601,2026-06-06 12:53:49.159993,3552.82,credit_card,paid
PAY001602,O001602,2026-06-20 11:06:36.159993,2518.21,bank_transfer,paid
PAY001603,O001603,2026-06-21 10:01:32.159993,13639.85,bank_transfer,paid
PAY001604,O001604,2026-06-21 14:35:54.159993,19100.25,e_wallet,paid
PAY001605,O001605,2026-06-14 20:24:34.159993,10371.87,credit_card,paid
PAY001606,O001606,2026-06-20 02:34:58.159993,23049.55,credit_card,paid
PAY001607,O001607,2026-06-15 10:48:16.159993,1467.09,bank_transfer,paid
PAY001608,O001608,2026-06-20 12:11:58.159993,5052.5,e_wallet,paid
PAY001609,O001609,2026-06-05 11:35:22.159993,0.0,bank_transfer,failed
PAY001610,O001610,2026-06-10 18:57:17.159993,13720.84,bank_transfer,paid
PAY001611,O001611,2026-06-20 05:29:33.159993,51790.42,bank_transfer,paid
PAY001612,O001612,2026-05-29 00:45:15.159993,1737.43,cod,paid
PAY001613,O001613,2026-04-24 14:07:03.159993,22246.49,credit_card,paid
PAY001614,O001614,2026-06-01 12:53:45.159993,7538.71,credit_card,paid
PAY001615,O001615,2026-06-21 10:37:34.159993,17906.82,credit_card,paid
PAY001616,O001616,2026-06-15 17:30:13.159993,16639.45,credit_card,paid
PAY001617,O001617,2026-04-03 21:59:16.159993,6153.41,bank_transfer,failed
PAY001618,O001618,2026-06-21 07:42:48.159993,9223.65,bank_transfer,paid
PAY001619,O001619,2026-05-28 23:42:40.159993,6352.35,e_wallet,paid
PAY001620,O001620,2026-04-12 03:50:07.159993,3703.42,credit_card,paid
PAY001621,O001621,2026-06-19 02:46:59.159993,15858.07,bank_transfer,paid
PAY001622,O001622,2026-06-07 22:09:37.159993,30173.55,credit_card,paid
PAY001623,O001623,2026-06-13 20:01:38.159993,1551.43,cod,paid
PAY001624,O001624,2026-06-09 05:59:22.159993,2618.95,e_wallet,paid
PAY001625,O001625,2026-05-28 05:03:53.159993,0.0,bank_transfer,paid
PAY001626,O001626,2026-05-28 06:14:40.159993,5545.7,e_wallet,paid
PAY001627,O001627,2026-05-29 10:20:05.159993,26892.62,bank_transfer,paid
PAY001628,O001628,2026-06-18 19:45:18.159993,1139.07,credit_card,failed
PAY001629,O001629,2026-06-20 22:55:35.159993,9482.37,e_wallet,paid
PAY001630,O001630,2026-03-12 20:29:42.159993,1324.88,credit_card,paid
PAY001631,O001631,2026-05-30 14:19:46.159993,0.0,bank_transfer,paid
PAY001632,O001632,2026-06-05 11:58:52.159993,23812.92,cod,paid
PAY001633,O001633,2026-06-21 13:11:35.159993,18555.55,cod,paid
PAY001634,O001634,2026-04-12 17:39:43.159993,2071.16,e_wallet,paid
PAY001635,O001635,2026-06-17 05:13:37.159993,16608.32,credit_card,paid
PAY001636,O001636,2026-05-31 04:42:07.159993,4523.64,e_wallet,paid
PAY001637,O001637,2026-06-12 16:00:42.159993,41910.0,e_wallet,paid
PAY001638,O001638,2026-06-14 15:42:29.159993,650.25,cod,paid
PAY001639,O001639,2026-06-06 04:20:14.159993,903.0,e_wallet,paid
PAY001640,O001640,2026-06-08 13:07:43.159993,2265.33,credit_card,paid
PAY001641,O001641,2026-05-08 13:34:32.159993,12844.96,credit_card,failed
PAY001642,O001642,2026-04-13 14:56:30.159993,11.99,credit_card,paid
PAY001643,O001643,2026-06-19 14:43:37.159993,12766.35,bank_transfer,paid
PAY001644,O001644,2026-05-30 08:09:42.159993,7960.88,e_wallet,paid
PAY001645,O001645,2026-06-17 13:02:13.159993,13947.24,credit_card,paid
PAY001646,O001646,2026-05-17 13:28:19.159993,3045.68,e_wallet,paid
PAY001647,O001647,2026-06-07 05:26:22.159993,5342.78,e_wallet,paid
PAY001648,O001648,2026-05-12 14:34:56.159993,3446.85,e_wallet,failed
PAY001649,O001649,2026-06-18 23:01:22.159993,6927.83,cod,paid
PAY001650,O001650,2026-04-25 21:06:40.159993,6100.75,bank_transfer,failed
PAY001651,O001651,2026-06-17 19:59:04.159993,12385.73,cod,paid
PAY001652,O001652,2026-06-17 14:44:06.159993,0.0,e_wallet,paid
PAY001653,O001653,2026-06-07 11:06:36.159993,6259.48,e_wallet,paid
PAY001654,O001654,2026-06-18 23:28:43.159993,24401.54,cod,paid
PAY001655,O001655,2026-06-09 14:30:07.159993,32692.47,bank_transfer,paid
PAY001656,O001656,2026-05-07 10:33:34.159993,0.0,bank_transfer,paid
PAY001657,O001657,2026-05-30 10:37:17.159993,5807.59,credit_card,paid
PAY001658,O001658,2026-06-20 23:54:17.159993,4305.16,cod,paid
PAY001659,O001659,2026-04-13 03:54:44.159993,15033.46,credit_card,paid
PAY001660,O001660,2026-05-19 07:04:33.159993,8732.91,credit_card,paid
PAY001661,O001661,2026-06-21 04:48:43.159993,19176.83,bank_transfer,paid
PAY001662,O001662,2026-06-15 16:15:13.159993,19563.06,bank_transfer,paid
PAY001663,O001663,2026-05-24 18:28:27.159993,7019.55,credit_card,paid
PAY001664,O001664,2026-06-15 18:17:31.159993,0.0,credit_card,paid
PAY001665,O001665,2026-06-17 16:49:14.159993,14951.78,credit_card,paid
PAY001666,O001666,2026-06-13 16:09:12.159993,1492.19,credit_card,paid
PAY001667,O001667,2026-05-27 20:37:16.159993,10103.48,bank_transfer,paid
PAY001668,O001668,2026-06-16 13:38:30.159993,14454.94,bank_transfer,paid
PAY001669,O001669,2026-06-15 03:04:39.159993,8283.78,bank_transfer,failed
PAY001670,O001670,2026-06-20 17:40:03.159993,2190.96,e_wallet,paid
PAY001671,O001671,2026-06-08 02:37:40.159993,0.0,e_wallet,paid
PAY001672,O001672,2026-04-03 00:27:20.159993,3676.2,bank_transfer,failed
PAY001673,O001673,2026-06-15 00:33:35.159993,13966.03,e_wallet,failed
PAY001674,O001674,2026-06-16 08:34:35.159993,10150.61,credit_card,paid
PAY001675,O001675,2026-06-02 00:02:19.159993,10113.32,e_wallet,paid
PAY001676,O001676,2026-06-08 04:08:06.159993,941.44,e_wallet,paid
PAY001677,O001677,2026-03-27 13:08:53.159993,10516.09,credit_card,paid
PAY001678,O001678,2026-05-21 11:56:05.159993,8680.3,bank_transfer,paid
PAY001679,O001679,2026-05-04 03:55:20.159993,18717.51,e_wallet,paid
PAY001680,O001680,2026-05-25 08:00:00.159993,24370.54,credit_card,paid
PAY001681,O001681,2026-03-29 00:09:23.159993,24800.98,credit_card,paid
PAY001682,O001682,2026-06-16 00:59:51.159993,2919.92,cod,paid
PAY001683,O001683,2026-06-14 12:49:04.159993,13483.75,bank_transfer,paid
PAY001684,O001684,2026-06-16 14:59:00.159993,10440.91,credit_card,refunded
PAY001685,O001685,2026-05-27 03:03:17.159993,6433.02,credit_card,paid
PAY001686,O001686,2026-04-03 14:04:29.159993,22057.36,credit_card,paid
PAY001687,O001687,2026-01-30 08:39:46.159993,6365.91,credit_card,paid
PAY001688,O001688,2026-06-17 21:07:07.159993,13266.89,credit_card,paid
PAY001689,O001689,2026-06-02 12:20:02.159993,0.0,e_wallet,paid
PAY001690,O001690,2026-03-13 15:45:31.159993,17318.34,credit_card,failed
PAY001691,O001691,2026-06-06 00:37:25.159993,0.0,credit_card,paid
PAY001692,O001692,2026-06-19 20:23:10.159993,944.41,credit_card,paid
PAY001693,O001693,2026-06-02 20:35:08.159993,17882.12,bank_transfer,paid
PAY001694,O001694,2026-05-05 18:04:32.159993,16996.76,e_wallet,refunded
PAY001695,O001695,2026-06-12 17:14:23.159993,18817.78,bank_transfer,paid
PAY001696,O001696,2026-03-20 10:17:22.159993,6872.04,credit_card,paid
PAY001697,O001697,2026-06-17 07:18:15.159993,2634.52,credit_card,refunded
PAY001698,O001698,2026-05-14 06:24:45.159993,0.0,e_wallet,failed
PAY001699,O001699,2026-06-18 22:00:40.159993,1616.07,credit_card,paid
PAY001700,O001700,2026-06-17 10:25:53.159993,45180.66,bank_transfer,paid
PAY001701,O001701,2026-06-17 21:44:41.159993,12513.17,e_wallet,paid
PAY001702,O001702,2026-05-07 23:24:18.159993,10861.49,bank_transfer,paid
PAY001703,O001703,2026-06-20 12:07:42.159993,101.97,bank_transfer,paid
PAY001704,O001704,2026-06-04 12:46:14.159993,1138.18,credit_card,paid
PAY001705,O001705,2026-06-20 04:28:46.159993,8467.82,credit_card,paid
PAY001706,O001706,2026-06-21 14:32:33.159993,16245.61,e_wallet,paid
PAY001707,O001707,2026-03-05 11:43:55.159993,80.74,credit_card,refunded
PAY001708,O001708,2026-05-25 21:59:15.159993,6589.49,credit_card,failed
PAY001709,O001709,2026-06-20 07:45:57.159993,1443.26,cod,paid
PAY001710,O001710,2026-06-21 13:38:38.159993,16039.49,e_wallet,failed
PAY001711,O001711,2026-06-03 03:08:42.159993,3062.77,credit_card,paid
PAY001712,O001712,2026-05-28 11:07:27.159993,28789.18,bank_transfer,paid
PAY001713,O001713,2026-06-11 10:57:58.159993,34891.24,credit_card,paid
PAY001714,O001714,2026-06-13 16:33:25.159993,1290.1,bank_transfer,paid
PAY001715,O001715,2026-06-16 13:52:20.159993,7107.52,e_wallet,failed
PAY001716,O001716,2026-04-09 04:12:55.159993,598.21,credit_card,paid
PAY001717,O001717,2026-05-22 07:18:12.159993,12997.4,cod,paid
PAY001718,O001718,2026-04-28 09:06:11.159993,8887.01,e_wallet,paid
PAY001719,O001719,2026-06-16 19:19:03.159993,0.0,credit_card,paid
PAY001720,O001720,2026-06-02 17:21:36.159993,37129.68,cod,paid
PAY001721,O001721,2026-06-11 12:03:05.159993,15825.14,e_wallet,paid
PAY001722,O001722,2026-06-21 01:43:21.159993,2434.95,credit_card,paid
PAY001723,O001723,2026-06-19 22:48:46.159993,17016.5,credit_card,failed
PAY001724,O001724,2026-06-21 13:35:47.159993,12133.39,credit_card,paid
PAY001725,O001725,2026-06-05 00:16:37.159993,0.0,bank_transfer,paid
PAY001726,O001726,2026-03-16 05:15:21.159993,1122.89,bank_transfer,paid
PAY001727,O001727,2026-06-06 02:55:56.159993,4019.95,e_wallet,paid
PAY001728,O001728,2026-06-16 05:37:14.159993,2590.45,credit_card,paid
PAY001729,O001729,2026-06-18 07:32:13.159993,10261.06,e_wallet,paid
PAY001730,O001730,2026-05-26 00:37:30.159993,25614.71,e_wallet,refunded
PAY001731,O001731,2026-05-16 17:16:37.159993,2071.39,credit_card,paid
PAY001732,O001732,2026-06-16 11:04:11.159993,9416.78,bank_transfer,paid
PAY001733,O001733,2026-06-21 04:12:24.159993,966.45,bank_transfer,paid
PAY001734,O001734,2026-06-14 01:20:38.159993,13597.14,credit_card,paid
PAY001735,O001735,2026-06-16 14:18:38.159993,21630.81,e_wallet,paid
PAY001736,O001736,2026-06-18 00:46:36.159993,4629.07,credit_card,paid
PAY001737,O001737,2026-05-11 03:46:31.159993,12113.17,credit_card,paid
PAY001738,O001738,2026-05-20 04:10:34.159993,42523.38,credit_card,paid
PAY001739,O001739,2026-06-21 00:19:44.159993,12120.64,credit_card,paid
PAY001740,O001740,2026-05-25 23:15:22.159993,21999.84,credit_card,paid
PAY001741,O001741,2026-06-17 04:10:58.159993,4920.32,bank_transfer,paid
PAY001742,O001742,2026-05-21 07:51:27.159993,4630.09,credit_card,paid
PAY001743,O001743,2026-06-12 17:55:38.159993,6898.92,e_wallet,paid
PAY001744,O001744,2026-06-18 15:07:23.159993,20125.44,e_wallet,paid
PAY001745,O001745,2026-06-03 10:27:08.159993,2241.34,bank_transfer,paid
PAY001746,O001746,2026-06-16 00:31:31.159993,24080.19,bank_transfer,paid
PAY001747,O001747,2026-04-25 06:51:51.159993,10675.77,credit_card,paid
PAY001748,O001748,2026-05-27 22:05:57.159993,3595.11,bank_transfer,paid
PAY001749,O001749,2026-05-30 05:10:18.159993,70.75,credit_card,paid
PAY001750,O001750,2026-06-13 19:12:18.159993,4509.88,credit_card,paid
PAY001751,O001751,2026-06-18 10:21:06.159993,915.36,cod,failed
PAY001752,O001752,2026-06-12 00:34:35.159993,19496.52,bank_transfer,paid
PAY001753,O001753,2026-06-20 19:45:50.159993,19530.74,e_wallet,paid
PAY001754,O001754,2026-06-12 20:47:21.159993,208.88,credit_card,paid
PAY001755,O001755,2026-05-14 13:21:20.159993,13318.87,bank_transfer,paid
PAY001756,O001756,2026-06-20 01:04:05.159993,117.16,credit_card,paid
PAY001757,O001757,2026-05-22 12:35:17.159993,14921.16,credit_card,paid
PAY001758,O001758,2026-06-03 06:26:02.159993,22037.81,credit_card,paid
PAY001759,O001759,2026-06-04 12:49:24.159993,7343.9,e_wallet,paid
PAY001760,O001760,2026-06-13 08:21:17.159993,7250.0,credit_card,paid
PAY001761,O001761,2026-06-21 11:31:45.159993,21186.01,credit_card,failed
PAY001762,O001762,2026-06-05 12:09:49.159993,8472.94,credit_card,paid
PAY001763,O001763,2026-06-20 20:05:14.159993,8326.89,bank_transfer,paid
PAY001764,O001764,2026-05-24 10:22:20.159993,12374.19,bank_transfer,refunded
PAY001765,O001765,2026-05-03 05:59:28.159993,19017.04,e_wallet,paid
PAY001766,O001766,2026-06-16 02:10:14.159993,26871.94,bank_transfer,refunded
PAY001767,O001767,2026-05-31 22:41:07.159993,15030.83,cod,paid
PAY001768,O001768,2026-04-29 02:07:05.159993,2324.13,credit_card,paid
PAY001769,O001769,2026-05-19 22:53:02.159993,51119.02,credit_card,paid
PAY001770,O001770,2026-06-18 03:02:32.159993,5928.5,e_wallet,paid
PAY001771,O001771,2026-05-26 01:11:46.159993,30277.84,credit_card,paid
PAY001772,O001772,2026-06-20 23:46:33.159993,1296.21,credit_card,paid
PAY001773,O001773,2026-06-15 06:11:05.159993,10804.26,credit_card,paid
PAY001774,O001774,2026-06-16 01:30:50.159993,15385.11,cod,paid
PAY001775,O001775,2026-06-18 21:34:07.159993,10143.52,credit_card,paid
PAY001776,O001776,2026-05-07 06:20:43.159993,7438.71,e_wallet,refunded
PAY001777,O001777,2026-06-06 04:02:36.159993,9287.92,credit_card,paid
PAY001778,O001778,2026-06-11 23:58:43.159993,27789.7,bank_transfer,paid
PAY001779,O001779,2026-06-20 08:10:16.159993,0.0,e_wallet,paid
PAY001780,O001780,2026-04-28 14:16:39.159993,28971.35,bank_transfer,paid
PAY001781,O001781,2026-05-22 13:04:10.159993,13729.15,credit_card,paid
PAY001782,O001782,2026-06-06 21:23:50.159993,9511.85,credit_card,paid
PAY001783,O001783,2026-06-20 13:37:43.159993,11697.91,cod,paid
PAY001784,O001784,2026-05-24 22:49:59.159993,29.36,e_wallet,paid
PAY001785,O001785,2026-06-20 21:17:47.159993,919.43,e_wallet,paid
PAY001786,O001786,2026-06-10 02:51:24.159993,34022.97,credit_card,paid
PAY001787,O001787,2026-03-22 05:29:26.159993,10042.95,bank_transfer,paid
PAY001788,O001788,2026-06-12 13:50:36.159993,5500.95,cod,paid
PAY001789,O001789,2026-06-16 19:11:22.159993,22202.26,credit_card,paid
PAY001790,O001790,2026-06-20 20:39:40.159993,4412.14,credit_card,paid
PAY001791,O001791,2026-05-19 04:32:16.159993,10095.75,credit_card,paid
PAY001792,O001792,2026-06-20 20:25:18.159993,6341.5,e_wallet,paid
PAY001793,O001793,2026-06-15 10:33:02.159993,0.0,credit_card,paid
PAY001794,O001794,2026-04-25 11:41:19.159993,1039.25,bank_transfer,paid
PAY001795,O001795,2026-06-06 02:14:47.159993,846.15,cod,paid
PAY001796,O001796,2026-05-17 17:58:07.159993,20135.85,bank_transfer,failed
PAY001797,O001797,2026-03-10 12:59:21.159993,14871.54,credit_card,paid
PAY001798,O001798,2026-05-03 05:39:52.159993,7320.51,credit_card,paid
PAY001799,O001799,2026-05-05 04:45:40.159993,30663.14,e_wallet,paid
PAY001800,O001800,2026-05-24 14:00:47.159993,29513.41,credit_card,paid
PAY001801,O001801,2026-06-20 18:31:50.159993,1493.03,cod,paid
PAY001802,O001802,2026-04-28 11:08:48.159993,1490.15,cod,paid
PAY001803,O001803,2026-06-03 09:55:48.159993,13104.99,credit_card,paid
PAY001804,O001804,2026-06-03 01:15:05.159993,1463.46,credit_card,paid
PAY001805,O001805,2026-03-13 03:58:18.159993,0.0,credit_card,paid
PAY001806,O001806,2026-04-28 03:07:45.159993,11724.7,e_wallet,paid
PAY001807,O001807,2026-05-17 11:55:17.159993,4636.15,credit_card,paid
PAY001808,O001808,2026-06-19 05:20:24.159993,0.0,bank_transfer,paid
PAY001809,O001809,2026-05-25 16:05:26.159993,29327.61,bank_transfer,paid
PAY001810,O001810,2026-02-27 01:25:21.159993,72.18,bank_transfer,paid
PAY001811,O001811,2026-06-18 20:21:20.159993,4570.24,bank_transfer,paid
PAY001812,O001812,2026-05-26 08:49:34.159993,0.0,credit_card,paid
PAY001813,O001813,2026-06-21 13:46:14.159993,3384.35,credit_card,paid
PAY001814,O001814,2026-05-26 02:03:19.159993,6084.74,e_wallet,paid
PAY001815,O001815,2026-06-16 22:17:09.159993,9060.33,e_wallet,paid
PAY001816,O001816,2026-06-20 13:42:57.159993,19427.14,e_wallet,paid
PAY001817,O001817,2026-06-15 04:39:22.159993,0.0,credit_card,paid
PAY001818,O001818,2026-06-16 22:58:59.159993,36670.85,credit_card,failed
PAY001819,O001819,2026-06-09 09:51:07.159993,8885.64,e_wallet,paid
PAY001820,O001820,2026-06-16 10:21:53.159993,2752.61,e_wallet,paid
PAY001821,O001821,2026-03-17 12:48:11.159993,14478.45,credit_card,paid
PAY001822,O001822,2026-06-09 08:12:35.159993,28521.75,bank_transfer,paid
PAY001823,O001823,2026-06-17 08:43:44.159993,20385.68,e_wallet,paid
PAY001824,O001824,2026-05-06 23:26:53.159993,2722.22,credit_card,failed
PAY001825,O001825,2026-05-28 02:28:08.159993,10881.08,credit_card,paid
PAY001826,O001826,2026-04-10 05:54:24.159993,7495.29,e_wallet,paid
PAY001827,O001827,2026-05-29 00:48:49.159993,9406.67,e_wallet,paid
PAY001828,O001828,2026-06-07 08:25:06.159993,4987.85,cod,paid
PAY001829,O001829,2026-06-10 13:36:57.159993,3211.02,bank_transfer,paid
PAY001830,O001830,2026-06-04 11:42:41.159993,18071.01,bank_transfer,paid
PAY001831,O001831,2026-06-16 10:19:11.159993,21062.34,credit_card,paid
PAY001832,O001832,2026-06-14 05:54:16.159993,27622.48,credit_card,paid
PAY001833,O001833,2026-05-06 17:42:23.159993,8624.58,credit_card,failed
PAY001834,O001834,2026-06-17 06:25:05.159993,7026.06,e_wallet,paid
PAY001835,O001835,2026-06-15 06:02:59.159993,45450.17,bank_transfer,failed
PAY001836,O001836,2026-06-11 12:29:42.159993,0.0,bank_transfer,paid
PAY001837,O001837,2026-05-23 13:39:36.159993,11475.87,e_wallet,paid
PAY001838,O001838,2026-04-23 17:53:24.159993,1830.04,credit_card,paid
PAY001839,O001839,2026-04-30 15:11:05.159993,8302.35,credit_card,paid
PAY001840,O001840,2026-03-19 03:59:25.159993,4422.9,credit_card,paid
PAY001841,O001841,2026-05-15 13:15:55.159993,62259.33,e_wallet,paid
PAY001842,O001842,2026-06-11 17:46:03.159993,46500.84,credit_card,paid
PAY001843,O001843,2026-06-19 08:57:38.159993,33557.25,credit_card,failed
PAY001844,O001844,2026-06-04 01:22:17.159993,1040.55,e_wallet,refunded
PAY001845,O001845,2026-06-20 19:02:03.159993,5959.1,credit_card,paid
PAY001846,O001846,2026-06-20 01:11:09.159993,4373.78,credit_card,paid
PAY001847,O001847,2026-06-05 22:24:23.159993,17606.24,credit_card,failed
PAY001848,O001848,2026-06-16 03:24:41.159993,3017.91,e_wallet,paid
PAY001849,O001849,2026-06-20 15:58:41.159993,29292.76,credit_card,paid
PAY001850,O001850,2026-06-11 23:28:13.159993,15603.46,e_wallet,paid
PAY001851,O001851,2026-05-16 21:45:07.159993,2052.09,credit_card,refunded
PAY001852,O001852,2026-05-05 20:45:16.159993,3801.22,credit_card,paid
PAY001853,O001853,2026-03-06 21:07:02.159993,515.94,e_wallet,paid
PAY001854,O001854,2026-06-17 23:53:55.159993,17041.37,e_wallet,paid
PAY001855,O001855,2026-05-25 23:52:55.159993,14010.41,credit_card,paid
PAY001856,O001856,2026-06-19 19:34:57.159993,23442.24,bank_transfer,paid
PAY001857,O001857,2026-03-21 12:10:42.159993,6378.34,credit_card,paid
PAY001858,O001858,2026-06-17 15:45:49.159993,0.0,credit_card,refunded
PAY001859,O001859,2026-06-16 23:18:38.159993,3445.26,e_wallet,paid
PAY001860,O001860,2026-04-10 07:50:56.159993,12420.12,cod,paid
PAY001861,O001861,2026-06-16 06:56:26.159993,5610.11,e_wallet,refunded
PAY001862,O001862,2026-04-16 23:11:17.159993,9080.46,e_wallet,refunded
PAY001863,O001863,2026-06-19 02:47:22.159993,1556.82,e_wallet,paid
PAY001864,O001864,2026-04-01 23:17:15.159993,0.0,credit_card,paid
PAY001865,O001865,2026-05-28 17:18:07.159993,17669.49,e_wallet,paid
PAY001866,O001866,2026-06-15 20:03:40.159993,8968.49,e_wallet,refunded
PAY001867,O001867,2026-03-15 21:31:10.159993,0.0,credit_card,failed
PAY001868,O001868,2026-06-09 20:41:50.159993,2999.28,cod,paid
PAY001869,O001869,2026-06-06 17:37:31.159993,17761.09,credit_card,paid
PAY001870,O001870,2026-06-21 03:27:06.159993,11815.02,bank_transfer,paid
PAY001871,O001871,2026-06-21 08:47:29.159993,3712.45,bank_transfer,failed
PAY001872,O001872,2026-05-17 08:45:48.159993,0.0,bank_transfer,paid
PAY001873,O001873,2026-04-09 04:48:45.159993,10649.59,bank_transfer,paid
PAY001874,O001874,2026-06-19 17:19:38.159993,10976.95,e_wallet,paid
PAY001875,O001875,2026-05-24 15:52:14.159993,30667.55,cod,paid
PAY001876,O001876,2026-06-21 11:55:50.159993,1203.91,e_wallet,refunded
PAY001877,O001877,2026-06-12 20:44:59.159993,32297.49,e_wallet,refunded
PAY001878,O001878,2026-05-26 01:06:07.159993,1198.85,credit_card,paid
PAY001879,O001879,2026-05-25 17:11:06.159993,13894.31,bank_transfer,refunded
PAY001880,O001880,2026-03-04 20:01:41.159993,18897.85,e_wallet,paid
PAY001881,O001881,2026-06-20 10:50:45.159993,3225.69,e_wallet,paid
PAY001882,O001882,2026-04-11 22:24:59.159993,3428.39,credit_card,refunded
PAY001883,O001883,2026-02-17 19:12:23.159993,21671.27,credit_card,paid
PAY001884,O001884,2026-05-13 18:39:22.159993,17870.01,bank_transfer,refunded
PAY001885,O001885,2026-01-03 20:23:44.159993,29063.72,e_wallet,paid
PAY001886,O001886,2026-06-21 11:11:23.159993,0.0,credit_card,paid
PAY001887,O001887,2026-06-19 15:40:32.159993,11805.83,e_wallet,paid
PAY001888,O001888,2026-06-21 01:29:06.159993,2348.03,bank_transfer,refunded
PAY001889,O001889,2026-06-20 08:38:18.159993,0.0,credit_card,paid
PAY001890,O001890,2026-05-31 23:12:40.159993,19870.16,bank_transfer,paid
PAY001891,O001891,2026-06-03 19:43:29.159993,7669.73,e_wallet,paid
PAY001892,O001892,2026-03-09 08:57:09.159993,23729.5,credit_card,paid
PAY001893,O001893,2026-05-01 22:02:36.159993,5297.9,credit_card,paid
PAY001894,O001894,2026-06-11 08:48:49.159993,15595.53,e_wallet,paid
PAY001895,O001895,2026-05-18 11:17:01.159993,6476.89,e_wallet,failed
PAY001896,O001896,2026-06-17 00:43:13.159993,30343.51,e_wallet,paid
PAY001897,O001897,2026-06-19 10:31:36.159993,16913.51,bank_transfer,paid
PAY001898,O001898,2026-05-22 01:55:12.159993,5250.28,e_wallet,paid
PAY001899,O001899,2026-06-12 20:52:29.159993,17681.87,e_wallet,paid
PAY001900,O001900,2026-06-07 01:18:53.159993,34153.66,e_wallet,paid
PAY001901,O001901,2026-05-09 10:35:11.159993,696.02,bank_transfer,failed
PAY001902,O001902,2026-06-19 21:31:31.159993,22838.51,bank_transfer,paid
PAY001903,O001903,2026-05-29 05:46:43.159993,2974.28,e_wallet,paid
PAY001904,O001904,2026-06-19 15:06:44.159993,0.0,e_wallet,paid
PAY001905,O001905,2026-04-24 03:56:22.159993,13606.18,e_wallet,paid
PAY001906,O001906,2026-06-21 02:23:51.159993,18678.29,credit_card,paid
PAY001907,O001907,2026-05-31 04:37:15.159993,24057.11,bank_transfer,paid
PAY001908,O001908,2026-05-28 03:04:56.159993,0.0,e_wallet,paid
PAY001909,O001909,2026-05-09 03:47:21.159993,10610.75,credit_card,paid
PAY001910,O001910,2026-04-20 18:24:47.159993,24.09,credit_card,paid
PAY001911,O001911,2026-06-12 04:32:23.159993,18910.83,credit_card,paid
PAY001912,O001912,2026-06-09 05:31:12.159993,3960.4,bank_transfer,paid
PAY001913,O001913,2026-05-04 14:19:11.159993,8438.5,credit_card,refunded
PAY001914,O001914,2026-06-18 09:01:42.159993,3733.22,bank_transfer,paid
PAY001915,O001915,2026-02-21 23:58:22.159993,11951.66,e_wallet,paid
PAY001916,O001916,2026-06-20 02:58:21.159993,21002.09,credit_card,paid
PAY001917,O001917,2026-05-12 21:55:55.159993,5789.64,e_wallet,paid
PAY001918,O001918,2026-03-13 03:09:01.159993,17242.69,bank_transfer,failed
PAY001919,O001919,2026-06-16 19:16:47.159993,36107.1,e_wallet,paid
PAY001920,O001920,2026-06-16 06:35:03.159993,15070.87,credit_card,paid
PAY001921,O001921,2026-05-29 04:48:44.159993,16207.0,credit_card,paid
PAY001922,O001922,2026-06-15 05:07:30.159993,31516.02,bank_transfer,paid
PAY001923,O001923,2026-06-11 16:31:57.159993,903.0,e_wallet,paid
PAY001924,O001924,2026-05-31 20:51:35.159993,35051.13,e_wallet,paid
PAY001925,O001925,2026-06-16 22:32:57.159993,4942.27,e_wallet,paid
PAY001926,O001926,2026-06-10 10:57:32.159993,24793.59,credit_card,refunded
PAY001927,O001927,2026-06-20 15:27:12.159993,484.06,bank_transfer,paid
PAY001928,O001928,2026-06-01 06:46:02.159993,8559.97,e_wallet,paid
PAY001929,O001929,2026-06-04 01:56:04.159993,25340.13,credit_card,paid
PAY001930,O001930,2026-06-10 01:30:18.159993,8923.69,credit_card,paid
PAY001931,O001931,2026-06-08 12:20:05.159993,0.0,credit_card,paid
PAY001932,O001932,2026-05-22 22:04:14.159993,30602.46,credit_card,paid
PAY001933,O001933,2026-05-02 22:24:46.159993,9221.87,e_wallet,paid
PAY001934,O001934,2026-05-25 05:37:33.159993,13814.42,cod,paid
PAY001935,O001935,2026-06-21 06:32:59.159993,25792.09,cod,paid
PAY001936,O001936,2026-06-04 09:19:11.159993,15499.72,credit_card,paid
PAY001937,O001937,2026-06-19 22:04:25.159993,12303.24,credit_card,paid
PAY001938,O001938,2026-06-18 16:00:07.159993,393.55,credit_card,paid
PAY001939,O001939,2026-05-29 22:23:04.159993,4696.43,bank_transfer,paid
PAY001940,O001940,2026-05-17 01:04:10.159993,41468.18,bank_transfer,failed
PAY001941,O001941,2026-06-21 12:10:17.159993,34710.03,credit_card,paid
PAY001942,O001942,2026-06-13 11:25:41.159993,14977.73,e_wallet,failed
PAY001943,O001943,2026-02-20 08:48:59.159993,0.0,bank_transfer,paid
PAY001944,O001944,2026-06-20 22:14:09.159993,5962.29,e_wallet,paid
PAY001945,O001945,2026-05-16 01:47:06.159993,3473.72,e_wallet,failed
PAY001946,O001946,2026-06-15 17:17:57.159993,10304.46,credit_card,paid
PAY001947,O001947,2026-06-20 06:35:30.159993,4687.16,credit_card,failed
PAY001948,O001948,2026-06-18 17:41:49.159993,12056.02,credit_card,paid
PAY001949,O001949,2026-06-13 06:13:51.159993,8777.01,credit_card,paid
PAY001950,O001950,2026-05-30 06:13:51.159993,4818.24,credit_card,paid
PAY001951,O001951,2026-06-17 05:37:48.159993,20276.36,credit_card,paid
PAY001952,O001952,2026-03-31 03:41:43.159993,27361.15,bank_transfer,paid
PAY001953,O001953,2026-04-22 08:19:15.159993,1743.85,cod,paid
PAY001954,O001954,2026-06-19 08:46:48.159993,20334.23,bank_transfer,paid
PAY001955,O001955,2026-06-21 14:31:27.159993,13070.16,bank_transfer,paid
PAY001956,O001956,2026-06-17 07:49:02.159993,13514.48,bank_transfer,paid
PAY001957,O001957,2026-05-05 07:17:01.159993,1420.89,e_wallet,paid
PAY001958,O001958,2026-06-16 20:12:19.159993,11955.77,bank_transfer,paid
PAY001959,O001959,2026-05-11 13:06:39.159993,0.0,credit_card,paid
PAY001960,O001960,2026-06-11 19:39:34.159993,12872.79,e_wallet,paid
PAY001961,O001961,2026-06-20 01:57:41.159993,6487.08,credit_card,paid
PAY001962,O001962,2026-05-17 09:56:42.159993,33583.07,bank_transfer,paid
PAY001963,O001963,2026-05-15 19:35:31.159993,0.0,credit_card,paid
PAY001964,O001964,2026-06-21 13:28:53.159993,15824.47,e_wallet,paid
PAY001965,O001965,2026-06-09 09:29:28.159993,1119.11,credit_card,paid
PAY001966,O001966,2026-05-22 05:20:05.159993,9118.61,e_wallet,paid
PAY001967,O001967,2026-05-11 22:44:02.159993,4376.52,credit_card,paid
PAY001968,O001968,2026-05-21 14:43:20.159993,27102.62,e_wallet,paid
PAY001969,O001969,2026-06-13 02:42:45.159993,22913.01,credit_card,paid
PAY001970,O001970,2026-06-19 01:42:15.159993,23475.43,credit_card,paid
PAY001971,O001971,2026-05-27 18:33:42.159993,1792.96,credit_card,paid
PAY001972,O001972,2026-06-10 16:04:56.159993,32334.17,bank_transfer,paid
PAY001973,O001973,2026-06-20 13:56:45.159993,14043.2,cod,paid
PAY001974,O001974,2026-06-20 05:22:22.159993,3174.97,cod,paid
PAY001975,O001975,2026-06-20 08:58:31.159993,10919.04,e_wallet,paid
PAY001976,O001976,2026-06-01 08:35:21.159993,128.61,bank_transfer,paid
PAY001977,O001977,2026-06-15 06:01:36.159993,38131.4,e_wallet,paid
PAY001978,O001978,2026-06-18 15:35:30.159993,22619.67,bank_transfer,paid
PAY001979,O001979,2026-06-20 14:31:07.159993,28740.17,credit_card,paid
PAY001980,O001980,2026-06-03 08:48:01.159993,7571.28,e_wallet,paid
PAY001981,O001981,2026-05-21 09:38:55.159993,2261.35,e_wallet,refunded
PAY001982,O001982,2026-06-10 08:45:45.159993,35705.12,credit_card,paid
PAY001983,O001983,2026-05-10 06:24:00.159993,10118.45,e_wallet,paid
PAY001984,O001984,2026-06-17 01:24:04.159993,0.0,e_wallet,paid
PAY001985,O001985,2026-05-12 15:56:23.159993,12928.24,bank_transfer,paid
PAY001986,O001986,2026-04-23 10:01:38.159993,3283.83,bank_transfer,paid
PAY001987,O001987,2026-04-22 01:05:29.159993,1468.92,e_wallet,paid
PAY001988,O001988,2026-05-20 01:47:40.159993,39514.84,e_wallet,failed
PAY001989,O001989,2026-04-07 11:32:23.159993,7510.72,credit_card,paid
PAY001990,O001990,2026-06-12 06:49:22.159993,1157.63,credit_card,paid
PAY001991,O001991,2026-06-17 23:45:46.159993,4907.75,e_wallet,paid
PAY001992,O001992,2026-06-02 21:17:54.159993,15146.13,credit_card,paid
PAY001993,O001993,2026-06-20 09:53:30.159993,0.0,e_wallet,paid
PAY001994,O001994,2026-06-14 10:27:01.159993,8421.93,e_wallet,failed
PAY001995,O001995,2026-06-20 07:36:19.159993,6174.05,e_wallet,paid
PAY001996,O001996,2026-05-15 12:16:02.159993,20.33,e_wallet,paid
PAY001997,O001997,2026-01-21 02:06:52.159993,34401.66,cod,paid
PAY001998,O001998,2026-05-15 06:25:43.159993,20067.81,bank_transfer,refunded
PAY001999,O001999,2026-06-14 04:54:33.159993,22095.83,credit_card,paid
PAY002000,O002000,2026-06-03 23:42:53.159993,8652.03,e_wallet,paid
PAY002001,O002001,2026-04-19 04:18:34.159993,0.0,credit_card,paid
PAY002002,O002002,2026-03-24 23:25:52.159993,2230.75,credit_card,failed
PAY002003,O002003,2026-06-11 09:09:04.159993,946.81,credit_card,paid
PAY002004,O002004,2026-06-11 06:57:58.159993,88.22,e_wallet,paid
PAY002005,O002005,2026-05-02 06:21:40.159993,6328.12,credit_card,paid
PAY002006,O002006,2026-06-20 15:56:43.159993,13863.6,credit_card,paid
PAY002007,O002007,2026-06-12 20:20:33.159993,29777.46,credit_card,paid
PAY002008,O002008,2026-05-09 01:37:43.159993,30728.65,bank_transfer,paid
PAY002009,O002009,2026-05-28 03:33:16.159993,26408.38,bank_transfer,paid
PAY002010,O002010,2026-06-03 13:06:19.159993,0.0,credit_card,failed
PAY002011,O002011,2026-06-10 06:21:18.159993,9854.16,e_wallet,paid
PAY002012,O002012,2026-06-06 17:48:43.159993,6180.51,bank_transfer,paid
PAY002013,O002013,2026-05-18 00:54:51.159993,0.0,bank_transfer,paid
PAY002014,O002014,2026-05-31 20:44:38.159993,17057.78,bank_transfer,paid
PAY002015,O002015,2026-06-20 08:40:38.159993,6407.04,credit_card,paid
PAY002016,O002016,2026-05-12 11:21:35.159993,4146.74,credit_card,paid
PAY002017,O002017,2026-06-11 22:39:52.159993,29922.47,credit_card,failed
PAY002018,O002018,2026-02-08 11:14:58.159993,7048.55,bank_transfer,paid
PAY002019,O002019,2026-04-21 13:03:25.159993,18319.64,e_wallet,paid
PAY002020,O002020,2026-05-16 19:45:04.159993,17400.45,credit_card,paid
PAY002021,O002021,2026-06-17 17:33:57.159993,6284.71,credit_card,paid
PAY002022,O002022,2026-05-27 07:14:34.159993,2868.5,bank_transfer,refunded
PAY002023,O002023,2026-05-25 11:56:56.159993,7908.6,bank_transfer,paid
PAY002024,O002024,2026-06-21 04:27:53.159993,25532.61,e_wallet,paid
PAY002025,O002025,2026-06-18 21:24:29.159993,3891.53,bank_transfer,failed
PAY002026,O002026,2026-06-21 06:19:46.159993,27022.58,e_wallet,paid
PAY002027,O002027,2026-05-25 21:19:20.159993,30622.67,e_wallet,failed
PAY002028,O002028,2026-06-13 01:36:49.159993,4314.23,credit_card,refunded
PAY002029,O002029,2026-06-18 11:12:27.159993,7403.11,credit_card,paid
PAY002030,O002030,2026-03-07 15:00:40.159993,3230.65,e_wallet,failed
PAY002031,O002031,2026-06-19 23:37:51.159993,17842.26,credit_card,paid
PAY002032,O002032,2026-06-13 07:04:31.159993,26455.7,bank_transfer,paid
PAY002033,O002033,2026-05-25 12:56:49.159993,2121.46,e_wallet,paid
PAY002034,O002034,2026-06-20 21:37:38.159993,647.63,credit_card,paid
PAY002035,O002035,2026-05-19 12:34:27.159993,0.0,credit_card,paid
PAY002036,O002036,2026-06-11 01:20:45.159993,4629.79,credit_card,paid
PAY002037,O002037,2026-06-12 00:34:22.159993,13654.03,e_wallet,paid
PAY002038,O002038,2026-06-18 00:00:50.159993,26415.59,e_wallet,paid
PAY002039,O002039,2026-06-11 22:01:09.159993,25371.49,bank_transfer,paid
PAY002040,O002040,2026-06-07 10:57:42.159993,7401.23,e_wallet,paid
PAY002041,O002041,2026-05-28 06:00:42.159993,9116.68,credit_card,paid
PAY002042,O002042,2026-05-14 11:19:45.159993,39438.06,bank_transfer,paid
PAY002043,O002043,2026-06-16 23:58:38.159993,0.0,bank_transfer,refunded
PAY002044,O002044,2026-06-20 19:33:58.159993,12929.93,credit_card,paid
PAY002045,O002045,2026-06-21 06:33:23.159993,7989.87,credit_card,paid
PAY002046,O002046,2026-06-17 01:09:03.159993,13873.65,bank_transfer,paid
PAY002047,O002047,2026-06-20 01:30:38.159993,0.0,e_wallet,paid
PAY002048,O002048,2026-06-02 07:22:22.159993,11786.83,bank_transfer,paid
PAY002049,O002049,2026-06-19 04:55:56.159993,8923.4,e_wallet,paid
PAY002050,O002050,2026-05-23 08:51:15.159993,9602.83,credit_card,paid
PAY002051,O002051,2026-06-18 17:14:25.159993,9151.04,e_wallet,paid
PAY002052,O002052,2026-06-19 07:06:04.159993,5604.89,credit_card,paid
PAY002053,O002053,2026-05-18 00:47:54.159993,9793.11,bank_transfer,paid
PAY002054,O002054,2026-06-20 21:54:40.159993,28059.55,credit_card,paid
PAY002055,O002055,2026-03-28 16:25:40.159993,17052.53,e_wallet,paid
PAY002056,O002056,2026-05-15 23:19:03.159993,4944.28,cod,paid
PAY002057,O002057,2026-06-03 13:06:04.159993,3333.96,bank_transfer,paid
PAY002058,O002058,2026-05-07 12:59:09.159993,7117.22,bank_transfer,paid
PAY002059,O002059,2026-05-05 04:09:09.159993,13375.42,credit_card,paid
PAY002060,O002060,2026-05-22 21:54:07.159993,19115.43,bank_transfer,paid
PAY002061,O002061,2026-06-17 18:25:18.159993,33732.38,e_wallet,failed
PAY002062,O002062,2026-05-28 01:28:18.159993,9138.71,bank_transfer,paid
PAY002063,O002063,2026-06-03 03:14:51.159993,9323.34,bank_transfer,failed
PAY002064,O002064,2026-05-18 04:23:35.159993,23809.42,e_wallet,paid
PAY002065,O002065,2026-05-27 03:16:09.159993,0.0,credit_card,paid
PAY002066,O002066,2026-06-12 15:35:42.159993,0.0,e_wallet,paid
PAY002067,O002067,2026-05-29 02:56:53.159993,11798.23,credit_card,paid
PAY002068,O002068,2026-05-12 17:31:07.159993,33743.94,bank_transfer,paid
PAY002069,O002069,2026-06-20 06:35:58.159993,10301.74,e_wallet,paid
PAY002070,O002070,2026-04-06 02:46:47.159993,4708.61,credit_card,paid
PAY002071,O002071,2026-05-25 10:31:59.159993,15047.6,bank_transfer,paid
PAY002072,O002072,2026-06-11 00:41:04.159993,0.0,e_wallet,paid
PAY002073,O002073,2026-04-19 04:28:13.159993,3082.05,e_wallet,paid
PAY002074,O002074,2026-04-12 16:24:02.159993,1376.67,credit_card,paid
PAY002075,O002075,2026-06-12 22:47:26.159993,2758.14,cod,paid
PAY002076,O002076,2026-05-06 23:36:32.159993,2492.12,credit_card,paid
PAY002077,O002077,2026-04-26 12:53:52.159993,12218.5,e_wallet,paid
PAY002078,O002078,2026-05-02 10:46:15.159993,14261.93,credit_card,paid
PAY002079,O002079,2026-05-28 06:56:19.159993,3168.69,bank_transfer,paid
PAY002080,O002080,2026-06-20 17:20:05.159993,5139.12,bank_transfer,paid
PAY002081,O002081,2026-06-17 08:55:59.159993,4695.46,credit_card,paid
PAY002082,O002082,2026-06-13 21:25:57.159993,0.0,credit_card,paid
PAY002083,O002083,2026-06-11 20:13:50.159993,35446.53,bank_transfer,paid
PAY002084,O002084,2026-05-22 12:54:52.159993,0.0,e_wallet,paid
PAY002085,O002085,2026-06-18 23:12:49.159993,10357.52,e_wallet,paid
PAY002086,O002086,2026-06-02 06:01:18.159993,791.0,credit_card,paid
PAY002087,O002087,2026-05-24 07:03:22.159993,3922.32,e_wallet,paid
PAY002088,O002088,2026-06-09 21:02:18.159993,0.0,credit_card,failed
PAY002089,O002089,2026-06-10 21:11:11.159993,9422.34,e_wallet,paid
PAY002090,O002090,2026-06-11 21:44:03.159993,0.0,cod,paid
PAY002091,O002091,2026-06-20 17:48:33.159993,24208.1,e_wallet,paid
PAY002092,O002092,2026-06-03 15:44:41.159993,0.0,e_wallet,paid
PAY002093,O002093,2026-06-16 14:14:04.159993,13139.42,e_wallet,paid
PAY002094,O002094,2026-06-18 10:14:37.159993,0.0,cod,refunded
PAY002095,O002095,2026-06-20 12:57:30.159993,15173.32,cod,paid
PAY002096,O002096,2026-06-12 16:18:19.159993,22122.84,bank_transfer,paid
PAY002097,O002097,2026-05-10 08:49:10.159993,22557.23,e_wallet,paid
PAY002098,O002098,2026-06-12 06:54:04.159993,22053.97,bank_transfer,paid
PAY002099,O002099,2026-06-16 09:51:19.159993,4149.93,credit_card,failed
PAY002100,O002100,2026-05-31 14:53:52.159993,11129.04,e_wallet,paid
PAY002101,O002101,2026-05-07 00:12:31.159993,19960.69,e_wallet,paid
PAY002102,O002102,2026-06-11 09:25:45.159993,3449.65,bank_transfer,paid
PAY002103,O002103,2026-05-21 05:13:14.159993,423.02,credit_card,paid
PAY002104,O002104,2026-06-08 07:27:03.159993,24806.26,credit_card,failed
PAY002105,O002105,2026-06-16 19:19:43.159993,38517.43,bank_transfer,paid
PAY002106,O002106,2026-04-26 12:10:54.159993,25818.16,credit_card,failed
PAY002107,O002107,2026-06-15 07:41:11.159993,15763.83,credit_card,paid
PAY002108,O002108,2026-06-11 18:01:30.159993,0.0,cod,paid
PAY002109,O002109,2026-05-26 11:54:56.159993,13664.38,credit_card,paid
PAY002110,O002110,2026-04-28 04:55:27.159993,15167.74,e_wallet,refunded
PAY002111,O002111,2026-03-06 01:44:57.159993,3975.14,e_wallet,paid
PAY002112,O002112,2026-06-03 13:25:31.159993,9365.76,e_wallet,paid
PAY002113,O002113,2026-06-20 16:45:34.159993,11890.48,e_wallet,paid
PAY002114,O002114,2026-06-18 06:38:37.159993,4978.67,e_wallet,paid
PAY002115,O002115,2026-05-31 03:09:45.159993,18301.52,cod,paid
PAY002116,O002116,2026-06-12 21:07:56.159993,294.75,bank_transfer,paid
PAY002117,O002117,2026-05-07 01:15:18.159993,15883.44,bank_transfer,paid
PAY002118,O002118,2026-06-08 19:18:26.159993,9702.72,bank_transfer,paid
PAY002119,O002119,2026-05-29 13:06:41.159993,21499.35,e_wallet,paid
PAY002120,O002120,2026-06-14 22:35:13.159993,8361.53,bank_transfer,paid
PAY002121,O002121,2026-06-17 21:25:11.159993,11761.49,e_wallet,paid
PAY002122,O002122,2026-06-18 02:34:11.159993,3705.5,credit_card,paid
PAY002123,O002123,2026-06-15 15:33:08.159993,0.0,bank_transfer,paid
PAY002124,O002124,2026-06-21 13:06:07.159993,18942.86,e_wallet,failed
PAY002125,O002125,2026-05-23 18:09:25.159993,16128.16,cod,paid
PAY002126,O002126,2026-06-07 08:45:22.159993,23155.41,credit_card,paid
PAY002127,O002127,2026-06-16 11:56:20.159993,18054.5,credit_card,paid
PAY002128,O002128,2026-06-09 06:01:16.159993,6138.28,credit_card,failed
PAY002129,O002129,2026-06-10 21:44:17.159993,6596.66,e_wallet,paid
PAY002130,O002130,2026-06-16 11:35:58.159993,15497.82,cod,paid
PAY002131,O002131,2026-06-19 11:22:10.159993,2725.53,credit_card,paid
PAY002132,O002132,2026-06-11 09:56:56.159993,116.86,credit_card,paid
PAY002133,O002133,2026-06-05 21:12:25.159993,31137.37,credit_card,paid
PAY002134,O002134,2026-06-19 13:41:41.159993,17417.79,credit_card,paid
PAY002135,O002135,2026-04-28 13:05:50.159993,14272.54,cod,paid
PAY002136,O002136,2026-06-16 02:09:29.159993,424.07,cod,paid
PAY002137,O002137,2026-06-21 14:26:21.159993,6018.05,credit_card,paid
PAY002138,O002138,2026-05-16 11:51:37.159993,711.98,e_wallet,paid
PAY002139,O002139,2026-06-21 13:13:44.159993,8467.85,bank_transfer,paid
PAY002140,O002140,2026-06-20 02:54:04.159993,2764.62,credit_card,paid
PAY002141,O002141,2026-06-20 14:24:32.159993,1626.03,e_wallet,failed
PAY002142,O002142,2026-05-30 18:28:23.159993,0.0,bank_transfer,paid
PAY002143,O002143,2026-06-21 08:18:42.159993,16982.05,bank_transfer,paid
PAY002144,O002144,2026-06-15 02:02:11.159993,5897.03,bank_transfer,failed
PAY002145,O002145,2026-06-18 15:40:26.159993,0.0,credit_card,paid
PAY002146,O002146,2026-06-15 10:39:59.159993,10930.99,credit_card,paid
PAY002147,O002147,2026-04-14 22:58:39.159993,18051.75,credit_card,paid
PAY002148,O002148,2026-06-21 01:23:27.159993,21543.41,bank_transfer,paid
PAY002149,O002149,2026-05-30 23:23:06.159993,1036.34,credit_card,paid
PAY002150,O002150,2026-06-02 06:49:40.159993,10688.66,cod,paid
PAY002151,O002151,2026-06-15 07:30:54.159993,21348.05,bank_transfer,paid
PAY002152,O002152,2026-06-18 14:06:13.159993,2903.14,credit_card,paid
PAY002153,O002153,2026-06-20 22:56:57.159993,5162.8,e_wallet,failed
PAY002154,O002154,2026-05-30 04:43:12.159993,9147.35,cod,paid
PAY002155,O002155,2026-06-21 12:48:39.159993,4667.25,credit_card,paid
PAY002156,O002156,2026-05-28 05:45:22.159993,20540.93,credit_card,paid
PAY002157,O002157,2026-05-13 14:43:24.159993,11336.23,credit_card,paid
PAY002158,O002158,2026-06-16 23:37:16.159993,45644.38,bank_transfer,paid
PAY002159,O002159,2026-04-10 13:14:16.159993,11048.94,e_wallet,paid
PAY002160,O002160,2026-06-21 08:37:57.159993,2533.03,credit_card,failed
PAY002161,O002161,2026-05-03 13:22:32.159993,2236.61,credit_card,paid
PAY002162,O002162,2026-06-21 12:43:48.159993,12225.4,e_wallet,failed
PAY002163,O002163,2026-03-24 00:30:36.159993,5889.37,credit_card,paid
PAY002164,O002164,2026-06-18 11:11:11.159993,9210.92,cod,paid
PAY002165,O002165,2026-05-10 16:24:22.159993,7169.98,e_wallet,paid
PAY002166,O002166,2026-05-18 09:47:51.159993,20812.85,credit_card,failed
PAY002167,O002167,2026-06-17 23:43:30.159993,21838.31,credit_card,paid
PAY002168,O002168,2026-05-17 08:10:11.159993,11843.64,e_wallet,paid
PAY002169,O002169,2026-06-02 03:58:34.159993,2583.07,e_wallet,paid
PAY002170,O002170,2026-06-16 10:07:27.159993,32243.85,credit_card,paid
PAY002171,O002171,2026-06-11 06:52:59.159993,16907.33,bank_transfer,paid
PAY002172,O002172,2026-06-08 01:35:30.159993,11683.74,e_wallet,paid
PAY002173,O002173,2026-03-27 07:46:55.159993,17905.91,cod,refunded
PAY002174,O002174,2026-06-14 06:04:04.159993,26036.07,e_wallet,failed
PAY002175,O002175,2026-05-10 21:37:18.159993,11573.43,credit_card,paid
PAY002176,O002176,2026-06-07 17:36:05.159993,699.42,credit_card,paid
PAY002177,O002177,2026-06-13 05:40:07.159993,10725.4,credit_card,paid
PAY002178,O002178,2026-05-28 21:40:33.159993,806.62,credit_card,paid
PAY002179,O002179,2026-05-19 23:37:41.159993,37322.69,bank_transfer,paid
PAY002180,O002180,2026-06-21 06:30:31.159993,30349.7,bank_transfer,paid
PAY002181,O002181,2026-06-14 23:19:51.159993,4223.46,credit_card,paid
PAY002182,O002182,2026-06-06 16:10:28.159993,15086.17,e_wallet,paid
PAY002183,O002183,2026-06-15 23:48:06.159993,7878.86,e_wallet,paid
PAY002184,O002184,2026-06-19 15:12:16.159993,8589.58,cod,paid
PAY002185,O002185,2026-04-18 22:33:16.159993,4118.93,credit_card,paid
PAY002186,O002186,2026-06-11 20:30:23.159993,10551.37,credit_card,failed
PAY002187,O002187,2026-06-06 09:42:03.159993,12995.89,bank_transfer,refunded
PAY002188,O002188,2026-06-17 15:02:07.159993,4546.77,e_wallet,paid
PAY002189,O002189,2026-06-18 20:49:19.159993,2276.0,bank_transfer,failed
PAY002190,O002190,2026-05-10 06:07:56.159993,3858.25,bank_transfer,paid
PAY002191,O002191,2026-05-21 17:52:47.159993,5774.39,bank_transfer,paid
PAY002192,O002192,2026-06-19 02:56:41.159993,0.0,credit_card,paid
PAY002193,O002193,2026-04-14 20:23:34.159993,3068.71,credit_card,paid
PAY002194,O002194,2026-05-20 04:59:19.159993,11724.52,e_wallet,paid
PAY002195,O002195,2026-04-27 22:30:12.159993,10760.99,credit_card,paid
PAY002196,O002196,2026-06-17 05:02:47.159993,12765.43,bank_transfer,failed
PAY002197,O002197,2026-06-21 04:46:41.159993,3764.5,cod,paid
PAY002198,O002198,2026-06-15 06:25:10.159993,5719.92,bank_transfer,paid
PAY002199,O002199,2026-06-14 01:43:22.159993,12551.22,credit_card,paid
PAY002200,O002200,2026-06-16 10:27:44.159993,7406.66,bank_transfer,paid
PAY002201,O002201,2026-06-16 03:59:12.159993,14271.44,bank_transfer,paid
PAY002202,O002202,2026-06-20 05:55:26.159993,0.0,credit_card,failed
PAY002203,O002203,2026-06-08 09:19:11.159993,14283.97,credit_card,paid
PAY002204,O002204,2026-05-05 12:57:52.159993,10589.58,credit_card,paid
PAY002205,O002205,2026-06-11 05:26:29.159993,23078.8,credit_card,paid
PAY002206,O002206,2026-04-18 01:00:51.159993,6305.09,cod,paid
PAY002207,O002207,2026-06-10 16:59:35.159993,17282.62,credit_card,paid
PAY002208,O002208,2026-05-17 13:55:36.159993,47278.0,bank_transfer,paid
PAY002209,O002209,2026-06-14 17:31:07.159993,17848.71,e_wallet,paid
PAY002210,O002210,2026-06-06 18:34:58.159993,20144.21,e_wallet,paid
PAY002211,O002211,2026-05-10 10:27:45.159993,2928.16,credit_card,paid
PAY002212,O002212,2026-06-02 22:31:53.159993,7658.4,e_wallet,paid
PAY002213,O002213,2026-06-15 01:21:40.159993,24418.48,credit_card,paid
PAY002214,O002214,2026-06-09 04:59:15.159993,46190.85,bank_transfer,refunded
PAY002215,O002215,2026-06-02 14:52:34.159993,7430.93,bank_transfer,paid
PAY002216,O002216,2026-05-11 21:25:49.159993,4802.99,credit_card,paid
PAY002217,O002217,2026-05-18 04:34:09.159993,0.0,e_wallet,paid
PAY002218,O002218,2026-04-28 19:42:47.159993,24581.42,credit_card,paid
PAY002219,O002219,2026-06-16 10:29:46.159993,6707.79,bank_transfer,paid
PAY002220,O002220,2026-06-18 20:10:17.159993,19261.03,bank_transfer,paid
PAY002221,O002221,2026-06-01 12:54:51.159993,3800.8,credit_card,paid
PAY002222,O002222,2026-06-19 12:10:31.159993,49428.1,credit_card,paid
PAY002223,O002223,2026-06-19 11:13:37.159993,8166.03,e_wallet,paid
PAY002224,O002224,2026-06-03 12:26:49.159993,31583.66,credit_card,paid
PAY002225,O002225,2026-06-10 08:06:21.159993,1237.76,credit_card,paid
PAY002226,O002226,2026-06-17 07:44:40.159993,4841.72,credit_card,refunded
PAY002227,O002227,2026-05-18 17:21:23.159993,0.0,e_wallet,paid
PAY002228,O002228,2026-06-09 10:04:37.159993,5391.06,credit_card,paid
PAY002229,O002229,2026-06-19 17:21:58.159993,11579.93,bank_transfer,paid
PAY002230,O002230,2026-05-22 20:15:29.159993,5105.58,credit_card,paid
PAY002231,O002231,2026-06-21 09:12:54.159993,8362.26,credit_card,paid
PAY002232,O002232,2026-05-06 13:26:14.159993,670.34,e_wallet,paid
PAY002233,O002233,2026-04-17 13:48:59.159993,9133.62,credit_card,failed
PAY002234,O002234,2026-03-20 20:31:20.159993,14395.78,credit_card,paid
PAY002235,O002235,2026-06-03 09:45:07.159993,13495.3,bank_transfer,paid
PAY002236,O002236,2026-01-25 22:58:02.159993,11852.09,e_wallet,paid
PAY002237,O002237,2026-05-31 08:08:41.159993,710.17,e_wallet,failed
PAY002238,O002238,2026-02-23 06:45:05.159993,5083.13,e_wallet,paid
PAY002239,O002239,2026-05-30 17:31:27.159993,29308.42,credit_card,paid
PAY002240,O002240,2026-06-11 06:03:20.159993,42768.39,credit_card,paid
PAY002241,O002241,2026-06-04 12:15:51.159993,23738.4,e_wallet,paid
PAY002242,O002242,2026-06-08 11:47:08.159993,2428.1,e_wallet,paid
PAY002243,O002243,2026-06-19 01:21:04.159993,2456.57,credit_card,paid
PAY002244,O002244,2026-06-17 17:04:15.159993,11518.62,cod,paid
PAY002245,O002245,2026-06-20 09:19:23.159993,6943.97,bank_transfer,paid
PAY002246,O002246,2026-05-08 12:41:17.159993,5813.71,e_wallet,paid
PAY002247,O002247,2026-06-19 20:38:56.159993,12514.47,credit_card,failed
PAY002248,O002248,2026-06-18 17:23:05.159993,1494.82,cod,paid
PAY002249,O002249,2026-06-18 15:13:42.159993,0.0,bank_transfer,paid
PAY002250,O002250,2026-06-21 01:35:06.159993,13406.14,bank_transfer,paid
PAY002251,O002251,2026-06-07 07:12:33.159993,23855.69,bank_transfer,paid
PAY002252,O002252,2026-06-21 03:59:32.159993,690.6,e_wallet,paid
PAY002253,O002253,2026-06-20 01:55:28.159993,4593.1,bank_transfer,paid
PAY002254,O002254,2026-06-18 19:49:50.159993,17845.26,credit_card,paid
PAY002255,O002255,2026-01-30 10:40:19.159993,11729.91,credit_card,paid
PAY002256,O002256,2026-06-07 00:06:35.159993,4581.5,cod,paid
PAY002257,O002257,2026-05-23 07:24:51.159993,27175.25,e_wallet,paid
PAY002258,O002258,2026-06-08 15:20:04.159993,10809.16,bank_transfer,refunded
PAY002259,O002259,2026-04-25 05:24:41.159993,2458.93,e_wallet,paid
PAY002260,O002260,2026-02-16 20:26:39.159993,16120.57,credit_card,paid
PAY002261,O002261,2026-06-12 21:38:14.159993,8502.28,credit_card,paid
PAY002262,O002262,2026-06-05 10:40:47.159993,32840.64,bank_transfer,paid
PAY002263,O002263,2026-06-17 08:52:59.159993,15000.06,bank_transfer,paid
PAY002264,O002264,2026-06-18 22:35:29.159993,25784.98,credit_card,paid
PAY002265,O002265,2026-06-20 13:12:07.159993,0.0,bank_transfer,paid
PAY002266,O002266,2026-04-20 23:45:57.159993,6677.7,bank_transfer,paid
PAY002267,O002267,2026-06-17 23:40:48.159993,0.0,bank_transfer,failed
PAY002268,O002268,2026-06-04 06:15:00.159993,7333.29,e_wallet,paid
PAY002269,O002269,2026-05-16 21:39:40.159993,41868.52,e_wallet,paid
PAY002270,O002270,2026-06-13 06:31:38.159993,3275.75,bank_transfer,paid
PAY002271,O002271,2026-05-01 09:40:31.159993,8584.43,credit_card,paid
PAY002272,O002272,2026-06-19 16:56:34.159993,3968.86,credit_card,paid
PAY002273,O002273,2026-06-19 02:19:06.159993,1181.88,credit_card,paid
PAY002274,O002274,2026-06-04 14:06:09.159993,20322.9,bank_transfer,paid
PAY002275,O002275,2026-06-17 18:24:19.159993,19000.43,credit_card,paid
PAY002276,O002276,2026-06-03 10:30:02.159993,9246.58,credit_card,paid
PAY002277,O002277,2026-06-21 14:19:04.159993,7144.16,credit_card,paid
PAY002278,O002278,2026-05-12 19:40:54.159993,3479.5,cod,paid
PAY002279,O002279,2026-06-10 23:55:21.159993,6557.09,e_wallet,paid
PAY002280,O002280,2026-04-24 09:33:34.159993,27998.01,bank_transfer,paid
PAY002281,O002281,2026-06-03 05:33:51.159993,2713.02,credit_card,paid
PAY002282,O002282,2026-05-19 09:17:29.159993,1453.4,bank_transfer,paid
PAY002283,O002283,2026-06-06 22:05:21.159993,34113.7,e_wallet,paid
PAY002284,O002284,2026-06-09 20:17:23.159993,13527.36,credit_card,paid
PAY002285,O002285,2026-05-17 05:59:22.159993,5079.48,credit_card,paid
PAY002286,O002286,2026-06-21 10:48:13.159993,0.0,e_wallet,paid
PAY002287,O002287,2026-04-03 16:56:58.159993,4029.47,credit_card,paid
PAY002288,O002288,2026-06-21 14:34:52.159993,20713.47,bank_transfer,paid
PAY002289,O002289,2026-05-28 08:54:37.159993,24822.91,bank_transfer,refunded
PAY002290,O002290,2026-04-02 13:11:35.159993,19633.26,e_wallet,paid
PAY002291,O002291,2026-06-17 06:55:54.159993,34146.1,cod,paid
PAY002292,O002292,2026-06-18 19:14:34.159993,7416.29,e_wallet,paid
PAY002293,O002293,2026-06-17 21:20:52.159993,1703.59,cod,paid
PAY002294,O002294,2026-04-30 20:59:43.159993,36493.57,cod,paid
PAY002295,O002295,2026-06-15 12:48:30.159993,37109.61,bank_transfer,paid
PAY002296,O002296,2026-06-17 21:43:52.159993,9498.05,cod,paid
PAY002297,O002297,2026-06-21 14:08:15.159993,10027.76,credit_card,paid
PAY002298,O002298,2026-06-21 06:54:21.159993,14998.44,cod,paid
PAY002299,O002299,2026-04-08 08:43:26.159993,8233.8,credit_card,paid
PAY002300,O002300,2026-05-31 07:32:59.159993,20168.48,e_wallet,paid
PAY002301,O002301,2026-05-17 14:35:09.159993,21117.78,credit_card,paid
PAY002302,O002302,2026-04-27 21:10:39.159993,957.64,credit_card,paid
PAY002303,O002303,2026-05-11 15:09:01.159993,0.0,cod,paid
PAY002304,O002304,2026-06-18 02:19:05.159993,7810.29,cod,paid
PAY002305,O002305,2026-06-14 14:54:56.159993,14010.13,bank_transfer,paid
PAY002306,O002306,2026-05-08 23:15:11.159993,12957.37,e_wallet,paid
PAY002307,O002307,2026-06-16 14:20:14.159993,8435.09,bank_transfer,paid
PAY002308,O002308,2026-06-15 13:05:24.159993,28761.05,credit_card,paid
PAY002309,O002309,2026-06-15 14:02:24.159993,300.56,credit_card,paid
PAY002310,O002310,2026-06-09 18:58:03.159993,0.0,credit_card,paid
PAY002311,O002311,2026-06-05 03:34:51.159993,24410.37,bank_transfer,refunded
PAY002312,O002312,2026-03-18 22:21:57.159993,8691.02,credit_card,paid
PAY002313,O002313,2026-03-06 22:17:29.159993,17645.15,e_wallet,paid
PAY002314,O002314,2026-03-04 02:30:51.159993,16214.42,e_wallet,failed
PAY002315,O002315,2026-04-23 09:29:59.159993,5306.14,credit_card,paid
PAY002316,O002316,2026-06-20 23:33:12.159993,3011.61,e_wallet,paid
PAY002317,O002317,2026-06-05 06:04:51.159993,0.0,credit_card,paid
PAY002318,O002318,2026-06-19 23:51:21.159993,34830.05,cod,paid
PAY002319,O002319,2026-06-13 09:44:47.159993,13743.42,credit_card,paid
PAY002320,O002320,2026-04-22 14:51:37.159993,27137.65,credit_card,paid
PAY002321,O002321,2026-05-08 08:06:32.159993,183.48,credit_card,paid
PAY002322,O002322,2026-06-21 08:48:43.159993,36856.26,e_wallet,refunded
PAY002323,O002323,2026-06-06 07:22:45.159993,11657.65,e_wallet,paid
PAY002324,O002324,2026-06-16 14:46:29.159993,10322.4,credit_card,paid
PAY002325,O002325,2026-06-18 12:08:31.159993,3056.18,e_wallet,paid
PAY002326,O002326,2026-04-05 19:49:56.159993,5585.88,credit_card,paid
PAY002327,O002327,2026-06-20 22:59:09.159993,4660.99,bank_transfer,failed
PAY002328,O002328,2026-06-09 03:56:28.159993,8137.13,credit_card,paid
PAY002329,O002329,2026-06-17 13:18:25.159993,15483.93,credit_card,paid
PAY002330,O002330,2026-06-18 19:46:01.159993,19142.25,credit_card,paid
PAY002331,O002331,2026-06-08 14:31:28.159993,17771.83,credit_card,paid
PAY002332,O002332,2026-06-19 11:13:24.159993,28342.83,e_wallet,paid
PAY002333,O002333,2026-06-20 14:17:26.159993,3396.02,credit_card,failed
PAY002334,O002334,2026-06-21 08:35:59.159993,18696.43,credit_card,paid
PAY002335,O002335,2026-06-18 19:13:48.159993,1199.1,e_wallet,paid
PAY002336,O002336,2026-06-18 08:18:07.159993,5170.84,bank_transfer,paid
PAY002337,O002337,2026-06-19 15:58:20.159993,1396.22,credit_card,failed
PAY002338,O002338,2026-06-06 19:03:19.159993,1154.23,credit_card,paid
PAY002339,O002339,2026-06-08 11:02:26.159993,8845.13,bank_transfer,paid
PAY002340,O002340,2026-06-17 15:23:57.159993,4547.3,e_wallet,paid
PAY002341,O002341,2026-06-20 20:11:05.159993,21099.22,bank_transfer,paid
PAY002342,O002342,2026-04-06 20:46:50.159993,22992.95,credit_card,paid
PAY002343,O002343,2026-06-17 21:53:39.159993,17320.95,e_wallet,paid
PAY002344,O002344,2026-06-20 11:12:58.159993,2945.01,e_wallet,paid
PAY002345,O002345,2026-03-20 21:25:54.159993,14685.79,credit_card,paid
PAY002346,O002346,2026-04-16 01:51:15.159993,6935.44,credit_card,failed
PAY002347,O002347,2026-05-07 12:04:57.159993,0.0,e_wallet,refunded
PAY002348,O002348,2026-06-17 10:50:55.159993,8322.58,e_wallet,paid
PAY002349,O002349,2026-06-11 01:58:52.159993,26851.03,cod,failed
PAY002350,O002350,2026-05-14 11:22:23.159993,20358.48,e_wallet,paid
PAY002351,O002351,2026-06-21 08:42:33.159993,2086.47,credit_card,paid
PAY002352,O002352,2026-06-20 15:27:47.159993,1796.75,credit_card,paid
PAY002353,O002353,2026-05-27 22:46:59.159993,21373.33,credit_card,paid
PAY002354,O002354,2026-06-12 00:21:40.159993,6293.14,credit_card,paid
PAY002355,O002355,2026-06-20 17:49:23.159993,21739.14,cod,paid
PAY002356,O002356,2026-05-22 22:51:26.159993,20428.83,e_wallet,paid
PAY002357,O002357,2026-06-19 17:59:09.159993,13160.07,credit_card,paid
PAY002358,O002358,2026-06-18 11:44:44.159993,44966.21,cod,paid
PAY002359,O002359,2026-06-20 22:12:32.159993,18850.52,bank_transfer,paid
PAY002360,O002360,2026-06-17 03:55:20.159993,10145.21,e_wallet,paid
PAY002361,O002361,2026-06-11 17:41:46.159993,753.91,bank_transfer,paid
PAY002362,O002362,2026-06-16 01:28:22.159993,26620.03,credit_card,paid
PAY002363,O002363,2026-06-14 22:08:42.159993,51824.59,bank_transfer,paid
PAY002364,O002364,2026-06-20 23:49:34.159993,19162.47,credit_card,paid
PAY002365,O002365,2026-06-19 07:49:09.159993,14680.85,cod,paid
PAY002366,O002366,2026-06-12 17:21:07.159993,24933.44,credit_card,paid
PAY002367,O002367,2026-05-29 22:52:28.159993,15631.53,bank_transfer,paid
PAY002368,O002368,2026-06-18 11:50:22.159993,7009.18,e_wallet,paid
PAY002369,O002369,2026-05-17 23:31:31.159993,23140.14,e_wallet,paid
PAY002370,O002370,2026-06-21 12:03:19.159993,9502.64,e_wallet,paid
PAY002371,O002371,2026-06-20 18:03:51.159993,2674.56,e_wallet,paid
PAY002372,O002372,2026-06-15 22:17:12.159993,17594.39,credit_card,paid
PAY002373,O002373,2026-06-05 13:37:56.159993,16613.19,bank_transfer,paid
PAY002374,O002374,2026-05-21 08:19:58.159993,25240.25,bank_transfer,paid
PAY002375,O002375,2026-03-24 07:54:58.159993,660.85,credit_card,paid
PAY002376,O002376,2026-06-21 11:18:35.159993,1861.71,credit_card,paid
PAY002377,O002377,2026-06-14 00:54:48.159993,42098.92,credit_card,paid
PAY002378,O002378,2026-06-20 20:26:02.159993,18961.72,e_wallet,paid
PAY002379,O002379,2026-06-09 12:55:52.159993,430.74,bank_transfer,paid
PAY002380,O002380,2026-06-21 14:38:57.159993,9220.23,credit_card,paid
PAY002381,O002381,2026-05-29 09:37:24.159993,20849.63,credit_card,paid
PAY002382,O002382,2026-06-20 20:01:20.159993,0.0,bank_transfer,failed
PAY002383,O002383,2026-04-13 20:15:55.159993,17387.56,e_wallet,paid
PAY002384,O002384,2026-05-29 12:45:09.159993,15585.37,credit_card,paid
PAY002385,O002385,2026-05-22 04:39:05.159993,7642.24,credit_card,failed
PAY002386,O002386,2026-05-13 01:08:57.159993,0.0,credit_card,paid
PAY002387,O002387,2026-06-19 06:21:28.159993,5714.84,credit_card,paid
PAY002388,O002388,2026-06-05 06:40:48.159993,26943.17,credit_card,paid
PAY002389,O002389,2026-06-09 07:23:51.159993,21824.06,credit_card,paid
PAY002390,O002390,2026-04-24 19:20:32.159993,30237.71,bank_transfer,paid
PAY002391,O002391,2026-05-09 01:27:34.159993,17497.9,cod,paid
PAY002392,O002392,2026-06-19 10:19:41.159993,3668.65,credit_card,paid
PAY002393,O002393,2026-06-15 17:34:59.159993,6547.3,e_wallet,paid
PAY002394,O002394,2026-06-20 19:47:31.159993,12269.84,credit_card,paid
PAY002395,O002395,2026-06-02 07:53:02.159993,965.2,credit_card,paid
PAY002396,O002396,2026-05-22 04:19:23.159993,18995.14,bank_transfer,failed
PAY002397,O002397,2026-06-06 07:39:57.159993,17562.72,e_wallet,paid
PAY002398,O002398,2026-05-26 15:27:31.159993,0.0,cod,paid
PAY002399,O002399,2026-04-30 21:40:30.159993,0.0,e_wallet,paid
PAY002400,O002400,2026-06-21 09:13:38.159993,27106.61,credit_card,paid
PAY002401,O002401,2026-06-18 15:10:00.159993,9923.76,credit_card,paid
PAY002402,O002402,2026-06-05 14:03:48.159993,7704.6,bank_transfer,paid
PAY002403,O002403,2026-02-04 06:21:19.159993,28691.11,bank_transfer,paid
PAY002404,O002404,2026-06-20 06:23:03.159993,474.32,bank_transfer,failed
PAY002405,O002405,2026-06-18 21:55:13.159993,3046.61,credit_card,paid
PAY002406,O002406,2026-05-29 09:21:10.159993,13156.18,credit_card,paid
PAY002407,O002407,2026-06-21 03:35:44.159993,5009.78,e_wallet,paid
PAY002408,O002408,2026-06-18 16:00:52.159993,11906.27,e_wallet,paid
PAY002409,O002409,2026-05-08 13:07:32.159993,3159.26,cod,paid
PAY002410,O002410,2026-06-06 13:41:47.159993,9311.55,bank_transfer,paid
PAY002411,O002411,2026-05-12 10:02:40.159993,20458.8,bank_transfer,paid
PAY002412,O002412,2026-05-10 04:42:53.159993,11687.09,bank_transfer,paid
PAY002413,O002413,2026-06-21 13:54:09.159993,6328.68,bank_transfer,paid
PAY002414,O002414,2026-05-15 15:51:33.159993,10689.73,e_wallet,paid
PAY002415,O002415,2026-06-18 14:26:48.159993,27866.34,credit_card,paid
PAY002416,O002416,2026-06-14 16:22:39.159993,0.0,credit_card,paid
PAY002417,O002417,2026-05-27 02:05:25.159993,12131.9,bank_transfer,paid
PAY002418,O002418,2026-06-15 14:34:59.159993,0.0,credit_card,paid
PAY002419,O002419,2026-05-25 22:00:25.159993,1414.79,bank_transfer,paid
PAY002420,O002420,2026-06-18 14:00:44.159993,7625.79,e_wallet,paid
PAY002421,O002421,2026-06-16 13:42:00.159993,18798.21,e_wallet,failed
PAY002422,O002422,2026-05-29 01:19:29.159993,20518.46,credit_card,paid
PAY002423,O002423,2026-06-21 06:06:08.159993,0.0,cod,paid
PAY002424,O002424,2026-05-12 10:24:18.159993,8442.69,e_wallet,paid
PAY002425,O002425,2026-06-12 07:59:43.159993,3085.27,bank_transfer,paid
PAY002426,O002426,2026-06-06 21:51:14.159993,23327.59,credit_card,paid
PAY002427,O002427,2026-06-19 20:00:13.159993,655.47,credit_card,paid
PAY002428,O002428,2026-06-12 17:10:26.159993,6674.26,bank_transfer,paid
PAY002429,O002429,2026-06-03 22:49:20.159993,29906.44,e_wallet,failed
PAY002430,O002430,2026-06-16 03:24:19.159993,6290.52,bank_transfer,paid
PAY002431,O002431,2026-06-21 06:54:05.159993,7906.92,bank_transfer,paid
PAY002432,O002432,2026-06-18 10:22:22.159993,310.35,cod,paid
PAY002433,O002433,2026-06-18 19:57:47.159993,30282.38,e_wallet,paid
PAY002434,O002434,2026-04-27 21:32:51.159993,6758.1,e_wallet,paid
PAY002435,O002435,2026-05-16 12:31:02.159993,14249.74,e_wallet,paid
PAY002436,O002436,2026-05-19 04:44:25.159993,28296.32,e_wallet,paid
PAY002437,O002437,2026-06-13 20:09:41.159993,12389.26,e_wallet,paid
PAY002438,O002438,2026-05-31 06:42:18.159993,0.0,bank_transfer,paid
PAY002439,O002439,2026-06-17 17:09:26.159993,28733.29,bank_transfer,paid
PAY002440,O002440,2026-05-30 08:30:49.159993,3736.46,credit_card,paid
PAY002441,O002441,2026-06-18 02:49:01.159993,6377.68,credit_card,paid
PAY002442,O002442,2026-06-08 06:09:32.159993,9929.15,e_wallet,failed
PAY002443,O002443,2026-04-16 05:34:56.159993,2840.53,e_wallet,failed
PAY002444,O002444,2026-06-18 01:52:20.159993,10632.17,e_wallet,failed
PAY002445,O002445,2026-02-21 18:51:41.159993,8634.68,e_wallet,paid
PAY002446,O002446,2026-06-01 14:13:36.159993,24775.53,cod,failed
PAY002447,O002447,2026-06-05 22:19:30.159993,30404.8,cod,paid
PAY002448,O002448,2026-06-14 17:08:24.159993,0.0,e_wallet,paid
PAY002449,O002449,2026-05-03 23:48:10.159993,5698.05,credit_card,paid
PAY002450,O002450,2026-06-06 15:02:38.159993,7517.04,e_wallet,paid
PAY002451,O002451,2026-05-29 02:06:12.159993,274.98,credit_card,paid
PAY002452,O002452,2026-06-15 22:09:15.159993,15786.98,credit_card,paid
PAY002453,O002453,2026-06-19 23:59:17.159993,23103.89,bank_transfer,paid
PAY002454,O002454,2026-06-12 14:15:44.159993,14054.65,credit_card,paid
PAY002455,O002455,2026-06-15 08:50:28.159993,27202.94,credit_card,paid
PAY002456,O002456,2026-04-24 06:49:44.159993,17432.97,cod,paid
PAY002457,O002457,2026-06-20 04:22:04.159993,22830.56,e_wallet,paid
PAY002458,O002458,2026-05-01 15:55:47.159993,14394.53,e_wallet,paid
PAY002459,O002459,2026-06-17 05:39:16.159993,12491.36,e_wallet,paid
PAY002460,O002460,2026-06-18 22:48:00.159993,30814.65,credit_card,failed
PAY002461,O002461,2026-06-20 10:37:06.159993,14086.14,bank_transfer,paid
PAY002462,O002462,2026-06-19 10:37:41.159993,12442.09,bank_transfer,paid
PAY002463,O002463,2026-06-20 15:13:59.159993,7963.77,e_wallet,paid
PAY002464,O002464,2026-06-20 03:44:02.159993,5678.55,bank_transfer,paid
PAY002465,O002465,2026-06-20 16:01:53.159993,18282.68,credit_card,paid
PAY002466,O002466,2026-05-22 09:44:05.159993,15656.49,e_wallet,paid
PAY002467,O002467,2026-05-27 00:14:50.159993,5060.32,e_wallet,paid
PAY002468,O002468,2026-06-06 20:08:59.159993,10907.24,bank_transfer,paid
PAY002469,O002469,2026-05-19 03:50:24.159993,19749.7,credit_card,paid
PAY002470,O002470,2026-06-16 13:54:11.159993,1117.46,credit_card,paid
PAY002471,O002471,2026-06-06 10:23:20.159993,3328.22,credit_card,paid
PAY002472,O002472,2026-06-21 06:47:50.159993,3983.49,credit_card,paid
PAY002473,O002473,2026-04-25 03:12:03.159993,10494.29,credit_card,paid
PAY002474,O002474,2026-06-19 05:50:04.159993,22975.28,credit_card,paid
PAY002475,O002475,2026-05-26 15:30:40.159993,25128.89,credit_card,failed
PAY002476,O002476,2026-03-07 21:54:53.159993,5583.02,cod,paid
PAY002477,O002477,2026-04-03 01:54:39.159993,2206.59,bank_transfer,paid
PAY002478,O002478,2026-05-13 03:25:57.159993,6464.1,bank_transfer,paid
PAY002479,O002479,2026-06-19 09:09:10.159993,6187.42,credit_card,paid
PAY002480,O002480,2026-06-20 07:25:43.159993,8077.2,credit_card,failed
PAY002481,O002481,2026-06-12 14:33:26.159993,5964.02,cod,paid
PAY002482,O002482,2026-02-10 19:59:42.159993,25106.63,credit_card,paid
PAY002483,O002483,2026-06-08 09:50:24.159993,6613.44,credit_card,paid
PAY002484,O002484,2026-06-21 13:47:44.159993,20413.54,e_wallet,paid
PAY002485,O002485,2026-05-18 12:19:00.159993,17126.91,credit_card,paid
PAY002486,O002486,2026-04-16 07:21:18.159993,4111.12,e_wallet,paid
PAY002487,O002487,2026-06-13 05:25:22.159993,7245.84,e_wallet,failed
PAY002488,O002488,2026-06-20 15:09:01.159993,4900.79,credit_card,paid
PAY002489,O002489,2026-06-16 18:00:19.159993,0.0,credit_card,paid
PAY002490,O002490,2026-06-06 15:31:23.159993,2964.79,cod,paid
PAY002491,O002491,2026-06-13 16:14:48.159993,1399.52,credit_card,paid
PAY002492,O002492,2026-06-18 20:08:17.159993,1662.27,credit_card,paid
PAY002493,O002493,2026-05-08 18:32:53.159993,16441.36,credit_card,paid
PAY002494,O002494,2026-06-18 05:08:06.159993,11072.47,e_wallet,refunded
PAY002495,O002495,2026-06-21 00:31:49.159993,4554.73,bank_transfer,paid
PAY002496,O002496,2026-06-19 13:44:32.159993,10740.4,e_wallet,paid
PAY002497,O002497,2026-05-09 11:36:40.159993,6687.3,cod,paid
PAY002498,O002498,2026-04-29 17:40:36.159993,16555.17,e_wallet,paid
PAY002499,O002499,2026-06-15 10:55:52.159993,14651.76,e_wallet,paid
PAY002500,O002500,2026-06-08 19:42:38.159993,3161.96,e_wallet,paid
PAY002501,O002501,2026-06-04 17:34:52.159993,3168.83,credit_card,paid
PAY002502,O002502,2026-06-13 19:24:14.159993,17089.44,credit_card,paid
PAY002503,O002503,2026-06-06 00:58:11.159993,2368.23,credit_card,failed
PAY002504,O002504,2026-06-20 12:02:02.159993,13183.82,bank_transfer,paid
PAY002505,O002505,2026-06-21 03:37:45.159993,10969.51,e_wallet,paid
PAY002506,O002506,2026-06-21 06:17:49.159993,3789.68,credit_card,paid
PAY002507,O002507,2026-05-19 09:13:54.159993,12070.65,credit_card,paid
PAY002508,O002508,2026-04-09 23:49:42.159993,5607.01,bank_transfer,paid
PAY002509,O002509,2026-05-31 02:12:50.159993,25420.71,credit_card,paid
PAY002510,O002510,2026-05-05 07:15:23.159993,13888.48,credit_card,paid
PAY002511,O002511,2026-06-20 18:15:47.159993,3378.35,credit_card,paid
PAY002512,O002512,2026-05-18 18:35:45.159993,6717.04,credit_card,paid
PAY002513,O002513,2026-06-13 14:18:12.159993,19580.73,bank_transfer,paid
PAY002514,O002514,2026-05-14 03:56:20.159993,12502.9,e_wallet,paid
PAY002515,O002515,2026-06-21 08:02:34.159993,3846.78,cod,paid
PAY002516,O002516,2026-06-03 16:40:12.159993,22005.54,credit_card,paid
PAY002517,O002517,2026-06-04 15:07:13.159993,4396.17,bank_transfer,failed
PAY002518,O002518,2026-06-18 16:52:07.159993,4362.18,bank_transfer,paid
PAY002519,O002519,2026-05-12 11:59:24.159993,6427.93,credit_card,paid
PAY002520,O002520,2026-06-17 20:36:43.159993,12553.62,credit_card,paid
PAY002521,O002521,2026-06-13 03:28:17.159993,16037.22,credit_card,failed
PAY002522,O002522,2026-06-10 00:32:01.159993,12907.75,e_wallet,paid
PAY002523,O002523,2026-06-04 11:40:20.159993,1616.9,e_wallet,paid
PAY002524,O002524,2026-06-10 18:36:25.159993,0.0,credit_card,paid
PAY002525,O002525,2026-03-16 22:52:15.159993,4108.34,credit_card,paid
PAY002526,O002526,2026-06-20 20:57:12.159993,1333.27,e_wallet,paid
PAY002527,O002527,2026-06-14 18:19:13.159993,19412.94,credit_card,paid
PAY002528,O002528,2026-05-19 01:19:26.159993,14993.32,credit_card,paid
PAY002529,O002529,2026-03-22 17:27:51.159993,9686.76,cod,paid
PAY002530,O002530,2026-06-20 18:17:13.159993,1791.81,credit_card,paid
PAY002531,O002531,2026-06-05 20:58:40.159993,11080.66,credit_card,paid
PAY002532,O002532,2026-06-21 09:38:33.159993,1495.49,credit_card,paid
PAY002533,O002533,2026-06-21 12:01:16.159993,8167.23,bank_transfer,paid
PAY002534,O002534,2026-04-23 15:02:45.159993,5850.45,e_wallet,failed
PAY002535,O002535,2026-06-16 23:03:20.159993,7212.77,credit_card,paid
PAY002536,O002536,2026-06-14 22:44:16.159993,14621.19,credit_card,paid
PAY002537,O002537,2026-05-08 19:50:41.159993,14409.94,bank_transfer,refunded
PAY002538,O002538,2026-06-18 06:35:22.159993,3457.19,credit_card,paid
PAY002539,O002539,2026-06-19 18:05:05.159993,7604.55,e_wallet,paid
PAY002540,O002540,2026-06-18 07:14:22.159993,7212.73,bank_transfer,paid
PAY002541,O002541,2026-05-24 16:55:50.159993,14829.95,credit_card,paid
PAY002542,O002542,2026-06-15 21:19:44.159993,5345.25,cod,paid
PAY002543,O002543,2026-05-14 14:05:09.159993,7490.02,credit_card,failed
PAY002544,O002544,2026-04-29 05:32:07.159993,1164.12,credit_card,failed
PAY002545,O002545,2026-04-29 03:02:09.159993,34325.45,e_wallet,paid
PAY002546,O002546,2026-06-21 09:06:37.159993,20630.75,credit_card,paid
PAY002547,O002547,2026-03-31 02:38:20.159993,13691.38,credit_card,paid
PAY002548,O002548,2026-03-21 22:41:08.159993,9375.19,credit_card,paid
PAY002549,O002549,2026-05-10 08:21:11.159993,0.0,e_wallet,paid
PAY002550,O002550,2026-05-09 23:37:06.159993,4989.02,bank_transfer,paid
PAY002551,O002551,2026-06-21 04:55:53.159993,19057.53,cod,paid
PAY002552,O002552,2026-05-17 19:54:23.159993,11856.77,credit_card,paid
PAY002553,O002553,2026-03-03 08:11:23.159993,10504.64,bank_transfer,paid
PAY002554,O002554,2026-05-19 19:24:28.159993,16130.91,e_wallet,paid
PAY002555,O002555,2026-06-19 17:19:33.159993,0.0,bank_transfer,paid
PAY002556,O002556,2026-06-08 02:40:56.159993,3228.47,e_wallet,paid
PAY002557,O002557,2026-06-04 00:52:15.159993,0.0,credit_card,failed
PAY002558,O002558,2026-05-07 19:15:47.159993,9776.72,e_wallet,paid
PAY002559,O002559,2026-05-16 02:43:38.159993,11877.91,credit_card,refunded
PAY002560,O002560,2026-06-02 06:38:04.159993,24974.14,credit_card,paid
PAY002561,O002561,2026-05-23 16:04:58.159993,18600.02,credit_card,paid
PAY002562,O002562,2026-06-18 08:15:21.159993,25740.76,credit_card,paid
PAY002563,O002563,2026-06-20 10:49:01.159993,15386.31,bank_transfer,paid
PAY002564,O002564,2026-04-30 20:14:31.159993,7869.29,credit_card,paid
PAY002565,O002565,2026-06-15 02:37:59.159993,13498.09,bank_transfer,paid
PAY002566,O002566,2026-03-12 02:57:06.159993,14308.18,credit_card,paid
PAY002567,O002567,2026-06-18 08:52:53.159993,18239.81,e_wallet,paid
PAY002568,O002568,2026-06-19 08:11:01.159993,22959.95,e_wallet,paid
PAY002569,O002569,2026-06-07 00:25:46.159993,0.0,cod,paid
PAY002570,O002570,2026-06-11 19:21:39.159993,25358.4,bank_transfer,paid
PAY002571,O002571,2026-06-20 06:56:34.159993,12296.82,cod,paid
PAY002572,O002572,2026-05-16 11:40:01.159993,17461.19,credit_card,paid
PAY002573,O002573,2026-05-28 10:38:56.159993,28209.44,e_wallet,paid
PAY002574,O002574,2026-05-31 08:12:06.159993,19433.75,bank_transfer,paid
PAY002575,O002575,2026-05-21 21:41:06.159993,1463.42,credit_card,paid
PAY002576,O002576,2026-06-19 20:05:14.159993,9685.52,bank_transfer,paid
PAY002577,O002577,2026-04-07 15:37:48.159993,21410.84,credit_card,paid
PAY002578,O002578,2026-05-11 05:16:57.159993,342.07,bank_transfer,paid
PAY002579,O002579,2026-06-12 12:03:16.159993,17351.05,bank_transfer,paid
PAY002580,O002580,2026-06-04 01:28:25.159993,16074.92,credit_card,paid
PAY002581,O002581,2026-02-26 21:43:38.159993,5061.09,credit_card,failed
PAY002582,O002582,2026-05-28 11:26:00.159993,0.0,cod,paid
PAY002583,O002583,2026-04-29 03:34:52.159993,196.89,e_wallet,paid
PAY002584,O002584,2026-05-06 01:07:55.159993,13522.55,cod,paid
PAY002585,O002585,2026-06-21 09:48:08.159993,8491.83,credit_card,paid
PAY002586,O002586,2026-05-31 19:26:59.159993,0.0,bank_transfer,paid
PAY002587,O002587,2026-06-11 06:19:16.159993,9527.78,bank_transfer,paid
PAY002588,O002588,2026-06-07 23:44:23.159993,17188.43,cod,paid
PAY002589,O002589,2026-06-20 23:17:01.159993,39240.78,e_wallet,paid
PAY002590,O002590,2026-06-19 05:32:08.159993,12898.85,e_wallet,paid
PAY002591,O002591,2026-06-20 13:44:12.159993,2475.23,e_wallet,paid
PAY002592,O002592,2026-06-16 20:54:08.159993,10559.11,cod,paid
PAY002593,O002593,2026-06-16 16:14:16.159993,0.0,credit_card,paid
PAY002594,O002594,2026-06-10 19:43:41.159993,4353.15,credit_card,paid
PAY002595,O002595,2026-05-10 11:56:09.159993,30311.86,credit_card,paid
PAY002596,O002596,2026-04-22 13:04:34.159993,6719.44,credit_card,paid
PAY002597,O002597,2026-06-05 02:31:19.159993,9066.75,credit_card,paid
PAY002598,O002598,2026-05-29 23:33:46.159993,7585.39,credit_card,paid
PAY002599,O002599,2026-06-15 08:59:16.159993,21377.89,credit_card,paid
PAY002600,O002600,2026-06-17 18:26:58.159993,8086.98,cod,paid
PAY002601,O002601,2026-06-11 19:08:16.159993,3204.42,e_wallet,paid
PAY002602,O002602,2026-06-08 09:06:53.159993,16360.18,credit_card,paid
PAY002603,O002603,2026-06-15 15:30:03.159993,0.0,bank_transfer,paid
PAY002604,O002604,2026-06-07 22:25:09.159993,7469.22,e_wallet,failed
PAY002605,O002605,2026-06-03 21:43:11.159993,16075.61,credit_card,paid
PAY002606,O002606,2026-06-19 07:19:22.159993,15874.16,e_wallet,paid
PAY002607,O002607,2026-06-14 12:55:44.159993,10777.69,cod,paid
PAY002608,O002608,2026-06-20 17:37:47.159993,20649.3,credit_card,paid
PAY002609,O002609,2026-06-13 00:08:05.159993,2213.62,credit_card,paid
PAY002610,O002610,2026-06-09 10:38:31.159993,15845.56,cod,paid
PAY002611,O002611,2026-03-25 06:27:00.159993,8636.74,credit_card,paid
PAY002612,O002612,2026-06-14 18:28:01.159993,5581.37,bank_transfer,paid
PAY002613,O002613,2026-05-01 11:45:08.159993,19124.33,bank_transfer,paid
PAY002614,O002614,2026-06-08 02:54:36.159993,0.0,e_wallet,paid
PAY002615,O002615,2026-06-10 21:12:30.159993,12064.69,e_wallet,paid
PAY002616,O002616,2026-06-09 21:50:07.159993,2790.99,e_wallet,paid
PAY002617,O002617,2026-06-02 18:40:59.159993,0.0,bank_transfer,paid
PAY002618,O002618,2026-06-03 10:50:16.159993,6910.28,bank_transfer,paid
PAY002619,O002619,2026-06-12 23:54:01.159993,4519.83,bank_transfer,paid
PAY002620,O002620,2026-06-21 13:16:45.159993,4868.83,bank_transfer,paid
PAY002621,O002621,2026-06-14 02:45:54.159993,4676.05,credit_card,paid
PAY002622,O002622,2026-06-21 05:46:53.159993,26187.35,bank_transfer,paid
PAY002623,O002623,2026-06-08 20:32:29.159993,985.94,credit_card,paid
PAY002624,O002624,2026-06-12 11:57:23.159993,7142.38,bank_transfer,refunded
PAY002625,O002625,2026-06-06 08:29:25.159993,24177.65,credit_card,paid
PAY002626,O002626,2026-06-17 06:17:17.159993,12633.03,e_wallet,paid
PAY002627,O002627,2026-06-10 18:11:29.159993,5835.44,cod,paid
PAY002628,O002628,2026-03-05 14:38:30.159993,6186.01,credit_card,paid
PAY002629,O002629,2026-06-05 13:48:44.159993,10848.37,credit_card,paid
PAY002630,O002630,2026-06-21 03:01:39.159993,13176.69,bank_transfer,paid
PAY002631,O002631,2026-05-24 21:53:27.159993,16164.66,credit_card,failed
PAY002632,O002632,2026-05-10 23:42:02.159993,19926.37,credit_card,paid
PAY002633,O002633,2026-05-26 04:52:57.159993,26147.61,credit_card,paid
PAY002634,O002634,2026-05-05 20:26:00.159993,7440.94,credit_card,paid
PAY002635,O002635,2026-05-25 01:32:14.159993,21787.69,bank_transfer,paid
PAY002636,O002636,2026-06-18 10:22:29.159993,7370.21,credit_card,paid
PAY002637,O002637,2026-06-08 02:23:18.159993,5217.94,bank_transfer,paid
PAY002638,O002638,2026-06-17 23:11:19.159993,9406.76,e_wallet,paid
PAY002639,O002639,2026-05-06 01:36:33.159993,13118.18,e_wallet,paid
PAY002640,O002640,2026-06-15 12:53:40.159993,11964.81,bank_transfer,paid
PAY002641,O002641,2026-06-20 02:33:33.159993,22571.69,credit_card,failed
PAY002642,O002642,2026-06-17 05:01:19.159993,3834.99,bank_transfer,paid
PAY002643,O002643,2026-06-15 08:40:37.159993,15141.25,credit_card,paid
PAY002644,O002644,2026-06-21 09:25:59.159993,13164.2,cod,paid
PAY002645,O002645,2026-06-18 12:49:40.159993,8641.05,credit_card,paid
PAY002646,O002646,2026-06-13 21:04:57.159993,15390.98,cod,paid
PAY002647,O002647,2026-06-18 16:38:39.159993,51679.03,bank_transfer,paid
PAY002648,O002648,2026-06-21 11:42:15.159993,0.0,credit_card,refunded
PAY002649,O002649,2026-06-10 19:08:55.159993,44374.91,e_wallet,paid
PAY002650,O002650,2026-06-19 01:52:09.159993,4718.01,cod,paid
PAY002651,O002651,2026-06-20 12:49:27.159993,2618.3,cod,paid
PAY002652,O002652,2026-06-19 13:26:54.159993,18407.84,credit_card,paid
PAY002653,O002653,2026-06-10 12:41:13.159993,1168.88,credit_card,paid
PAY002654,O002654,2026-06-21 12:32:18.159993,10428.91,bank_transfer,paid
PAY002655,O002655,2026-04-27 06:49:01.159993,0.0,e_wallet,paid
PAY002656,O002656,2026-06-21 06:21:54.159993,34128.44,credit_card,paid
PAY002657,O002657,2026-06-19 05:41:18.159993,7002.98,bank_transfer,paid
PAY002658,O002658,2026-06-20 11:43:51.159993,8602.13,credit_card,paid
PAY002659,O002659,2026-06-14 21:16:12.159993,22440.69,bank_transfer,paid
PAY002660,O002660,2026-06-03 16:21:37.159993,13637.85,credit_card,failed
PAY002661,O002661,2026-06-05 01:40:27.159993,14161.43,credit_card,paid
PAY002662,O002662,2026-04-29 20:13:33.159993,14444.7,e_wallet,paid
PAY002663,O002663,2026-06-21 09:01:38.159993,3701.85,credit_card,paid
PAY002664,O002664,2026-06-17 23:07:54.159993,9985.33,credit_card,failed
PAY002665,O002665,2026-05-04 19:43:36.159993,18437.07,bank_transfer,paid
PAY002666,O002666,2026-01-29 04:26:12.159993,632.35,bank_transfer,paid
PAY002667,O002667,2026-04-13 23:49:06.159993,39041.48,e_wallet,paid
PAY002668,O002668,2026-04-26 05:46:32.159993,30724.26,e_wallet,refunded
PAY002669,O002669,2026-06-18 21:47:55.159993,25497.89,credit_card,paid
PAY002670,O002670,2026-06-05 07:25:32.159993,13257.58,e_wallet,paid
PAY002671,O002671,2026-04-26 05:37:14.159993,19365.06,credit_card,refunded
PAY002672,O002672,2026-05-20 23:17:56.159993,17368.55,e_wallet,failed
PAY002673,O002673,2026-06-21 08:41:29.159993,5201.47,cod,paid
PAY002674,O002674,2026-06-14 06:40:53.159993,5955.41,e_wallet,paid
PAY002675,O002675,2026-06-18 09:56:06.159993,24604.25,credit_card,paid
PAY002676,O002676,2026-06-21 08:53:23.159993,0.0,bank_transfer,paid
PAY002677,O002677,2026-05-25 08:50:42.159993,3233.56,credit_card,paid
PAY002678,O002678,2026-06-09 05:32:58.159993,0.0,e_wallet,failed
PAY002679,O002679,2026-05-18 23:09:49.159993,17473.68,credit_card,paid
PAY002680,O002680,2026-05-04 13:53:01.159993,0.0,credit_card,paid
PAY002681,O002681,2026-04-26 03:59:36.159993,8941.74,e_wallet,failed
PAY002682,O002682,2026-06-21 02:30:19.159993,14402.12,credit_card,paid
PAY002683,O002683,2026-03-06 05:43:14.159993,21703.59,e_wallet,paid
PAY002684,O002684,2026-02-19 06:52:58.159993,7600.58,bank_transfer,paid
PAY002685,O002685,2026-06-12 11:17:17.159993,515.88,e_wallet,refunded
PAY002686,O002686,2026-04-22 02:53:31.159993,8124.31,credit_card,paid
PAY002687,O002687,2026-06-15 04:52:00.159993,0.0,credit_card,paid
PAY002688,O002688,2026-06-11 03:06:25.159993,22093.99,e_wallet,paid
PAY002689,O002689,2026-06-21 12:36:12.159993,23945.38,credit_card,failed
PAY002690,O002690,2026-02-09 14:24:43.159993,18110.82,credit_card,paid
PAY002691,O002691,2026-06-04 21:30:44.159993,0.0,credit_card,paid
PAY002692,O002692,2026-06-19 10:15:43.159993,19895.04,bank_transfer,paid
PAY002693,O002693,2026-06-09 19:35:56.159993,9761.77,credit_card,paid
PAY002694,O002694,2026-04-16 13:49:35.159993,11490.78,e_wallet,paid
PAY002695,O002695,2026-06-21 09:49:10.159993,1353.85,e_wallet,paid
PAY002696,O002696,2026-06-03 18:43:28.159993,6687.52,credit_card,paid
PAY002697,O002697,2026-06-10 02:46:06.159993,27176.26,e_wallet,paid
PAY002698,O002698,2026-06-11 13:17:33.159993,18408.44,bank_transfer,failed
PAY002699,O002699,2026-06-19 12:21:14.159993,4941.14,credit_card,paid
PAY002700,O002700,2026-06-19 10:24:10.159993,3863.38,credit_card,paid
PAY002701,O002701,2026-05-28 18:30:25.159993,580.05,credit_card,failed
PAY002702,O002702,2026-05-13 17:56:05.159993,21294.94,bank_transfer,paid
PAY002703,O002703,2026-06-09 18:09:06.159993,0.0,cod,paid
PAY002704,O002704,2026-05-12 06:33:10.159993,10346.26,credit_card,paid
PAY002705,O002705,2026-05-27 05:56:14.159993,19069.47,e_wallet,paid
PAY002706,O002706,2026-05-02 09:39:15.159993,19490.49,credit_card,paid
PAY002707,O002707,2026-06-20 21:08:48.159993,33407.52,bank_transfer,paid
PAY002708,O002708,2026-06-19 14:48:06.159993,40227.93,e_wallet,paid
PAY002709,O002709,2026-06-20 21:42:27.159993,9243.33,credit_card,paid
PAY002710,O002710,2026-06-04 12:43:38.159993,1522.49,bank_transfer,paid
PAY002711,O002711,2026-04-29 20:45:08.159993,1535.51,credit_card,paid
PAY002712,O002712,2026-06-13 17:52:29.159993,10335.83,credit_card,paid
PAY002713,O002713,2026-06-21 06:05:47.159993,6458.8,credit_card,paid
PAY002714,O002714,2026-06-20 08:24:38.159993,23473.63,bank_transfer,paid
PAY002715,O002715,2026-04-29 02:28:10.159993,21707.16,bank_transfer,paid
PAY002716,O002716,2026-06-05 12:03:47.159993,0.0,bank_transfer,paid
PAY002717,O002717,2026-05-13 12:11:28.159993,12031.15,bank_transfer,paid
PAY002718,O002718,2026-05-04 07:54:07.159993,23378.3,credit_card,paid
PAY002719,O002719,2026-06-19 09:28:35.159993,13980.9,bank_transfer,paid
PAY002720,O002720,2026-06-16 03:16:11.159993,0.0,cod,paid
PAY002721,O002721,2026-06-16 05:24:00.159993,0.0,credit_card,failed
PAY002722,O002722,2026-06-19 10:59:00.159993,0.0,credit_card,paid
PAY002723,O002723,2026-05-27 13:21:28.159993,18611.64,credit_card,paid
PAY002724,O002724,2026-05-11 01:52:12.159993,25596.87,e_wallet,paid
PAY002725,O002725,2026-06-11 03:15:24.159993,6466.54,bank_transfer,failed
PAY002726,O002726,2026-06-15 08:26:00.159993,25202.69,bank_transfer,paid
PAY002727,O002727,2026-05-30 03:50:57.159993,10077.82,e_wallet,paid
PAY002728,O002728,2026-06-14 06:33:52.159993,4691.95,bank_transfer,failed
PAY002729,O002729,2026-05-23 09:55:01.159993,12816.49,bank_transfer,failed
PAY002730,O002730,2026-06-20 03:20:17.159993,10915.98,credit_card,paid
PAY002731,O002731,2026-06-06 06:53:23.159993,5070.17,bank_transfer,paid
PAY002732,O002732,2026-05-28 12:44:29.159993,15782.02,credit_card,paid
PAY002733,O002733,2026-06-06 01:19:41.159993,2186.0,e_wallet,refunded
PAY002734,O002734,2026-06-04 12:46:55.159993,0.0,credit_card,paid
PAY002735,O002735,2026-06-01 16:14:49.159993,768.08,credit_card,paid
PAY002736,O002736,2026-04-18 10:18:59.159993,8904.79,e_wallet,paid
PAY002737,O002737,2026-04-12 22:30:31.159993,20378.25,credit_card,paid
PAY002738,O002738,2026-04-06 06:36:19.159993,4384.42,cod,paid
PAY002739,O002739,2026-06-21 02:35:11.159993,5841.68,e_wallet,paid
PAY002740,O002740,2026-06-16 02:54:00.159993,7725.45,credit_card,paid
PAY002741,O002741,2026-05-29 21:40:00.159993,11134.02,e_wallet,paid
PAY002742,O002742,2026-04-30 17:47:18.159993,37248.78,cod,failed
PAY002743,O002743,2026-06-13 05:22:47.159993,1672.61,e_wallet,paid
PAY002744,O002744,2026-06-14 19:38:47.159993,5322.18,credit_card,failed
PAY002745,O002745,2026-06-13 15:55:53.159993,34393.08,cod,paid
PAY002746,O002746,2026-05-10 18:12:11.159993,0.0,credit_card,failed
PAY002747,O002747,2026-05-19 18:40:10.159993,21510.85,credit_card,paid
PAY002748,O002748,2026-05-23 11:46:54.159993,14198.19,bank_transfer,paid
PAY002749,O002749,2026-06-19 23:30:27.159993,18791.1,bank_transfer,paid
PAY002750,O002750,2026-06-19 22:04:31.159993,17058.03,cod,paid
PAY002751,O002751,2026-06-15 15:41:25.159993,0.0,e_wallet,paid
PAY002752,O002752,2026-06-08 01:12:23.159993,11506.89,credit_card,paid
PAY002753,O002753,2026-05-14 23:18:05.159993,5316.17,e_wallet,paid
PAY002754,O002754,2026-05-28 01:27:48.159993,10088.27,e_wallet,paid
PAY002755,O002755,2026-06-08 07:10:03.159993,2524.6,e_wallet,paid
PAY002756,O002756,2026-06-18 22:04:31.159993,9362.99,credit_card,failed
PAY002757,O002757,2026-06-10 23:25:59.159993,8811.14,credit_card,paid
PAY002758,O002758,2026-06-18 21:22:10.159993,14253.91,credit_card,failed
PAY002759,O002759,2026-06-17 14:33:35.159993,9479.86,credit_card,failed
PAY002760,O002760,2026-06-19 08:37:37.159993,51427.8,bank_transfer,refunded
PAY002761,O002761,2026-04-06 02:06:46.159993,11265.66,e_wallet,paid
PAY002762,O002762,2026-06-10 21:42:01.159993,19094.46,bank_transfer,paid
PAY002763,O002763,2026-06-19 20:31:53.159993,31349.67,bank_transfer,paid
PAY002764,O002764,2026-06-11 01:25:20.159993,7599.18,cod,refunded
PAY002765,O002765,2026-06-13 10:52:38.159993,15795.78,cod,paid
PAY002766,O002766,2026-04-15 03:43:27.159993,5350.71,credit_card,paid
PAY002767,O002767,2026-05-24 13:28:52.159993,22349.51,bank_transfer,paid
PAY002768,O002768,2026-06-02 00:24:30.159993,2810.07,cod,paid
PAY002769,O002769,2026-06-01 07:44:49.159993,10237.25,credit_card,paid
PAY002770,O002770,2026-06-18 18:04:01.159993,5354.98,cod,failed
PAY002771,O002771,2026-05-30 00:14:57.159993,44216.12,credit_card,paid
PAY002772,O002772,2026-06-15 01:08:47.159993,12004.16,credit_card,paid
PAY002773,O002773,2026-05-30 18:13:16.159993,12176.08,bank_transfer,paid
PAY002774,O002774,2026-06-15 18:50:18.159993,25876.92,credit_card,paid
PAY002775,O002775,2026-06-21 14:23:53.159993,11414.65,e_wallet,paid
PAY002776,O002776,2026-06-13 03:35:49.159993,10891.42,bank_transfer,paid
PAY002777,O002777,2026-06-14 01:53:12.159993,32153.14,credit_card,paid
PAY002778,O002778,2026-06-20 05:37:55.159993,2429.64,credit_card,paid
PAY002779,O002779,2026-04-27 14:38:24.159993,20790.88,bank_transfer,paid
PAY002780,O002780,2026-04-09 15:49:16.159993,2086.98,cod,paid
PAY002781,O002781,2026-06-11 05:33:07.159993,31370.13,cod,paid
PAY002782,O002782,2026-05-24 02:35:39.159993,15505.73,credit_card,paid
PAY002783,O002783,2026-03-06 02:54:20.159993,1098.01,bank_transfer,paid
PAY002784,O002784,2026-02-16 23:04:18.159993,13444.47,bank_transfer,paid
PAY002785,O002785,2026-06-19 14:20:03.159993,12438.64,credit_card,paid
PAY002786,O002786,2026-06-11 11:00:11.159993,30271.83,bank_transfer,paid
PAY002787,O002787,2026-05-17 09:36:42.159993,8420.1,e_wallet,paid
PAY002788,O002788,2026-06-20 11:28:39.159993,5213.6,credit_card,paid
PAY002789,O002789,2026-05-30 06:16:42.159993,36860.57,bank_transfer,paid
PAY002790,O002790,2026-05-18 06:57:21.159993,13224.1,credit_card,paid
PAY002791,O002791,2026-06-20 21:08:11.159993,650.66,credit_card,paid
PAY002792,O002792,2026-06-16 17:29:41.159993,10856.24,credit_card,paid
PAY002793,O002793,2026-06-21 01:08:38.159993,10339.23,bank_transfer,paid
PAY002794,O002794,2026-06-11 19:57:26.159993,5206.74,e_wallet,paid
PAY002795,O002795,2026-06-12 19:58:26.159993,20650.99,bank_transfer,paid
PAY002796,O002796,2026-06-17 13:47:56.159993,25470.04,e_wallet,paid
PAY002797,O002797,2026-05-19 12:24:50.159993,5161.15,cod,paid
PAY002798,O002798,2026-06-14 19:03:45.159993,2598.01,e_wallet,paid
PAY002799,O002799,2026-06-20 10:19:36.159993,30152.08,credit_card,paid
PAY002800,O002800,2026-06-21 10:41:46.159993,1508.1,e_wallet,failed
PAY002801,O002801,2026-06-16 19:11:54.159993,29376.67,bank_transfer,paid
PAY002802,O002802,2026-05-03 06:20:50.159993,18238.05,e_wallet,paid
PAY002803,O002803,2026-05-18 20:30:21.159993,9527.59,bank_transfer,paid
PAY002804,O002804,2026-06-21 10:24:08.159993,29111.46,bank_transfer,paid
PAY002805,O002805,2026-06-21 00:18:25.159993,11278.13,e_wallet,paid
PAY002806,O002806,2026-06-19 20:55:38.159993,21615.64,credit_card,paid
PAY002807,O002807,2026-06-11 22:51:27.159993,14467.61,cod,paid
PAY002808,O002808,2026-06-08 22:59:31.159993,14642.27,bank_transfer,paid
PAY002809,O002809,2026-05-28 05:04:35.159993,15080.77,credit_card,failed
PAY002810,O002810,2026-06-01 20:57:59.159993,10310.29,bank_transfer,paid
PAY002811,O002811,2026-04-24 10:22:35.159993,7280.57,bank_transfer,paid
PAY002812,O002812,2026-05-23 15:05:23.159993,20304.39,credit_card,refunded
PAY002813,O002813,2026-05-14 11:52:48.159993,11394.2,credit_card,paid
PAY002814,O002814,2026-04-30 23:07:23.159993,19039.32,bank_transfer,paid
PAY002815,O002815,2026-05-25 22:11:01.159993,18394.11,credit_card,paid
PAY002816,O002816,2026-05-12 20:20:49.159993,20106.79,credit_card,paid
PAY002817,O002817,2026-06-21 12:34:57.159993,12832.19,bank_transfer,paid
PAY002818,O002818,2026-02-06 15:30:31.159993,19358.13,bank_transfer,paid
PAY002819,O002819,2026-05-27 16:16:53.159993,9031.71,bank_transfer,paid
PAY002820,O002820,2026-05-06 21:52:24.159993,4438.01,bank_transfer,paid
PAY002821,O002821,2026-05-30 19:00:26.159993,11256.08,credit_card,paid
PAY002822,O002822,2026-06-20 14:12:13.159993,0.0,credit_card,paid
PAY002823,O002823,2026-05-12 01:36:34.159993,7603.44,credit_card,paid
PAY002824,O002824,2026-06-15 23:59:36.159993,1116.45,e_wallet,failed
PAY002825,O002825,2026-04-08 10:23:33.159993,2132.88,credit_card,paid
PAY002826,O002826,2026-06-19 07:35:50.159993,6324.32,credit_card,paid
PAY002827,O002827,2026-06-07 03:29:20.159993,0.0,credit_card,paid
PAY002828,O002828,2026-06-12 08:52:00.159993,17471.68,credit_card,paid
PAY002829,O002829,2026-05-26 01:23:58.159993,6721.37,cod,paid
PAY002830,O002830,2026-06-15 15:50:57.159993,16483.78,credit_card,paid
PAY002831,O002831,2026-06-20 03:41:18.159993,7439.32,e_wallet,paid
PAY002832,O002832,2026-05-18 18:33:59.159993,11219.49,bank_transfer,paid
PAY002833,O002833,2026-06-18 07:32:52.159993,5454.42,bank_transfer,paid
PAY002834,O002834,2026-06-20 14:41:10.159993,22349.88,credit_card,paid
PAY002835,O002835,2026-06-12 23:16:15.159993,12990.24,credit_card,paid
PAY002836,O002836,2026-06-10 13:18:32.159993,33565.65,e_wallet,paid
PAY002837,O002837,2026-05-20 17:54:06.159993,1645.36,bank_transfer,paid
PAY002838,O002838,2026-04-06 19:38:26.159993,11628.06,cod,paid
PAY002839,O002839,2026-06-21 12:50:41.159993,2423.93,credit_card,paid
PAY002840,O002840,2026-06-20 01:25:00.159993,12279.74,bank_transfer,paid
PAY002841,O002841,2026-05-03 18:37:56.159993,10273.29,bank_transfer,paid
PAY002842,O002842,2026-03-27 05:31:37.159993,20617.05,cod,paid
PAY002843,O002843,2026-05-16 12:22:59.159993,0.0,bank_transfer,paid
PAY002844,O002844,2026-06-12 09:21:14.159993,31191.45,credit_card,paid
PAY002845,O002845,2026-05-08 13:03:45.159993,12378.03,credit_card,paid
PAY002846,O002846,2026-06-18 15:40:17.159993,14826.54,bank_transfer,paid
PAY002847,O002847,2026-06-17 00:52:13.159993,21644.03,bank_transfer,paid
PAY002848,O002848,2026-06-20 21:26:32.159993,11812.85,bank_transfer,paid
PAY002849,O002849,2026-06-21 06:44:18.159993,15964.18,credit_card,paid
PAY002850,O002850,2026-06-13 06:11:25.159993,18178.8,bank_transfer,paid
PAY002851,O002851,2026-06-11 04:01:35.159993,2636.91,cod,paid
PAY002852,O002852,2026-06-14 16:23:45.159993,13387.79,e_wallet,paid
PAY002853,O002853,2026-06-17 09:30:11.159993,9213.94,bank_transfer,paid
PAY002854,O002854,2026-05-01 01:25:26.159993,508.84,credit_card,failed
PAY002855,O002855,2026-04-17 17:38:46.159993,35980.39,e_wallet,paid
PAY002856,O002856,2026-05-03 05:32:34.159993,1684.17,credit_card,paid
PAY002857,O002857,2026-06-15 18:26:15.159993,3669.51,credit_card,paid
PAY002858,O002858,2026-05-02 06:34:35.159993,13189.87,e_wallet,paid
PAY002859,O002859,2026-05-06 06:27:10.159993,3386.27,cod,paid
PAY002860,O002860,2026-06-16 11:59:20.159993,6699.98,credit_card,paid
PAY002861,O002861,2026-05-19 20:23:49.159993,15463.93,e_wallet,paid
PAY002862,O002862,2026-06-18 12:42:42.159993,9455.52,cod,paid
PAY002863,O002863,2026-05-17 05:48:49.159993,28052.91,bank_transfer,paid
PAY002864,O002864,2026-06-21 03:54:46.159993,14609.54,credit_card,failed
PAY002865,O002865,2026-06-19 12:37:03.159993,0.0,e_wallet,failed
PAY002866,O002866,2026-05-22 06:07:09.159993,28291.46,cod,paid
PAY002867,O002867,2026-06-11 12:17:37.159993,15278.04,e_wallet,paid
PAY002868,O002868,2026-06-21 09:03:36.159993,14080.41,credit_card,paid
PAY002869,O002869,2026-06-19 05:14:38.159993,211.27,credit_card,paid
PAY002870,O002870,2026-04-22 01:46:53.159993,14406.8,bank_transfer,paid
PAY002871,O002871,2026-05-15 21:23:12.159993,14883.07,credit_card,paid
PAY002872,O002872,2026-06-18 21:28:38.159993,7184.17,credit_card,paid
PAY002873,O002873,2026-05-17 02:24:42.159993,2982.65,credit_card,paid
PAY002874,O002874,2026-06-20 06:32:26.159993,9947.3,credit_card,paid
PAY002875,O002875,2026-06-12 03:01:03.159993,5713.6,credit_card,paid
PAY002876,O002876,2026-06-21 09:16:39.159993,772.47,cod,paid
PAY002877,O002877,2026-06-20 11:27:31.159993,8497.09,e_wallet,paid
PAY002878,O002878,2026-06-09 12:31:56.159993,1952.71,bank_transfer,paid
PAY002879,O002879,2026-06-17 19:25:35.159993,8315.3,credit_card,paid
PAY002880,O002880,2026-05-24 06:59:37.159993,2039.28,cod,paid
PAY002881,O002881,2026-04-14 18:30:14.159993,32775.3,credit_card,paid
PAY002882,O002882,2026-06-05 08:39:41.159993,5373.07,credit_card,paid
PAY002883,O002883,2026-06-18 00:01:15.159993,0.0,e_wallet,paid
PAY002884,O002884,2026-04-26 23:56:52.159993,33266.08,credit_card,failed
PAY002885,O002885,2026-06-14 01:58:56.159993,6628.5,credit_card,paid
PAY002886,O002886,2026-06-13 20:31:57.159993,1094.54,credit_card,paid
PAY002887,O002887,2026-06-02 13:03:20.159993,2680.02,bank_transfer,paid
PAY002888,O002888,2026-06-09 11:16:44.159993,1416.7,credit_card,paid
PAY002889,O002889,2026-02-12 11:46:44.159993,24246.04,e_wallet,paid
PAY002890,O002890,2026-06-05 13:41:30.159993,662.35,credit_card,paid
PAY002891,O002891,2026-06-18 00:17:26.159993,18245.89,bank_transfer,paid
PAY002892,O002892,2026-05-04 20:43:32.159993,18728.17,credit_card,failed
PAY002893,O002893,2026-06-18 16:35:51.159993,4155.02,e_wallet,paid
PAY002894,O002894,2026-05-16 00:22:10.159993,10380.82,credit_card,paid
PAY002895,O002895,2026-05-28 14:45:11.159993,12091.05,bank_transfer,failed
PAY002896,O002896,2026-05-04 06:30:12.159993,2194.93,credit_card,paid
PAY002897,O002897,2026-06-06 21:44:57.159993,5164.83,credit_card,paid
PAY002898,O002898,2026-06-16 16:09:30.159993,0.0,e_wallet,paid
PAY002899,O002899,2026-06-03 03:39:53.159993,0.0,bank_transfer,paid
PAY002900,O002900,2026-05-21 21:10:35.159993,6801.87,e_wallet,paid
PAY002901,O002901,2026-06-08 03:09:26.159993,13291.44,credit_card,failed
PAY002902,O002902,2026-04-26 14:47:59.159993,19994.74,credit_card,paid
PAY002903,O002903,2026-06-19 22:09:43.159993,1499.53,bank_transfer,paid
PAY002904,O002904,2026-06-12 06:59:52.159993,159.86,e_wallet,paid
PAY002905,O002905,2026-06-12 08:13:15.159993,16568.1,e_wallet,failed
PAY002906,O002906,2026-06-13 06:45:29.159993,4603.68,bank_transfer,paid
PAY002907,O002907,2026-05-27 12:20:35.159993,38272.73,credit_card,paid
PAY002908,O002908,2026-06-20 14:54:36.159993,884.58,bank_transfer,paid
PAY002909,O002909,2026-06-17 21:51:25.159993,9196.66,bank_transfer,paid
PAY002910,O002910,2026-06-08 19:59:55.159993,9293.39,e_wallet,paid
PAY002911,O002911,2026-04-30 17:39:55.159993,4269.92,bank_transfer,paid
PAY002912,O002912,2026-05-14 00:44:59.159993,23817.73,e_wallet,paid
PAY002913,O002913,2026-06-14 08:57:41.159993,3680.34,cod,paid
PAY002914,O002914,2026-04-11 02:38:00.159993,18394.08,bank_transfer,paid
PAY002915,O002915,2026-01-28 22:06:15.159993,7435.69,bank_transfer,refunded
PAY002916,O002916,2026-06-09 15:03:29.159993,0.0,bank_transfer,paid
PAY002917,O002917,2026-05-18 20:31:02.159993,0.0,bank_transfer,paid
PAY002918,O002918,2026-05-13 14:13:55.159993,1515.73,bank_transfer,paid
PAY002919,O002919,2026-06-12 07:49:13.159993,3939.28,credit_card,paid
PAY002920,O002920,2026-04-10 15:01:10.159993,6399.68,credit_card,paid
PAY002921,O002921,2026-03-14 16:09:09.159993,2480.75,cod,paid
PAY002922,O002922,2026-05-31 08:13:16.159993,0.0,e_wallet,paid
PAY002923,O002923,2026-06-20 06:40:01.159993,3331.83,credit_card,paid
PAY002924,O002924,2026-04-30 18:19:05.159993,0.0,credit_card,paid
PAY002925,O002925,2026-04-11 01:34:15.159993,13468.62,credit_card,paid
PAY002926,O002926,2026-06-13 00:03:21.159993,5961.61,e_wallet,paid
PAY002927,O002927,2026-05-20 06:21:22.159993,4551.9,credit_card,paid
PAY002928,O002928,2026-06-17 20:47:20.159993,19020.56,e_wallet,paid
PAY002929,O002929,2026-04-21 00:55:06.159993,4594.94,credit_card,paid
PAY002930,O002930,2026-06-06 05:40:10.159993,17283.39,bank_transfer,paid
PAY002931,O002931,2026-06-19 04:01:22.159993,0.0,cod,paid
PAY002932,O002932,2026-05-17 08:06:40.159993,14576.0,credit_card,paid
PAY002933,O002933,2026-06-21 14:38:54.159993,12585.4,bank_transfer,refunded
PAY002934,O002934,2026-05-18 13:11:11.159993,14230.17,e_wallet,refunded
PAY002935,O002935,2026-05-16 10:03:03.159993,0.0,credit_card,paid
PAY002936,O002936,2026-06-01 12:32:43.159993,20023.67,credit_card,paid
PAY002937,O002937,2026-06-17 00:28:53.159993,0.0,cod,paid
PAY002938,O002938,2026-03-20 15:22:01.159993,0.0,e_wallet,paid
PAY002939,O002939,2026-05-24 00:01:53.159993,2052.56,credit_card,paid
PAY002940,O002940,2026-05-28 19:41:40.159993,5817.58,bank_transfer,paid
PAY002941,O002941,2026-06-17 13:11:22.159993,2037.43,bank_transfer,paid
PAY002942,O002942,2026-05-20 03:05:39.159993,12664.92,cod,paid
PAY002943,O002943,2026-05-29 20:05:40.159993,20581.23,e_wallet,paid
PAY002944,O002944,2026-05-14 10:01:23.159993,1139.37,credit_card,paid
PAY002945,O002945,2026-06-09 02:49:59.159993,14620.64,bank_transfer,paid
PAY002946,O002946,2026-04-18 00:13:30.159993,3873.12,bank_transfer,paid
PAY002947,O002947,2026-05-18 19:55:52.159993,8441.2,bank_transfer,paid
PAY002948,O002948,2026-06-09 20:25:10.159993,0.0,bank_transfer,paid
PAY002949,O002949,2026-04-19 16:34:13.159993,15568.64,credit_card,paid
PAY002950,O002950,2026-05-12 06:49:29.159993,13671.42,bank_transfer,paid
PAY002951,O002951,2026-06-14 19:36:45.159993,11836.45,cod,paid
PAY002952,O002952,2026-06-19 06:48:34.159993,683.88,bank_transfer,failed
PAY002953,O002953,2026-06-20 23:20:01.159993,1386.59,e_wallet,paid
PAY002954,O002954,2026-06-21 06:57:51.159993,6809.73,credit_card,paid
PAY002955,O002955,2026-06-15 09:48:03.159993,0.0,credit_card,paid
PAY002956,O002956,2026-06-14 18:17:04.159993,5779.02,credit_card,paid
PAY002957,O002957,2026-06-15 19:25:19.159993,22987.31,credit_card,paid
PAY002958,O002958,2026-04-24 17:57:53.159993,44.5,credit_card,paid
PAY002959,O002959,2026-06-12 21:45:12.159993,15813.13,credit_card,paid
PAY002960,O002960,2026-06-02 15:15:04.159993,0.0,e_wallet,paid
PAY002961,O002961,2026-06-15 01:13:26.159993,3298.99,e_wallet,paid
PAY002962,O002962,2026-06-17 14:07:13.159993,20293.52,e_wallet,paid
PAY002963,O002963,2026-06-03 07:06:43.159993,10279.05,e_wallet,paid
PAY002964,O002964,2026-06-16 14:07:30.159993,28951.98,credit_card,paid
PAY002965,O002965,2026-06-20 21:13:36.159993,923.36,credit_card,paid
PAY002966,O002966,2026-06-19 12:06:22.159993,0.0,e_wallet,paid
PAY002967,O002967,2026-05-01 19:21:38.159993,9149.07,e_wallet,paid
PAY002968,O002968,2026-05-28 16:18:08.159993,1454.86,credit_card,paid
PAY002969,O002969,2026-05-14 11:11:23.159993,895.72,credit_card,paid
PAY002970,O002970,2026-06-13 16:25:50.159993,4289.86,credit_card,paid
PAY002971,O002971,2026-06-09 18:31:57.159993,2060.34,e_wallet,paid
PAY002972,O002972,2026-06-19 20:56:52.159993,607.52,cod,paid
PAY002973,O002973,2026-06-17 18:45:26.159993,7769.73,e_wallet,failed
PAY002974,O002974,2026-06-06 00:38:04.159993,11897.37,credit_card,paid
PAY002975,O002975,2026-05-08 02:49:53.159993,33203.0,bank_transfer,paid
PAY002976,O002976,2026-06-21 12:09:32.159993,0.0,credit_card,failed
PAY002977,O002977,2026-06-07 06:06:58.159993,7948.84,bank_transfer,paid
PAY002978,O002978,2026-03-07 00:01:56.159993,13129.04,credit_card,failed
PAY002979,O002979,2026-05-27 00:34:52.159993,21283.97,e_wallet,paid
PAY002980,O002980,2026-06-21 09:59:07.159993,17444.07,e_wallet,paid
PAY002981,O002981,2026-06-02 21:58:09.159993,25779.31,credit_card,paid
PAY002982,O002982,2026-05-31 00:35:40.159993,0.0,bank_transfer,paid
PAY002983,O002983,2026-06-21 05:16:21.159993,5756.56,e_wallet,paid
PAY002984,O002984,2026-04-25 07:21:22.159993,25734.61,e_wallet,paid
PAY002985,O002985,2026-06-19 05:56:11.159993,10464.5,credit_card,paid
PAY002986,O002986,2026-06-21 00:15:33.159993,17245.18,credit_card,paid
PAY002987,O002987,2026-05-14 15:29:24.159993,18742.35,credit_card,paid
PAY002988,O002988,2026-05-22 04:46:19.159993,23724.43,e_wallet,paid
PAY002989,O002989,2026-05-23 07:35:34.159993,6815.3,e_wallet,paid
PAY002990,O002990,2026-06-11 23:08:22.159993,23023.55,bank_transfer,paid
PAY002991,O002991,2026-06-21 03:46:43.159993,0.0,e_wallet,paid
PAY002992,O002992,2026-06-14 02:00:28.159993,24610.63,e_wallet,paid
PAY002993,O002993,2026-05-24 03:28:42.159993,917.98,bank_transfer,failed
PAY002994,O002994,2026-06-19 04:58:39.159993,25806.24,credit_card,paid
PAY002995,O002995,2026-04-25 12:41:36.159993,3850.84,credit_card,paid
PAY002996,O002996,2026-06-12 05:28:45.159993,762.54,bank_transfer,paid
PAY002997,O002997,2026-06-10 11:52:49.159993,17981.81,credit_card,paid
PAY002998,O002998,2026-06-13 04:57:22.159993,16767.84,credit_card,paid
PAY002999,O002999,2026-06-10 13:39:12.159993,28508.48,bank_transfer,paid
PAY003000,O003000,2026-06-20 13:05:14.159993,6868.29,cod,paid
